dataset,subset,model,mean_acc,std_acc,mean_gps,std_gps,mean_acc_class_0,std_acc_class_0,mean_acc_class_1,std_acc_class_1
ArtificialDataset11,all,LogReg,0.8003333333333333,0.019232495649002205,0.7857987776915728,0.020038969242444256,0.71,0.02976761849915291,0.8605555555555556,0.030575750901815597
ArtificialDataset11,all,SVM-linear,0.8059999999999998,0.01420485050177502,0.7888757345135278,0.016849201587226446,0.6908333333333333,0.039343572113709584,0.8827777777777778,0.022284634577923994
ArtificialDataset11,all,SVM-rbf,0.9663333333333333,0.00874960316560447,0.9646808165123467,0.009320084314028382,0.9458333333333332,0.02561737691489898,0.9799999999999999,0.010304020550550786
ArtificialDataset11,all,RandomForest,0.9306666666666666,0.011527744310527057,0.9267125953653983,0.012542041767165328,0.8866666666666667,0.03188521078284834,0.96,0.012619796324000588
ArtificialDataset11,all,KNN,0.9186666666666667,0.010666666666666678,0.9140649844346989,0.011228393080676052,0.8716666666666667,0.020480342879074187,0.95,0.01531560972454468
ArtificialDataset11,all,NaiveBayes,0.72,0.01903213656482693,0.7197204840777641,0.019177028207864988,0.9083333333333334,0.020749832663314545,0.5944444444444443,0.034783279649996716
ArtificialDataset11,all,DecisionTree,0.8156666666666667,0.02065860057646157,0.8053648849279049,0.02264545998196567,0.7633333333333334,0.0428498671072748,0.8505555555555555,0.024017740356908093
ArtificialDataset11,all,XGBoost,0.958,0.008055363982396391,0.9559503619202967,0.008558416438397854,0.9358333333333333,0.02445233458520202,0.9727777777777777,0.013252067157640629
ArtificialDataset11,informative,LogReg,0.804,0.01860704764927049,0.7894818010140978,0.020500216473118414,0.7133333333333333,0.039475730941090026,0.8644444444444446,0.02856657807151654
ArtificialDataset11,informative,SVM-linear,0.8113333333333334,0.016206994374857623,0.7941801975243464,0.018918310813131948,0.6916666666666667,0.037267799624996496,0.8911111111111112,0.022110831935702676
ArtificialDataset11,informative,SVM-rbf,0.9856666666666666,0.006333333333333314,0.9850458618084093,0.006599467871199025,0.9799999999999999,0.012472191289246466,0.9894444444444446,0.008031573497111647
ArtificialDataset11,informative,RandomForest,0.9346666666666665,0.013349989596333853,0.9311650867029708,0.014195038460598382,0.8983333333333334,0.03045944480416178,0.9588888888888887,0.01632993161855451
ArtificialDataset11,informative,KNN,0.9653333333333334,0.006863753427324662,0.963798501376302,0.007100832067529497,0.9533333333333334,0.013540064007726602,0.9733333333333333,0.012862041003100254
ArtificialDataset11,informative,NaiveBayes,0.7983333333333332,0.02135675797285512,0.788385144943043,0.021487903651069284,0.7558333333333332,0.024166666666666677,0.8266666666666665,0.03111111111111111
ArtificialDataset11,informative,DecisionTree,0.8216666666666667,0.02526525941551627,0.8120331440291112,0.02728935657098956,0.7725,0.03855911767086426,0.8544444444444445,0.02219442706159797
ArtificialDataset11,informative,XGBoost,0.9593333333333334,0.008919392106839775,0.957482590077093,0.00929925546033586,0.9441666666666666,0.018652524404666155,0.9694444444444443,0.013888888888888874
ArtificialDataset11,informative+redundant,LogReg,0.804,0.019765289440498133,0.789639688099187,0.021432879163016432,0.7141666666666666,0.03633371559431939,0.8638888888888889,0.02889423027543521
ArtificialDataset11,informative+redundant,SVM-linear,0.8096666666666668,0.016360521589077373,0.7922876728112149,0.01904848410387145,0.6891666666666667,0.03633371559431939,0.8899999999999999,0.022607766610417565
ArtificialDataset11,informative+redundant,SVM-rbf,0.984,0.006798692684790355,0.9833093460864987,0.007088480358063467,0.9783333333333335,0.013017082793177757,0.9877777777777776,0.008888888888888901
ArtificialDataset11,informative+redundant,RandomForest,0.9413333333333334,0.012666666666666668,0.9382133432629564,0.013393216960689423,0.9058333333333334,0.02556310275029662,0.9649999999999999,0.014917468424552834
ArtificialDataset11,informative+redundant,KNN,0.9596666666666666,0.010268614533832909,0.9578287985773034,0.01076765090659777,0.9450000000000001,0.020480342879074166,0.9694444444444443,0.01296957503325416
ArtificialDataset11,informative+redundant,NaiveBayes,0.787,0.019576062480034705,0.7787961235161872,0.01950500849269974,0.7708333333333333,0.02450906861642124,0.7977777777777777,0.030449310235654926
ArtificialDataset11,informative+redundant,DecisionTree,0.8313333333333333,0.023295206946208208,0.8214851949791349,0.024444703827063808,0.7716666666666667,0.02743679605525721,0.8711111111111112,0.025676044462869634
ArtificialDataset11,informative+redundant,XGBoost,0.9663333333333334,0.007951240294584362,0.9647674866027843,0.00840155987792472,0.9508333333333333,0.016853123680130557,0.9766666666666666,0.003333333333333322
ArtificialDataset11,informative+redundant_nonLinear,LogReg,0.8043333333333333,0.01926712802215791,0.7894652100690991,0.02178336030050447,0.7108333333333333,0.04362880037569476,0.8666666666666668,0.027329719724997415
ArtificialDataset11,informative+redundant_nonLinear,SVM-linear,0.8093333333333333,0.014514360704718144,0.7931172351238522,0.01652702719629593,0.6991666666666667,0.03602661053536215,0.8827777777777778,0.02452637783849347
ArtificialDataset11,informative+redundant_nonLinear,SVM-rbf,0.9806666666666665,0.006960204339273686,0.9798138013753377,0.00729513258906481,0.9724999999999999,0.01346291201783627,0.9861111111111113,0.007556372504853047
ArtificialDataset11,informative+redundant_nonLinear,RandomForest,0.9296666666666666,0.012423096769056152,0.9258566559044586,0.013200958252313889,0.8908333333333334,0.028734899415944443,0.9555555555555554,0.017743021580745907
ArtificialDataset11,informative+redundant_nonLinear,KNN,0.9493333333333333,0.011527744310527041,0.9472127863492259,0.012088639460491404,0.9450000000000001,0.028185890875479597,0.9522222222222222,0.01632993161855451
ArtificialDataset11,informative+redundant_nonLinear,NaiveBayes,0.6606666666666666,0.024801433650317686,0.6555392489313898,0.02814594230961527,0.9383333333333332,0.020138409955990928,0.47555555555555556,0.0464943910064615
ArtificialDataset11,informative+redundant_nonLinear,DecisionTree,0.8036666666666668,0.021262904578422753,0.7921585807766297,0.022807384250735155,0.7424999999999999,0.033839900840411594,0.8444444444444444,0.02629368792488719
ArtificialDataset11,informative+redundant_nonLinear,XGBoost,0.9560000000000001,0.010519822558706345,0.953864122838197,0.011265682320343246,0.9358333333333334,0.02814890959009088,0.9694444444444444,0.010318986456114825
ArtificialDataset11,informative+noise,LogReg,0.8003333333333333,0.01345362404707373,0.7855661328588692,0.013513236060121173,0.7083333333333334,0.030046260628866568,0.8616666666666667,0.029128281619818504
ArtificialDataset11,informative+noise,SVM-linear,0.8089999999999999,0.01713022021003947,0.7925721105891681,0.019509773952096326,0.6975,0.03873879766389819,0.8833333333333334,0.024720661623652208
ArtificialDataset11,informative+noise,SVM-rbf,0.9506666666666668,0.008406346808612311,0.9480965343849677,0.009037597576960104,0.9191666666666667,0.022376202636829257,0.9716666666666665,0.009765775461803844
ArtificialDataset11,informative+noise,RandomForest,0.9176666666666666,0.01770436229985266,0.9128626725102114,0.018783618661464847,0.8683333333333334,0.03472111109333278,0.9505555555555555,0.020853693754581615
ArtificialDataset11,informative+noise,KNN,0.8620000000000001,0.015648926125740672,0.8524799716284404,0.01783698676744834,0.7866666666666666,0.04169998667732269,0.9122222222222222,0.0175330375978439
ArtificialDataset11,informative+noise,NaiveBayes,0.7933333333333334,0.020923139768633615,0.7833402010109978,0.021582052790928404,0.7533333333333332,0.029154759474226483,0.82,0.02584378522136222
ArtificialDataset11,informative+noise,DecisionTree,0.7996666666666666,0.02647640458974745,0.7891106329350949,0.02840666486660449,0.7516666666666667,0.04146618434874911,0.8316666666666667,0.026299556396765837
ArtificialDataset11,informative+noise,XGBoost,0.9410000000000001,0.01699999999999999,0.9380983207686258,0.017922057967160957,0.9166666666666666,0.0316227766016838,0.9572222222222221,0.016489802310728687
ArtificialDataset11,informative+rand_extra,LogReg,0.8010000000000002,0.017259457954666164,0.7859598970634298,0.018616159243252474,0.7066666666666667,0.035118845842842444,0.8638888888888889,0.028246052930858145
ArtificialDataset11,informative+rand_extra,SVM-linear,0.8109999999999999,0.014761059883656334,0.7936935833383363,0.017007205918637205,0.6900000000000001,0.03551212625443752,0.8916666666666666,0.0233399461528889
ArtificialDataset11,informative+rand_extra,SVM-rbf,0.984,0.005925462944877042,0.983305938008075,0.006182300333855199,0.9775,0.011814539065631534,0.9883333333333333,0.008407081083567537
ArtificialDataset11,informative+rand_extra,RandomForest,0.9376666666666666,0.01135781669160053,0.934373561034402,0.011952934447988868,0.9016666666666666,0.020344259359556187,0.9616666666666666,0.0139332624488716
ArtificialDataset11,informative+rand_extra,KNN,0.9643333333333333,0.01075484386993444,0.9628024501625271,0.011184259643516242,0.9558333333333333,0.014457792977414547,0.97,0.014098419489388355
ArtificialDataset11,informative+rand_extra,NaiveBayes,0.7689999999999999,0.017130220210039456,0.7647283147869838,0.014874790326085754,0.8341666666666667,0.06835873511605278,0.7255555555555555,0.06479788138588148
ArtificialDataset11,informative+rand_extra,DecisionTree,0.8140000000000001,0.01678623774935222,0.8038512821397041,0.01840553443373506,0.7625,0.030561868034820413,0.8483333333333334,0.014283289035758283
ArtificialDataset11,informative+rand_extra,XGBoost,0.953,0.01168569876197205,0.9507528561335741,0.01232871755948401,0.9325000000000001,0.021874007914011156,0.9666666666666666,0.009622504486493755
ArtificialDataset11,mutual_info_top20,LogReg,0.7813333333333332,0.013515423288475515,0.764493339841939,0.014488225490311073,0.6833333333333333,0.03476108935769034,0.8466666666666667,0.027125679146074902
ArtificialDataset11,mutual_info_top20,SVM-linear,0.7843333333333333,0.015132745950421562,0.7684699428082331,0.01630182065480415,0.6925,0.033218552379991245,0.8455555555555556,0.025067809272618848
ArtificialDataset11,mutual_info_top20,SVM-rbf,0.9223333333333334,0.01646882576938082,0.9180677730957564,0.0180000127325382,0.8866666666666667,0.048904669170404036,0.946111111111111,0.0184340666922634
ArtificialDataset11,mutual_info_top20,RandomForest,0.8736666666666666,0.013617798810543664,0.866875356454921,0.014998100262530366,0.8316666666666667,0.03905124837953328,0.9016666666666667,0.01740051084818426
ArtificialDataset11,mutual_info_top20,KNN,0.8766666666666667,0.018257418583505547,0.8687064786347793,0.020490621266489963,0.8141666666666667,0.05310497988784939,0.9183333333333333,0.023047187236323947
ArtificialDataset11,mutual_info_top20,NaiveBayes,0.7103333333333334,0.02208317610006917,0.7092451147706823,0.022748018891532797,0.925,0.03395258131243893,0.5672222222222222,0.049093636911367484
ArtificialDataset11,mutual_info_top20,DecisionTree,0.7836666666666666,0.02084066537645411,0.7710446931505379,0.022094291323865242,0.7208333333333334,0.03101299010988066,0.8255555555555555,0.025482988758177137
ArtificialDataset11,mutual_info_top20,XGBoost,0.8946666666666665,0.017333333333333326,0.8886959706956992,0.01973519994431485,0.8525,0.05191472709057507,0.9227777777777778,0.016187558093703838
ArtificialDataset11,f_classif_top20,LogReg,0.7763333333333333,0.021779194965226182,0.7593819845745514,0.02371887435072385,0.6791666666666666,0.03189609868167439,0.8411111111111111,0.025603819159562044
ArtificialDataset11,f_classif_top20,SVM-linear,0.7793333333333333,0.01481740718059524,0.759859277106121,0.016763149820980833,0.6616666666666666,0.03274480450731415,0.8577777777777778,0.021688023662159044
ArtificialDataset11,f_classif_top20,SVM-rbf,0.9503333333333334,0.010049875621120904,0.9476997900275943,0.010610829757948756,0.9166666666666667,0.029580398915498074,0.9727777777777776,0.018994801108087513
ArtificialDataset11,f_classif_top20,RandomForest,0.882,0.02625515822335362,0.8749297084117268,0.028343349486838157,0.8266666666666668,0.04310839052125854,0.918888888888889,0.02560381915956202
ArtificialDataset11,f_classif_top20,KNN,0.9029999999999999,0.020626304672539984,0.8975141557616556,0.022185776092799255,0.8574999999999999,0.040901303972693426,0.9333333333333333,0.02290614236454255
ArtificialDataset11,f_classif_top20,NaiveBayes,0.748,0.017461067804945052,0.739820140447083,0.01725713719058929,0.7441666666666666,0.023288647687470212,0.7505555555555555,0.02657971936423484
ArtificialDataset11,f_classif_top20,DecisionTree,0.8023333333333333,0.01932471072084767,0.7911413825352985,0.020768880830950957,0.745,0.031224989991991987,0.8405555555555555,0.018434066692263416
ArtificialDataset11,f_classif_top20,XGBoost,0.9143333333333332,0.012023125864580965,0.909685169232066,0.012747146275715956,0.8733333333333333,0.02833333333333333,0.9416666666666667,0.01944444444444443
ArtificialDataset11,rf_top20,LogReg,0.7933333333333333,0.015705625319186334,0.7770915377484867,0.017588563659912824,0.6933333333333335,0.036094013046179534,0.8600000000000001,0.02341256389522831
ArtificialDataset11,rf_top20,SVM-linear,0.7976666666666667,0.013988090172238187,0.7797208581881813,0.015505160657531174,0.6799999999999999,0.031224989991991997,0.8761111111111111,0.022505143445032322
ArtificialDataset11,rf_top20,SVM-rbf,0.9526666666666668,0.012631530214330935,0.9500499054120531,0.01360361534579623,0.9158333333333333,0.028492201662131258,0.9772222222222222,0.005241100628920341
ArtificialDataset11,rf_top20,RandomForest,0.9063333333333332,0.01760366123534784,0.9005094981539749,0.019408661338811202,0.8508333333333333,0.0452539132746182,0.9433333333333331,0.014010578014353889
ArtificialDataset11,rf_top20,KNN,0.9189999999999999,0.012297244497131158,0.9139296203580761,0.01407433933662189,0.8641666666666667,0.0431486448866654,0.9555555555555555,0.01360827634879543
ArtificialDataset11,rf_top20,NaiveBayes,0.8026666666666668,0.016852299546352718,0.7863860758738452,0.0197460201160944,0.7008333333333334,0.05886071128803435,0.8705555555555555,0.03575033454043592
ArtificialDataset11,rf_top20,DecisionTree,0.807,0.028025781781146526,0.7951420459495437,0.030649773400478836,0.7416666666666666,0.04564354645876384,0.8505555555555555,0.028048679025254097
ArtificialDataset11,rf_top20,XGBoost,0.9309999999999998,0.012476644848141927,0.9273695894030316,0.013317209334188103,0.8958333333333334,0.026938716458741022,0.9544444444444442,0.01625415426480867
ArtificialDataset11,relief_top20,LogReg,0.784,0.01489220526912578,0.7668063239056859,0.016859763211800282,0.6808333333333334,0.029356524923014233,0.8527777777777776,0.017612074982385952
ArtificialDataset11,relief_top20,SVM-linear,0.788,0.01375984496036687,0.7698564501433397,0.016870183919638845,0.6758333333333334,0.03544361719689457,0.8627777777777779,0.014065543223524617
ArtificialDataset11,relief_top20,SVM-rbf,0.9483333333333333,0.010671873729054733,0.9453771212637168,0.011804776659384298,0.9075000000000001,0.0344500443476573,0.9755555555555556,0.01247219128924648
ArtificialDataset11,relief_top20,RandomForest,0.9003333333333334,0.017792008193443343,0.8946081149314817,0.019431582142786917,0.8525,0.036713984619851155,0.9322222222222223,0.013099806802835097
ArtificialDataset11,relief_top20,KNN,0.9086666666666666,0.01808621328833406,0.902282698918585,0.02013377038876065,0.8358333333333334,0.040147298234819696,0.9572222222222221,0.01572330188676101
ArtificialDataset11,relief_top20,NaiveBayes,0.756,0.023607908279501016,0.7445044130931657,0.024129201430105184,0.7158333333333333,0.03363406011768427,0.7827777777777777,0.0327212318280605
ArtificialDataset11,relief_top20,DecisionTree,0.8123333333333334,0.032181775380899454,0.8009736679216207,0.03553894715628948,0.7508333333333334,0.054447987413065425,0.8533333333333333,0.02211083193570265
ArtificialDataset11,relief_top20,XGBoost,0.9259999999999998,0.014892205269125785,0.922334273840492,0.01612113156011254,0.9,0.03395258131243895,0.9433333333333331,0.013562839573037428
ArtificialDataset11,xgb_top20,LogReg,0.7913333333333333,0.013759844960366875,0.7764782438873691,0.013586318894474576,0.7033333333333334,0.025055493963954855,0.85,0.027329719724997422
ArtificialDataset11,xgb_top20,SVM-linear,0.7903333333333333,0.013860415257527871,0.7740618338894191,0.014307172680056912,0.6908333333333333,0.027499999999999986,0.8566666666666667,0.02567604446286964
ArtificialDataset11,xgb_top20,SVM-rbf,0.9620000000000001,0.0054160256030906535,0.9602137638576776,0.0056632961270143365,0.9433333333333334,0.017795130420052183,0.9744444444444443,0.012472191289246475
ArtificialDataset11,xgb_top20,RandomForest,0.9066666666666666,0.017191729277636823,0.9014767144423089,0.018325920942459793,0.8616666666666667,0.029860788111948217,0.9366666666666668,0.02066786137526476
ArtificialDataset11,xgb_top20,KNN,0.9209999999999999,0.016736520280844255,0.9160444300396013,0.018436761531582708,0.8641666666666667,0.0374629446549817,0.9588888888888887,0.016329931618554505
ArtificialDataset11,xgb_top20,NaiveBayes,0.7643333333333334,0.018015425489162223,0.762660843312633,0.01620608857214343,0.8758333333333332,0.03881043674065005,0.6900000000000001,0.04980207740225548
ArtificialDataset11,xgb_top20,DecisionTree,0.8216666666666667,0.012931443160847215,0.8118524906655562,0.013803630453410848,0.7708333333333333,0.035794552658190905,0.8555555555555555,0.026874192494328496
ArtificialDataset11,xgb_top20,XGBoost,0.9339999999999999,0.008666666666666652,0.9307859752230291,0.009206042257686965,0.9083333333333334,0.020749832663314545,0.9511111111111111,0.01133115447465063
ArtificialDataset11,mutual_info_corr_top20,LogReg,0.8053333333333332,0.02066666666666668,0.7903648999540993,0.02328071951583865,0.71,0.04229525846816508,0.8688888888888888,0.02511701012323849
ArtificialDataset11,mutual_info_corr_top20,SVM-linear,0.8113333333333334,0.016275407487644944,0.7940084354598445,0.019392473980403935,0.6908333333333334,0.04123947677219539,0.8916666666666666,0.020069324297987173
ArtificialDataset11,mutual_info_corr_top20,SVM-rbf,0.9623333333333333,0.009666666666666665,0.9603713356354376,0.010303697419556295,0.9324999999999999,0.020899893673307416,0.9822222222222223,0.007370277311900902
ArtificialDataset11,mutual_info_corr_top20,RandomForest,0.9076666666666668,0.016868774571840002,0.9025174729501652,0.018022416066755205,0.8633333333333333,0.03337497399083465,0.9372222222222222,0.018600743380870206
ArtificialDataset11,mutual_info_corr_top20,KNN,0.921,0.010857664983268215,0.9162930907515111,0.012239571330086463,0.8716666666666667,0.03929942040850531,0.9538888888888888,0.0161111111111111
ArtificialDataset11,mutual_info_corr_top20,NaiveBayes,0.7713333333333333,0.02039607805437113,0.7687319441937437,0.01948890401342359,0.8533333333333333,0.03077697552103232,0.7166666666666667,0.0426730319326034
ArtificialDataset11,mutual_info_corr_top20,DecisionTree,0.8096666666666668,0.017978382080215738,0.799736457321137,0.017787979530956594,0.7616666666666666,0.021147629234082553,0.8416666666666668,0.029943362173804146
ArtificialDataset11,mutual_info_corr_top20,XGBoost,0.9410000000000002,0.01229724449713114,0.9379815953894589,0.013138095236632084,0.9116666666666667,0.02891558595482911,0.9605555555555554,0.013017082793177754
ArtificialDataset11,f_classif_corr_top20,LogReg,0.79,0.01744833643773654,0.7748467098002392,0.017306598998163537,0.7,0.0268741924943285,0.85,0.031914236925211246
ArtificialDataset11,f_classif_corr_top20,SVM-linear,0.7936666666666667,0.013370780746754374,0.7768514931658251,0.013587979331784936,0.6875,0.027449448486667652,0.8644444444444443,0.02655067365633005
ArtificialDataset11,f_classif_corr_top20,SVM-rbf,0.97,0.006324555320336759,0.9685943321311106,0.006692541599168761,0.9541666666666666,0.02049728979374805,0.9805555555555557,0.010015420209622188
ArtificialDataset11,f_classif_corr_top20,RandomForest,0.9096666666666666,0.0175404294892305,0.9044609013531477,0.018936941156485424,0.8625,0.0378685592250059,0.941111111111111,0.016329931618554516
ArtificialDataset11,f_classif_corr_top20,KNN,0.9296666666666665,0.010999999999999998,0.9257631317037331,0.011733638988896426,0.8883333333333333,0.03295619988880865,0.9572222222222221,0.01972808989396079
ArtificialDataset11,f_classif_corr_top20,NaiveBayes,0.7776666666666666,0.01673652028084425,0.7691758466948294,0.017452707843169036,0.7625000000000001,0.03167762968124704,0.7877777777777777,0.02380476142847616
ArtificialDataset11,f_classif_corr_top20,DecisionTree,0.7986666666666667,0.021197484127446188,0.7881124134455793,0.022302173342403548,0.75,0.030046260628866586,0.8311111111111111,0.025239592648001213
ArtificialDataset11,f_classif_corr_top20,XGBoost,0.9353333333333333,0.012489995996796793,0.9320184788552408,0.013176295605964297,0.9033333333333333,0.02392116682401222,0.9566666666666667,0.015475986974649034
ArtificialDataset11,rf_corr_top20,LogReg,0.7946666666666666,0.012400716825158843,0.7782227463658746,0.01423403610146517,0.6916666666666667,0.03118047822311617,0.8633333333333333,0.018121673811444545
ArtificialDataset11,rf_corr_top20,SVM-linear,0.799,0.015132745950421552,0.7801327563443461,0.017514877858484778,0.6733333333333333,0.033291640592396955,0.8827777777777778,0.019633996718969194
ArtificialDataset11,rf_corr_top20,SVM-rbf,0.958,0.009092121131323917,0.955839975351048,0.009747411829329814,0.93,0.023629078131263036,0.9766666666666666,0.00598351645237165
ArtificialDataset11,rf_corr_top20,RandomForest,0.913,0.01940503943710382,0.9078437915434436,0.021006265594193885,0.8633333333333333,0.041028445416970566,0.946111111111111,0.016111111111111114
ArtificialDataset11,rf_corr_top20,KNN,0.9346666666666668,0.01257864150940879,0.9313423870250007,0.013507944614215613,0.905,0.027436796055257222,0.9544444444444444,0.010772621905369633
ArtificialDataset11,rf_corr_top20,NaiveBayes,0.7966666666666666,0.018439088914585768,0.7827386905636402,0.019439983672412727,0.7191666666666666,0.05452445934318529,0.8483333333333333,0.0419472037355837
ArtificialDataset11,rf_corr_top20,DecisionTree,0.8083333333333333,0.03327494886881454,0.7985159372917957,0.035342553230634954,0.7641666666666668,0.04534589286804264,0.8377777777777778,0.0314073200557835
ArtificialDataset11,rf_corr_top20,XGBoost,0.9356666666666665,0.014067298564006115,0.9323645800802212,0.014974309406588013,0.905,0.02915475947422651,0.956111111111111,0.014792807728549264
ArtificialDataset11,relief_corr_top20,LogReg,0.7933333333333333,0.014452988925785878,0.7755373962288206,0.018279714963035272,0.6816666666666666,0.041298372311212896,0.8677777777777779,0.01567415108851766
ArtificialDataset11,relief_corr_top20,SVM-linear,0.8,0.016124515496597082,0.7796215979851738,0.02022085694660496,0.6641666666666667,0.04595438559654077,0.8905555555555555,0.023966282900136655
ArtificialDataset11,relief_corr_top20,SVM-rbf,0.9640000000000001,0.00866666666666666,0.9621277394810985,0.009209671268138063,0.9349999999999999,0.023804761428476155,0.9833333333333334,0.009622504486493766
ArtificialDataset11,relief_corr_top20,RandomForest,0.9196666666666667,0.016360521589077373,0.9148372502956084,0.017643652740425,0.8675,0.03504956807468849,0.9544444444444444,0.015475986974649018
ArtificialDataset11,relief_corr_top20,KNN,0.932,0.015930404193798018,0.9281350829272343,0.01712731504525342,0.8891666666666668,0.034369317712168806,0.9605555555555554,0.011772011166898381
ArtificialDataset11,relief_corr_top20,NaiveBayes,0.78,0.01422048600513437,0.7688075505106545,0.015516841056265482,0.7341666666666666,0.03300883720056394,0.8105555555555556,0.019790570145063177
ArtificialDataset11,relief_corr_top20,DecisionTree,0.8156666666666667,0.029175712882845255,0.806390642826089,0.0307117328022672,0.7733333333333334,0.036855573979159964,0.843888888888889,0.028048679025254077
ArtificialDataset11,relief_corr_top20,XGBoost,0.9386666666666665,0.011850925889754112,0.9354522512000061,0.01255062691509998,0.9041666666666666,0.021489661597046048,0.9616666666666666,0.013252067157640627
ArtificialDataset11,xgb_corr_top20,LogReg,0.8003333333333333,0.014640127503998504,0.7852815836570652,0.016903160840943638,0.7075,0.040388736053508775,0.8622222222222222,0.024570382652773334
ArtificialDataset11,xgb_corr_top20,SVM-linear,0.8083333333333333,0.01634693311365229,0.7907301175991236,0.019477025154874827,0.6875,0.040008679613859344,0.8888888888888887,0.021081851067789207
ArtificialDataset11,xgb_corr_top20,SVM-rbf,0.9686666666666666,0.009568466729604883,0.9671721987210431,0.010125344746221558,0.9508333333333333,0.022500000000000003,0.9805555555555557,0.011453071182271282
ArtificialDataset11,xgb_corr_top20,RandomForest,0.9253333333333333,0.01687865186822954,0.9208871360417566,0.018549564972768363,0.8775000000000001,0.04083333333333333,0.9572222222222221,0.011399046960379553
ArtificialDataset11,xgb_corr_top20,KNN,0.943,0.011967548714010833,0.9399713356868388,0.012585660083075035,0.9066666666666668,0.020344259359556166,0.9672222222222221,0.015204369092671106
ArtificialDataset11,xgb_corr_top20,NaiveBayes,0.7713333333333333,0.026923760675078227,0.7693482274467062,0.024843240844173595,0.8733333333333334,0.0406201920231798,0.7033333333333334,0.06237085422527194
ArtificialDataset11,xgb_corr_top20,DecisionTree,0.8236666666666667,0.022183577509299807,0.8146098117791165,0.021902805599079506,0.7783333333333334,0.021794494717703367,0.8538888888888889,0.03566389743489784
ArtificialDataset11,xgb_corr_top20,XGBoost,0.954,0.010832051206181288,0.9517505358800538,0.011380882638320688,0.9308333333333334,0.025833333333333333,0.9694444444444444,0.015365907428821492
ArtificialDataset11,guided_Hostility_top20,LogReg,0.796,0.014666666666666644,0.7794015489679922,0.016156291588465658,0.6908333333333333,0.031939613161227995,0.8661111111111112,0.024651897480370888
ArtificialDataset11,guided_Hostility_top20,SVM-linear,0.8003333333333333,0.013535960336164657,0.7800478749617271,0.017476275192529547,0.6641666666666667,0.04049176871085449,0.891111111111111,0.018954135676924423
ArtificialDataset11,guided_Hostility_top20,SVM-rbf,0.9673333333333332,0.00916515138991166,0.9658375739200624,0.009619204524196298,0.9533333333333334,0.01715938356831165,0.9766666666666666,0.008534606386520661
ArtificialDataset11,guided_Hostility_top20,RandomForest,0.9179999999999999,0.012310790208412909,0.9134877688559768,0.012993916556331548,0.875,0.025000000000000022,0.9466666666666667,0.01812167381144455
ArtificialDataset11,guided_Hostility_top20,KNN,0.9296666666666666,0.015666666666666655,0.926653893785813,0.01636381564088417,0.9191666666666667,0.02863806712906597,0.9366666666666665,0.01990719207463212
ArtificialDataset11,guided_Hostility_top20,NaiveBayes,0.7923333333333333,0.02027861489900684,0.7841938655471921,0.02012245716641938,0.7758333333333333,0.031280540631872446,0.8033333333333333,0.03417456999828822
ArtificialDataset11,guided_Hostility_top20,DecisionTree,0.799,0.02800991887806095,0.7883809884905298,0.029579281799003324,0.75,0.039965262694272675,0.8316666666666667,0.032015621187164243
ArtificialDataset11,guided_Hostility_top20,XGBoost,0.943,0.010376254944182244,0.9402271262402243,0.010837161860314587,0.9175000000000001,0.018427786989579968,0.9599999999999997,0.015275252316519461
ArtificialDataset11,guided_N1_top20,LogReg,0.7903333333333333,0.014564034849969003,0.7730617828371154,0.016495809030701147,0.6833333333333333,0.03374742788552764,0.8616666666666667,0.022831913986705022
ArtificialDataset11,guided_N1_top20,SVM-linear,0.8096666666666668,0.014487542541400486,0.7893225823753867,0.017362112424216123,0.665,0.03666666666666665,0.9061111111111112,0.021437534868416375
ArtificialDataset11,guided_N1_top20,SVM-rbf,0.9726666666666667,0.009165151389911669,0.971398490218176,0.009590270468159998,0.9566666666666664,0.013844373104863453,0.9833333333333332,0.009622504486493775
ArtificialDataset11,guided_N1_top20,RandomForest,0.9193333333333333,0.011430952132988177,0.9143276976084932,0.012178302517731268,0.86,0.01779513042005219,0.9588888888888887,0.01170628194761415
ArtificialDataset11,guided_N1_top20,KNN,0.9313333333333332,0.01231079020841292,0.9275572416805064,0.013386577038190886,0.8925000000000001,0.032371540999258396,0.9572222222222221,0.011124991330278229
ArtificialDataset11,guided_N1_top20,NaiveBayes,0.7093333333333333,0.026322782696532845,0.7015368628313591,0.024551810645538224,0.7191666666666666,0.02790111507130534,0.7027777777777778,0.047612764135701834
ArtificialDataset11,guided_N1_top20,DecisionTree,0.7983333333333335,0.024641879437701627,0.7882126395799377,0.0249980878996842,0.7541666666666667,0.029166666666666664,0.8277777777777778,0.03248931448269655
ArtificialDataset11,guided_N1_top20,XGBoost,0.9423333333333332,0.012827920936595892,0.9395553036462834,0.013498562937121046,0.9191666666666667,0.0232886476874702,0.9577777777777777,0.013653561919382785
ArtificialDataset11,guided_kDN_top20,LogReg,0.7856666666666666,0.017515072873892874,0.7642688418744242,0.02244520262316603,0.6525,0.047294878745542356,0.8744444444444444,0.01724908299584447
ArtificialDataset11,guided_kDN_top20,SVM-linear,0.7993333333333333,0.021123972690339825,0.7702285498469634,0.027265731131762384,0.6050000000000001,0.04412734098291243,0.928888888888889,0.019999999999999987
ArtificialDataset11,guided_kDN_top20,SVM-rbf,0.9583333333333333,0.007340905181848444,0.9561531733819525,0.007808271772643094,0.9266666666666667,0.01999999999999999,0.9794444444444445,0.0096385286516097
ArtificialDataset11,guided_kDN_top20,RandomForest,0.9039999999999999,0.01008849730028104,0.8974188087639922,0.01088264685899582,0.8299999999999998,0.02362907813126303,0.9533333333333334,0.015555555555555548
ArtificialDataset11,guided_kDN_top20,KNN,0.9199999999999999,0.015275252316519466,0.9154273372196992,0.01589989958527994,0.8708333333333333,0.02049728979374807,0.9527777777777777,0.021118419787498018
ArtificialDataset11,guided_kDN_top20,NaiveBayes,0.755,0.018574175621006724,0.739730719004231,0.019686004627398338,0.6841666666666667,0.04190763653560051,0.8022222222222222,0.034444444444444444
ArtificialDataset11,guided_kDN_top20,DecisionTree,0.7883333333333334,0.011377365443917334,0.7765243461771827,0.010099202093676258,0.7316666666666667,0.027588242262078073,0.8261111111111111,0.030434102055116315
ArtificialDataset11,guided_kDN_top20,XGBoost,0.9323333333333332,0.012206555615733701,0.9287687940761437,0.012726287135091725,0.8958333333333336,0.021489661597046024,0.9566666666666667,0.016996731711975938
ArtificialDataset11,random_Hostility_top20,LogReg,0.7996666666666667,0.016155494421403512,0.7845446317485882,0.01857237731345688,0.7066666666666668,0.04096068575814836,0.8616666666666667,0.02490103870112775
ArtificialDataset11,random_Hostility_top20,SVM-linear,0.8096666666666668,0.016017351702311944,0.7919628927214828,0.019078904961004294,0.6866666666666666,0.03785938897200179,0.8916666666666666,0.019285061064121995
ArtificialDataset11,random_Hostility_top20,SVM-rbf,0.9719999999999999,0.006531972647421812,0.9706901920721093,0.006938920482038515,0.9566666666666667,0.01929306150465038,0.9822222222222223,0.008888888888888889
ArtificialDataset11,random_Hostility_top20,RandomForest,0.9173333333333333,0.015187714333192675,0.9125448401785798,0.016557378081534124,0.8699999999999999,0.03439961240091717,0.9488888888888887,0.013333333333333327
ArtificialDataset11,random_Hostility_top20,KNN,0.9386666666666666,0.014157840387730204,0.9352842465756981,0.015356652748594874,0.9008333333333335,0.03363406011768427,0.9638888888888889,0.012729376930432879
ArtificialDataset11,random_Hostility_top20,NaiveBayes,0.8023333333333333,0.017259457954666168,0.7926514902877269,0.017377079026959705,0.7616666666666667,0.025331140255951113,0.8294444444444444,0.02664929990046988
ArtificialDataset11,random_Hostility_top20,DecisionTree,0.8150000000000001,0.021252450839060102,0.8058395635655046,0.022887191779104542,0.7758333333333334,0.03772156765918758,0.8411111111111111,0.018625616238044672
ArtificialDataset11,random_Hostility_top20,XGBoost,0.9456666666666667,0.008034647195462633,0.9429807962511733,0.008537535690191703,0.9191666666666668,0.016687486995417333,0.9633333333333333,0.008678055195451843
ArtificialDataset11,random_N1_top20,LogReg,0.8020000000000002,0.013840359661351121,0.7872465828004425,0.01599664840224808,0.7108333333333333,0.039449334595148745,0.8627777777777779,0.024851410273716717
ArtificialDataset11,random_N1_top20,SVM-linear,0.8103333333333333,0.01580787426850582,0.7926306284143511,0.019361583330227052,0.6874999999999999,0.04086733278413075,0.8922222222222222,0.01795054935711502
ArtificialDataset11,random_N1_top20,SVM-rbf,0.9703333333333332,0.010049875621120908,0.9688997161649251,0.010609792880766158,0.9516666666666668,0.021666666666666643,0.9827777777777778,0.007637626158259751
ArtificialDataset11,random_N1_top20,RandomForest,0.9186666666666665,0.017713773674115238,0.9142154159870615,0.0188793936080008,0.8783333333333333,0.034399612400917164,0.9455555555555556,0.018053418676968802
ArtificialDataset11,random_N1_top20,KNN,0.9423333333333332,0.014302291968616623,0.9391997039970569,0.015449713064706602,0.9075,0.03485087277721082,0.9655555555555555,0.009875771574795064
ArtificialDataset11,random_N1_top20,NaiveBayes,0.7983333333333335,0.014161763857498672,0.7882792262362229,0.013716509251119346,0.755,0.02048034287907417,0.8272222222222222,0.026111111111111092
ArtificialDataset11,random_N1_top20,DecisionTree,0.8233333333333333,0.029059326290271158,0.8144505424081807,0.031152670883818744,0.7833333333333333,0.04346134936801765,0.85,0.024969116726938054
ArtificialDataset11,random_N1_top20,XGBoost,0.9460000000000001,0.011035296904831245,0.9435352402714674,0.011558330917437375,0.9291666666666668,0.01909406539564933,0.9572222222222221,0.012921892610681118
ArtificialDataset11,random_kDN_top20,LogReg,0.7993333333333335,0.015114378731672847,0.7841298441280411,0.017447938759752712,0.7058333333333333,0.04083333333333333,0.8616666666666667,0.02490103870112775
ArtificialDataset11,random_kDN_top20,SVM-linear,0.8103333333333333,0.015235193176035253,0.792714080749245,0.018294540434079524,0.6875,0.037127782349909086,0.892222222222222,0.018291197370171475
ArtificialDataset11,random_kDN_top20,SVM-rbf,0.9693333333333334,0.008273115763993904,0.9678790293237463,0.00877959597076085,0.9525,0.021098314835286933,0.9805555555555555,0.008333333333333344
ArtificialDataset11,random_kDN_top20,RandomForest,0.9166666666666666,0.018856180831641284,0.9115863999622466,0.020884630818810635,0.8666666666666666,0.04772607021092119,0.9499999999999998,0.006573421981221819
ArtificialDataset11,random_kDN_top20,KNN,0.931,0.010857664983268218,0.9271101975178107,0.011946210214518433,0.8891666666666665,0.03416666666666667,0.9588888888888887,0.013425606637327303
ArtificialDataset11,random_kDN_top20,NaiveBayes,0.7963333333333333,0.016428295373802144,0.7865940589653657,0.015220274981081252,0.7575,0.020899893673307416,0.8222222222222223,0.03433674920080543
ArtificialDataset11,random_kDN_top20,DecisionTree,0.8203333333333334,0.021779194965226168,0.8104128965826958,0.02297620538175716,0.7691666666666667,0.04083333333333334,0.8544444444444445,0.03071172213574501
ArtificialDataset11,random_kDN_top20,XGBoost,0.9433333333333334,0.010327955589886419,0.9405080780195922,0.01101472991242903,0.9166666666666666,0.026352313834736497,0.961111111111111,0.014487116456005898
