subset_k,model,variables_incluidas,mean_acc,std_acc,mean_gps,std_gps
1,SVM-rbf,f0,0.51,0.03741657386773942,0.4868540929646802,0.08653368757083309
1,KNN,f0,0.504,0.0326190128606002,0.5023142633975952,0.03288316709209718
2,SVM-rbf,"f0,f1",0.6089999999999999,0.04657252408878006,0.6032552665607439,0.04674183800886576
2,KNN,"f0,f1",0.5860000000000001,0.043863424398922615,0.5785913866442223,0.05381702209016165
3,SVM-rbf,"f0,f1,f2",0.64,0.04427188724235733,0.6314750303298545,0.046755869459132474
3,KNN,"f0,f1,f2",0.617,0.03689173349139344,0.6149894506934241,0.03690554624386525
4,SVM-rbf,"f0,f1,f2,f3",0.6359999999999999,0.045869379764718866,0.6304995142385402,0.04816347550886909
4,KNN,"f0,f1,f2,f3",0.6190000000000001,0.049689032995219394,0.6166328342917404,0.05156666224740147
5,SVM-rbf,"f0,f1,f2,f3,f4",0.6700000000000002,0.06308724118235003,0.6635699333586066,0.06631942147596404
5,KNN,"f0,f1,f2,f3,f4",0.616,0.05083306010855533,0.6142065378522794,0.051708283057091596
6,SVM-rbf,"f0,f1,f2,f3,f4,f5",0.6849999999999999,0.04904079934095691,0.6819533495714054,0.05067969812806492
6,KNN,"f0,f1,f2,f3,f4,f5",0.641,0.05088221693283419,0.6389193288423429,0.052602506061274604
7,SVM-rbf,"f0,f1,f2,f3,f4,f5,f6",0.716,0.044766058571198794,0.7149213640668644,0.04495190143672703
7,KNN,"f0,f1,f2,f3,f4,f5,f6",0.6859999999999999,0.03611094017053556,0.6849384195716411,0.0358122146364333
8,SVM-rbf,"f0,f1,f2,f3,f4,f5,f6,f7",0.7380000000000001,0.04308131845707604,0.7369302324367204,0.04349816839842461
8,KNN,"f0,f1,f2,f3,f4,f5,f6,f7",0.6849999999999999,0.050249378105604446,0.6834873631014102,0.050537422560667705
9,SVM-rbf,"f0,f1,f2,f3,f4,f5,f6,f7,f8",0.798,0.0373630833845388,0.7975459355436968,0.037431723648313264
9,KNN,"f0,f1,f2,f3,f4,f5,f6,f7,f8",0.732,0.026000000000000002,0.7308889182603949,0.026112984646941534
10,SVM-rbf,"f0,f1,f2,f3,f4,f5,f6,f7,f8,f9",0.812,0.03370459909270542,0.8111834966566859,0.03383739281585639
10,KNN,"f0,f1,f2,f3,f4,f5,f6,f7,f8,f9",0.745,0.046097722286464436,0.7439496352094632,0.04661192902544291
11,SVM-rbf,"f0,f1,f2,f3,f4,f5,f6,f7,f8,f9,f10",0.819,0.03986226285598948,0.81820569630158,0.04045467249576355
11,KNN,"f0,f1,f2,f3,f4,f5,f6,f7,f8,f9,f10",0.7700000000000001,0.028982753492378905,0.769335972520403,0.02899259113173494
12,SVM-rbf,"f0,f1,f2,f3,f4,f5,f6,f7,f8,f9,f10,f11",0.835,0.025396850198400576,0.8345849027151436,0.025624283423256174
12,KNN,"f0,f1,f2,f3,f4,f5,f6,f7,f8,f9,f10,f11",0.777,0.04100000000000001,0.7760002761082632,0.04165669385869038
13,SVM-rbf,"f0,f1,f2,f3,f4,f5,f6,f7,f8,f9,f10,f11,f12",0.86,0.02529822128134704,0.859625076260949,0.025565733790329174
13,KNN,"f0,f1,f2,f3,f4,f5,f6,f7,f8,f9,f10,f11,f12",0.78,0.029664793948382652,0.7789425218934023,0.030373922936129824
14,SVM-rbf,"f0,f1,f2,f3,f4,f5,f6,f7,f8,f9,f10,f11,f12,f13",0.881,0.025475478405714017,0.8807591410180221,0.02557681162920722
14,KNN,"f0,f1,f2,f3,f4,f5,f6,f7,f8,f9,f10,f11,f12,f13",0.7889999999999999,0.024677925358506117,0.7877780462811306,0.024928861476665915
15,SVM-rbf,"f0,f1,f2,f3,f4,f5,f6,f7,f8,f9,f10,f11,f12,f13,f14",0.89,0.03405877273185281,0.8897297835787032,0.03422585405844136
15,KNN,"f0,f1,f2,f3,f4,f5,f6,f7,f8,f9,f10,f11,f12,f13,f14",0.8019999999999999,0.03218695387886215,0.8008135436886633,0.0329880946093611
16,SVM-rbf,"f0,f1,f2,f3,f4,f5,f6,f7,f8,f9,f10,f11,f12,f13,f14,f15",0.897,0.030347981810987044,0.896782808531794,0.03047370171946746
16,KNN,"f0,f1,f2,f3,f4,f5,f6,f7,f8,f9,f10,f11,f12,f13,f14,f15",0.8230000000000001,0.03226453160980334,0.8221845431128765,0.03271433920875598
17,SVM-rbf,"f0,f1,f2,f3,f4,f5,f6,f7,f8,f9,f10,f11,f12,f13,f14,f15,f16",0.901,0.026627053911388695,0.9008496745712204,0.026650426099597314
17,KNN,"f0,f1,f2,f3,f4,f5,f6,f7,f8,f9,f10,f11,f12,f13,f14,f15,f16",0.8389999999999999,0.03935733730830885,0.8382277752020599,0.04002721879923131
18,SVM-rbf,"f0,f1,f2,f3,f4,f5,f6,f7,f8,f9,f10,f11,f12,f13,f14,f15,f16,f17",0.9229999999999998,0.020024984394500765,0.9229108482481875,0.020073402754582165
18,KNN,"f0,f1,f2,f3,f4,f5,f6,f7,f8,f9,f10,f11,f12,f13,f14,f15,f16,f17",0.8460000000000001,0.03583294573433783,0.8445942517291085,0.03699559509430385
19,SVM-rbf,"f0,f1,f2,f3,f4,f5,f6,f7,f8,f9,f10,f11,f12,f13,f14,f15,f16,f17,f18",0.924,0.0195959179422654,0.9238614361310853,0.019739521605091202
19,KNN,"f0,f1,f2,f3,f4,f5,f6,f7,f8,f9,f10,f11,f12,f13,f14,f15,f16,f17,f18",0.8480000000000001,0.028913664589601932,0.8466560626344866,0.029862047126436343
20,SVM-rbf,"f0,f1,f2,f3,f4,f5,f6,f7,f8,f9,f10,f11,f12,f13,f14,f15,f16,f17,f18,f19",0.9269999999999999,0.014177446878757797,0.9268788068362589,0.014236788819729708
20,KNN,"f0,f1,f2,f3,f4,f5,f6,f7,f8,f9,f10,f11,f12,f13,f14,f15,f16,f17,f18,f19",0.8619999999999999,0.03600000000000002,0.8610386311536873,0.03659044510757886
21,SVM-rbf,"f0,f1,f2,f3,f4,f5,f6,f7,f8,f9,f10,f11,f12,f13,f14,f15,f16,f17,f18,f19,f20",0.9359999999999999,0.01743559577416267,0.9358616728444543,0.01758847025470141
21,KNN,"f0,f1,f2,f3,f4,f5,f6,f7,f8,f9,f10,f11,f12,f13,f14,f15,f16,f17,f18,f19,f20",0.868,0.020396078054371155,0.8673526191318537,0.020694935398924797
22,SVM-rbf,"f0,f1,f2,f3,f4,f5,f6,f7,f8,f9,f10,f11,f12,f13,f14,f15,f16,f17,f18,f19,f20,f21",0.9409999999999998,0.01374772708486749,0.9408715210576721,0.013828592119192707
22,KNN,"f0,f1,f2,f3,f4,f5,f6,f7,f8,f9,f10,f11,f12,f13,f14,f15,f16,f17,f18,f19,f20,f21",0.8699999999999999,0.02408318915758461,0.8695025286597261,0.02424821097658552
23,SVM-rbf,"f0,f1,f2,f3,f4,f5,f6,f7,f8,f9,f10,f11,f12,f13,f14,f15,f16,f17,f18,f19,f20,f21,f22",0.942,0.021817424229271395,0.9418801124662443,0.021899244866706438
23,KNN,"f0,f1,f2,f3,f4,f5,f6,f7,f8,f9,f10,f11,f12,f13,f14,f15,f16,f17,f18,f19,f20,f21,f22",0.882,0.02315167380558047,0.8815876024715994,0.023378380413863656
24,SVM-rbf,"f0,f1,f2,f3,f4,f5,f6,f7,f8,f9,f10,f11,f12,f13,f14,f15,f16,f17,f18,f19,f20,f21,f22,f23",0.9460000000000001,0.016248076809271893,0.9458948146225602,0.01632893419032303
24,KNN,"f0,f1,f2,f3,f4,f5,f6,f7,f8,f9,f10,f11,f12,f13,f14,f15,f16,f17,f18,f19,f20,f21,f22,f23",0.8869999999999999,0.02647640458974748,0.8867151920114967,0.026701234345646314
25,SVM-rbf,"f0,f1,f2,f3,f4,f5,f6,f7,f8,f9,f10,f11,f12,f13,f14,f15,f16,f17,f18,f19,f20,f21,f22,f23,f24",0.946,0.010198039027185543,0.9459142073085374,0.01026349650731438
25,KNN,"f0,f1,f2,f3,f4,f5,f6,f7,f8,f9,f10,f11,f12,f13,f14,f15,f16,f17,f18,f19,f20,f21,f22,f23,f24",0.8859999999999999,0.031048349392520075,0.8855018885247606,0.03135736355538695
26,SVM-rbf,"f0,f1,f2,f3,f4,f5,f6,f7,f8,f9,f10,f11,f12,f13,f14,f15,f16,f17,f18,f19,f20,f21,f22,f23,f24,f25",0.953,0.01417744687875782,0.9529324377679727,0.014238114023514362
26,KNN,"f0,f1,f2,f3,f4,f5,f6,f7,f8,f9,f10,f11,f12,f13,f14,f15,f16,f17,f18,f19,f20,f21,f22,f23,f24,f25",0.8800000000000001,0.03405877273185281,0.8794244107849435,0.03467554412903966
27,SVM-rbf,"f0,f1,f2,f3,f4,f5,f6,f7,f8,f9,f10,f11,f12,f13,f14,f15,f16,f17,f18,f19,f20,f21,f22,f23,f24,f25,f26",0.95,0.01843908891458575,0.9499489020809163,0.01847466026155455
27,KNN,"f0,f1,f2,f3,f4,f5,f6,f7,f8,f9,f10,f11,f12,f13,f14,f15,f16,f17,f18,f19,f20,f21,f22,f23,f24,f25,f26",0.9020000000000001,0.01720465053408527,0.9017112623522454,0.01729713516275103
28,SVM-rbf,"f0,f1,f2,f3,f4,f5,f6,f7,f8,f9,f10,f11,f12,f13,f14,f15,f16,f17,f18,f19,f20,f21,f22,f23,f24,f25,f26,f27",0.953,0.018466185312619364,0.9529533653372699,0.018511845382402976
28,KNN,"f0,f1,f2,f3,f4,f5,f6,f7,f8,f9,f10,f11,f12,f13,f14,f15,f16,f17,f18,f19,f20,f21,f22,f23,f24,f25,f26,f27",0.9119999999999999,0.02135415650406262,0.9118004146787264,0.021595106970838884
29,SVM-rbf,"f0,f1,f2,f3,f4,f5,f6,f7,f8,f9,f10,f11,f12,f13,f14,f15,f16,f17,f18,f19,f20,f21,f22,f23,f24,f25,f26,f27,f28",0.958,0.017204650534085233,0.9579480187213273,0.01726814828172956
29,KNN,"f0,f1,f2,f3,f4,f5,f6,f7,f8,f9,f10,f11,f12,f13,f14,f15,f16,f17,f18,f19,f20,f21,f22,f23,f24,f25,f26,f27,f28",0.9279999999999999,0.017776388834631153,0.9278694729005862,0.017927213137904286
30,SVM-rbf,"f0,f1,f2,f3,f4,f5,f6,f7,f8,f9,f10,f11,f12,f13,f14,f15,f16,f17,f18,f19,f20,f21,f22,f23,f24,f25,f26,f27,f28,f29",0.9550000000000001,0.014999999999999986,0.9549351658331748,0.015094274274807237
30,KNN,"f0,f1,f2,f3,f4,f5,f6,f7,f8,f9,f10,f11,f12,f13,f14,f15,f16,f17,f18,f19,f20,f21,f22,f23,f24,f25,f26,f27,f28,f29",0.9229999999999998,0.016763054614240186,0.9227711098955957,0.016988361997467078
31,SVM-rbf,"f0,f1,f2,f3,f4,f5,f6,f7,f8,f9,f10,f11,f12,f13,f14,f15,f16,f17,f18,f19,f20,f21,f22,f23,f24,f25,f26,f27,f28,f29,f30",0.9610000000000001,0.015779733838059487,0.9609526228647025,0.015862068280959703
31,KNN,"f0,f1,f2,f3,f4,f5,f6,f7,f8,f9,f10,f11,f12,f13,f14,f15,f16,f17,f18,f19,f20,f21,f22,f23,f24,f25,f26,f27,f28,f29,f30",0.9269999999999999,0.024919871588754215,0.9269004129141404,0.02506295860570751
32,SVM-rbf,"f0,f1,f2,f3,f4,f5,f6,f7,f8,f9,f10,f11,f12,f13,f14,f15,f16,f17,f18,f19,f20,f21,f22,f23,f24,f25,f26,f27,f28,f29,f30,f31",0.966,0.009165151389911688,0.965977030114556,0.009183116603116806
32,KNN,"f0,f1,f2,f3,f4,f5,f6,f7,f8,f9,f10,f11,f12,f13,f14,f15,f16,f17,f18,f19,f20,f21,f22,f23,f24,f25,f26,f27,f28,f29,f30,f31",0.9279999999999997,0.026758176320519286,0.9278551375976691,0.02693556977784598
33,SVM-rbf,"f0,f1,f2,f3,f4,f5,f6,f7,f8,f9,f10,f11,f12,f13,f14,f15,f16,f17,f18,f19,f20,f21,f22,f23,f24,f25,f26,f27,f28,f29,f30,f31,f32",0.9690000000000001,0.011357816691600558,0.968983457411125,0.011368220325750147
33,KNN,"f0,f1,f2,f3,f4,f5,f6,f7,f8,f9,f10,f11,f12,f13,f14,f15,f16,f17,f18,f19,f20,f21,f22,f23,f24,f25,f26,f27,f28,f29,f30,f31,f32",0.951,0.020712315177207976,0.9509533541586388,0.020769113888877023
34,SVM-rbf,"f0,f1,f2,f3,f4,f5,f6,f7,f8,f9,f10,f11,f12,f13,f14,f15,f16,f17,f18,f19,f20,f21,f22,f23,f24,f25,f26,f27,f28,f29,f30,f31,f32,f33",0.9720000000000001,0.011661903789690613,0.9719858661386622,0.01167260596695213
34,KNN,"f0,f1,f2,f3,f4,f5,f6,f7,f8,f9,f10,f11,f12,f13,f14,f15,f16,f17,f18,f19,f20,f21,f22,f23,f24,f25,f26,f27,f28,f29,f30,f31,f32,f33",0.9480000000000001,0.021354156504062596,0.947958367061889,0.021400921077608236
35,SVM-rbf,"f0,f1,f2,f3,f4,f5,f6,f7,f8,f9,f10,f11,f12,f13,f14,f15,f16,f17,f18,f19,f20,f21,f22,f23,f24,f25,f26,f27,f28,f29,f30,f31,f32,f33,f34",0.9710000000000001,0.011357816691600556,0.9709826707099223,0.011367450979802497
35,KNN,"f0,f1,f2,f3,f4,f5,f6,f7,f8,f9,f10,f11,f12,f13,f14,f15,f16,f17,f18,f19,f20,f21,f22,f23,f24,f25,f26,f27,f28,f29,f30,f31,f32,f33,f34",0.9450000000000001,0.02291287847477918,0.9449549751699319,0.02295626779495007
36,SVM-rbf,"f0,f1,f2,f3,f4,f5,f6,f7,f8,f9,f10,f11,f12,f13,f14,f15,f16,f17,f18,f19,f20,f21,f22,f23,f24,f25,f26,f27,f28,f29,f30,f31,f32,f33,f34,f35",0.9739999999999999,0.012806248474865708,0.9739748275603279,0.01282833337595785
36,KNN,"f0,f1,f2,f3,f4,f5,f6,f7,f8,f9,f10,f11,f12,f13,f14,f15,f16,f17,f18,f19,f20,f21,f22,f23,f24,f25,f26,f27,f28,f29,f30,f31,f32,f33,f34,f35",0.9410000000000001,0.016999999999999973,0.9409167601191578,0.01705009330839628
37,SVM-rbf,"f0,f1,f2,f3,f4,f5,f6,f7,f8,f9,f10,f11,f12,f13,f14,f15,f16,f17,f18,f19,f20,f21,f22,f23,f24,f25,f26,f27,f28,f29,f30,f31,f32,f33,f34,f35,f36",0.9810000000000001,0.01044030650891056,0.9809878840932924,0.010456740487722061
37,KNN,"f0,f1,f2,f3,f4,f5,f6,f7,f8,f9,f10,f11,f12,f13,f14,f15,f16,f17,f18,f19,f20,f21,f22,f23,f24,f25,f26,f27,f28,f29,f30,f31,f32,f33,f34,f35,f36",0.9540000000000001,0.014282856857085694,0.9539462208132525,0.014309068529840003
38,SVM-rbf,"f0,f1,f2,f3,f4,f5,f6,f7,f8,f9,f10,f11,f12,f13,f14,f15,f16,f17,f18,f19,f20,f21,f22,f23,f24,f25,f26,f27,f28,f29,f30,f31,f32,f33,f34,f35,f36,f37",0.9789999999999999,0.012206555615733713,0.9789836830769139,0.012227198454212294
38,KNN,"f0,f1,f2,f3,f4,f5,f6,f7,f8,f9,f10,f11,f12,f13,f14,f15,f16,f17,f18,f19,f20,f21,f22,f23,f24,f25,f26,f27,f28,f29,f30,f31,f32,f33,f34,f35,f36,f37",0.9510000000000002,0.017578395831246915,0.9509435068273797,0.017619204539985684
39,SVM-rbf,"f0,f1,f2,f3,f4,f5,f6,f7,f8,f9,f10,f11,f12,f13,f14,f15,f16,f17,f18,f19,f20,f21,f22,f23,f24,f25,f26,f27,f28,f29,f30,f31,f32,f33,f34,f35,f36,f37,f38",0.9810000000000001,0.013000000000000012,0.9809880821326772,0.013013661973559958
39,KNN,"f0,f1,f2,f3,f4,f5,f6,f7,f8,f9,f10,f11,f12,f13,f14,f15,f16,f17,f18,f19,f20,f21,f22,f23,f24,f25,f26,f27,f28,f29,f30,f31,f32,f33,f34,f35,f36,f37,f38",0.9540000000000001,0.017999999999999988,0.9539702339233328,0.01802069531103795
40,SVM-rbf,"f0,f1,f2,f3,f4,f5,f6,f7,f8,f9,f10,f11,f12,f13,f14,f15,f16,f17,f18,f19,f20,f21,f22,f23,f24,f25,f26,f27,f28,f29,f30,f31,f32,f33,f34,f35,f36,f37,f38,f39",0.983,0.011874342087037928,0.9829911775331022,0.011887917169977615
40,KNN,"f0,f1,f2,f3,f4,f5,f6,f7,f8,f9,f10,f11,f12,f13,f14,f15,f16,f17,f18,f19,f20,f21,f22,f23,f24,f25,f26,f27,f28,f29,f30,f31,f32,f33,f34,f35,f36,f37,f38,f39",0.9579999999999999,0.01777638883463117,0.9579466036156206,0.017813056969053054
41,SVM-rbf,"f0,f1,f2,f3,f4,f5,f6,f7,f8,f9,f10,f11,f12,f13,f14,f15,f16,f17,f18,f19,f20,f21,f22,f23,f24,f25,f26,f27,f28,f29,f30,f31,f32,f33,f34,f35,f36,f37,f38,f39,f69",0.982,0.012489995996796807,0.9819892081027766,0.012504741562944012
41,KNN,"f0,f1,f2,f3,f4,f5,f6,f7,f8,f9,f10,f11,f12,f13,f14,f15,f16,f17,f18,f19,f20,f21,f22,f23,f24,f25,f26,f27,f28,f29,f30,f31,f32,f33,f34,f35,f36,f37,f38,f39,f69",0.966,0.015620499351813323,0.9659565911100433,0.015661072950736522
42,SVM-rbf,"f0,f1,f2,f3,f4,f5,f6,f7,f8,f9,f10,f11,f12,f13,f14,f15,f16,f17,f18,f19,f20,f21,f22,f23,f24,f25,f26,f27,f28,f29,f30,f31,f32,f33,f34,f35,f36,f37,f38,f39,f69,f74",0.983,0.011874342087037928,0.9829887007531536,0.011890626465754953
42,KNN,"f0,f1,f2,f3,f4,f5,f6,f7,f8,f9,f10,f11,f12,f13,f14,f15,f16,f17,f18,f19,f20,f21,f22,f23,f24,f25,f26,f27,f28,f29,f30,f31,f32,f33,f34,f35,f36,f37,f38,f39,f69,f74",0.9550000000000001,0.016278820596099704,0.9549589778669088,0.01629142492713488
43,SVM-rbf,"f0,f1,f2,f3,f4,f5,f6,f7,f8,f9,f10,f11,f12,f13,f14,f15,f16,f17,f18,f19,f20,f21,f22,f23,f24,f25,f26,f27,f28,f29,f30,f31,f32,f33,f34,f35,f36,f37,f38,f39,f69,f74,f84",0.983,0.011874342087037928,0.982990360873241,0.011888122904475135
43,KNN,"f0,f1,f2,f3,f4,f5,f6,f7,f8,f9,f10,f11,f12,f13,f14,f15,f16,f17,f18,f19,f20,f21,f22,f23,f24,f25,f26,f27,f28,f29,f30,f31,f32,f33,f34,f35,f36,f37,f38,f39,f69,f74,f84",0.9560000000000001,0.01428285685708569,0.9559496452924547,0.0143126213341449
44,SVM-rbf,"f0,f1,f2,f3,f4,f5,f6,f7,f8,f9,f10,f11,f12,f13,f14,f15,f16,f17,f18,f19,f20,f21,f22,f23,f24,f25,f26,f27,f28,f29,f30,f31,f32,f33,f34,f35,f36,f37,f38,f39,f69,f74,f84,f63",0.982,0.012489995996796807,0.9819883914429154,0.012504871713506118
44,KNN,"f0,f1,f2,f3,f4,f5,f6,f7,f8,f9,f10,f11,f12,f13,f14,f15,f16,f17,f18,f19,f20,f21,f22,f23,f24,f25,f26,f27,f28,f29,f30,f31,f32,f33,f34,f35,f36,f37,f38,f39,f69,f74,f84,f63",0.958,0.012489995996796807,0.9579553982993396,0.012509753560092577
45,SVM-rbf,"f0,f1,f2,f3,f4,f5,f6,f7,f8,f9,f10,f11,f12,f13,f14,f15,f16,f17,f18,f19,f20,f21,f22,f23,f24,f25,f26,f27,f28,f29,f30,f31,f32,f33,f34,f35,f36,f37,f38,f39,f69,f74,f84,f63,f66",0.982,0.012489995996796807,0.9819900515630028,0.012502623975877975
45,KNN,"f0,f1,f2,f3,f4,f5,f6,f7,f8,f9,f10,f11,f12,f13,f14,f15,f16,f17,f18,f19,f20,f21,f22,f23,f24,f25,f26,f27,f28,f29,f30,f31,f32,f33,f34,f35,f36,f37,f38,f39,f69,f74,f84,f63,f66",0.9549999999999998,0.013601470508735435,0.954943396725003,0.013620271266192495
46,SVM-rbf,"f0,f1,f2,f3,f4,f5,f6,f7,f8,f9,f10,f11,f12,f13,f14,f15,f16,f17,f18,f19,f20,f21,f22,f23,f24,f25,f26,f27,f28,f29,f30,f31,f32,f33,f34,f35,f36,f37,f38,f39,f69,f74,f84,f63,f66,f61",0.983,0.011874342087037928,0.982990360873241,0.011888122904475135
46,KNN,"f0,f1,f2,f3,f4,f5,f6,f7,f8,f9,f10,f11,f12,f13,f14,f15,f16,f17,f18,f19,f20,f21,f22,f23,f24,f25,f26,f27,f28,f29,f30,f31,f32,f33,f34,f35,f36,f37,f38,f39,f69,f74,f84,f63,f66,f61",0.96,0.011832159566199216,0.9599697978106079,0.011846046942757715
47,SVM-rbf,"f0,f1,f2,f3,f4,f5,f6,f7,f8,f9,f10,f11,f12,f13,f14,f15,f16,f17,f18,f19,f20,f21,f22,f23,f24,f25,f26,f27,f28,f29,f30,f31,f32,f33,f34,f35,f36,f37,f38,f39,f69,f74,f84,f63,f66,f61,f82",0.983,0.01100000000000001,0.9829909754924919,0.011014524169023137
47,KNN,"f0,f1,f2,f3,f4,f5,f6,f7,f8,f9,f10,f11,f12,f13,f14,f15,f16,f17,f18,f19,f20,f21,f22,f23,f24,f25,f26,f27,f28,f29,f30,f31,f32,f33,f34,f35,f36,f37,f38,f39,f69,f74,f84,f63,f66,f61,f82",0.954,0.011135528725660055,0.9539655169389821,0.011139514146560552
48,SVM-rbf,"f0,f1,f2,f3,f4,f5,f6,f7,f8,f9,f10,f11,f12,f13,f14,f15,f16,f17,f18,f19,f20,f21,f22,f23,f24,f25,f26,f27,f28,f29,f30,f31,f32,f33,f34,f35,f36,f37,f38,f39,f69,f74,f84,f63,f66,f61,f82,f72",0.983,0.011874342087037928,0.982990360873241,0.011888122904475135
48,KNN,"f0,f1,f2,f3,f4,f5,f6,f7,f8,f9,f10,f11,f12,f13,f14,f15,f16,f17,f18,f19,f20,f21,f22,f23,f24,f25,f26,f27,f28,f29,f30,f31,f32,f33,f34,f35,f36,f37,f38,f39,f69,f74,f84,f63,f66,f61,f82,f72",0.9559999999999998,0.013564659966250548,0.9559566656115788,0.013603353527781884
49,SVM-rbf,"f0,f1,f2,f3,f4,f5,f6,f7,f8,f9,f10,f11,f12,f13,f14,f15,f16,f17,f18,f19,f20,f21,f22,f23,f24,f25,f26,f27,f28,f29,f30,f31,f32,f33,f34,f35,f36,f37,f38,f39,f69,f74,f84,f63,f66,f61,f82,f72,f44",0.9810000000000001,0.01044030650891056,0.9809895442133799,0.01045421126930275
49,KNN,"f0,f1,f2,f3,f4,f5,f6,f7,f8,f9,f10,f11,f12,f13,f14,f15,f16,f17,f18,f19,f20,f21,f22,f23,f24,f25,f26,f27,f28,f29,f30,f31,f32,f33,f34,f35,f36,f37,f38,f39,f69,f74,f84,f63,f66,f61,f82,f72,f44",0.9620000000000001,0.020396078054371134,0.9619488866827066,0.020447840535293228
50,SVM-rbf,"f0,f1,f2,f3,f4,f5,f6,f7,f8,f9,f10,f11,f12,f13,f14,f15,f16,f17,f18,f19,f20,f21,f22,f23,f24,f25,f26,f27,f28,f29,f30,f31,f32,f33,f34,f35,f36,f37,f38,f39,f69,f74,f84,f63,f66,f61,f82,f72,f44,f64",0.9810000000000001,0.011357816691600556,0.9809882904226104,0.011373072532874779
50,KNN,"f0,f1,f2,f3,f4,f5,f6,f7,f8,f9,f10,f11,f12,f13,f14,f15,f16,f17,f18,f19,f20,f21,f22,f23,f24,f25,f26,f27,f28,f29,f30,f31,f32,f33,f34,f35,f36,f37,f38,f39,f69,f74,f84,f63,f66,f61,f82,f72,f44,f64",0.958,0.013266499161421587,0.9579697771871697,0.013276305773487962
51,SVM-rbf,"f0,f1,f2,f3,f4,f5,f6,f7,f8,f9,f10,f11,f12,f13,f14,f15,f16,f17,f18,f19,f20,f21,f22,f23,f24,f25,f26,f27,f28,f29,f30,f31,f32,f33,f34,f35,f36,f37,f38,f39,f69,f74,f84,f63,f66,f61,f82,f72,f44,f64,f75",0.9800000000000001,0.011832159566199244,0.9799904578923208,0.011843984998381994
51,KNN,"f0,f1,f2,f3,f4,f5,f6,f7,f8,f9,f10,f11,f12,f13,f14,f15,f16,f17,f18,f19,f20,f21,f22,f23,f24,f25,f26,f27,f28,f29,f30,f31,f32,f33,f34,f35,f36,f37,f38,f39,f69,f74,f84,f63,f66,f61,f82,f72,f44,f64,f75",0.9560000000000001,0.012806248474865686,0.9559670264712328,0.012813423300632941
52,SVM-rbf,"f0,f1,f2,f3,f4,f5,f6,f7,f8,f9,f10,f11,f12,f13,f14,f15,f16,f17,f18,f19,f20,f21,f22,f23,f24,f25,f26,f27,f28,f29,f30,f31,f32,f33,f34,f35,f36,f37,f38,f39,f69,f74,f84,f63,f66,f61,f82,f72,f44,f64,f75,f47",0.9800000000000001,0.011832159566199244,0.9799887977722334,0.0118460774858054
52,KNN,"f0,f1,f2,f3,f4,f5,f6,f7,f8,f9,f10,f11,f12,f13,f14,f15,f16,f17,f18,f19,f20,f21,f22,f23,f24,f25,f26,f27,f28,f29,f30,f31,f32,f33,f34,f35,f36,f37,f38,f39,f69,f74,f84,f63,f66,f61,f82,f72,f44,f64,f75,f47",0.9559999999999998,0.011135528725660027,0.9559505418483754,0.011171086436258294
53,SVM-rbf,"f0,f1,f2,f3,f4,f5,f6,f7,f8,f9,f10,f11,f12,f13,f14,f15,f16,f17,f18,f19,f20,f21,f22,f23,f24,f25,f26,f27,f28,f29,f30,f31,f32,f33,f34,f35,f36,f37,f38,f39,f69,f74,f84,f63,f66,f61,f82,f72,f44,f64,f75,f47,f68",0.9800000000000001,0.010954451150103333,0.9799900515630029,0.010967032986829663
53,KNN,"f0,f1,f2,f3,f4,f5,f6,f7,f8,f9,f10,f11,f12,f13,f14,f15,f16,f17,f18,f19,f20,f21,f22,f23,f24,f25,f26,f27,f28,f29,f30,f31,f32,f33,f34,f35,f36,f37,f38,f39,f69,f74,f84,f63,f66,f61,f82,f72,f44,f64,f75,f47,f68",0.9580000000000002,0.007483314773547889,0.9579638729667801,0.007478019995864527
54,SVM-rbf,"f0,f1,f2,f3,f4,f5,f6,f7,f8,f9,f10,f11,f12,f13,f14,f15,f16,f17,f18,f19,f20,f21,f22,f23,f24,f25,f26,f27,f28,f29,f30,f31,f32,f33,f34,f35,f36,f37,f38,f39,f69,f74,f84,f63,f66,f61,f82,f72,f44,f64,f75,f47,f68,f49",0.9760000000000002,0.012806248474865708,0.9759869221208997,0.012817948858861693
54,KNN,"f0,f1,f2,f3,f4,f5,f6,f7,f8,f9,f10,f11,f12,f13,f14,f15,f16,f17,f18,f19,f20,f21,f22,f23,f24,f25,f26,f27,f28,f29,f30,f31,f32,f33,f34,f35,f36,f37,f38,f39,f69,f74,f84,f63,f66,f61,f82,f72,f44,f64,f75,f47,f68,f49",0.9590000000000002,0.011357816691600558,0.9589727166309533,0.011360874422139377
55,SVM-rbf,"f0,f1,f2,f3,f4,f5,f6,f7,f8,f9,f10,f11,f12,f13,f14,f15,f16,f17,f18,f19,f20,f21,f22,f23,f24,f25,f26,f27,f28,f29,f30,f31,f32,f33,f34,f35,f36,f37,f38,f39,f69,f74,f84,f63,f66,f61,f82,f72,f44,f64,f75,f47,f68,f49,f60",0.974,0.01200000000000001,0.973985053710879,0.012011779269223479
55,KNN,"f0,f1,f2,f3,f4,f5,f6,f7,f8,f9,f10,f11,f12,f13,f14,f15,f16,f17,f18,f19,f20,f21,f22,f23,f24,f25,f26,f27,f28,f29,f30,f31,f32,f33,f34,f35,f36,f37,f38,f39,f69,f74,f84,f63,f66,f61,f82,f72,f44,f64,f75,f47,f68,f49,f60",0.9549999999999998,0.02012461179749809,0.954955227503812,0.020154043327754653
56,SVM-rbf,"f0,f1,f2,f3,f4,f5,f6,f7,f8,f9,f10,f11,f12,f13,f14,f15,f16,f17,f18,f19,f20,f21,f22,f23,f24,f25,f26,f27,f28,f29,f30,f31,f32,f33,f34,f35,f36,f37,f38,f39,f69,f74,f84,f63,f66,f61,f82,f72,f44,f64,f75,f47,f68,f49,f60,f45",0.9720000000000001,0.014000000000000014,0.9719788482053072,0.014022948912201657
56,KNN,"f0,f1,f2,f3,f4,f5,f6,f7,f8,f9,f10,f11,f12,f13,f14,f15,f16,f17,f18,f19,f20,f21,f22,f23,f24,f25,f26,f27,f28,f29,f30,f31,f32,f33,f34,f35,f36,f37,f38,f39,f69,f74,f84,f63,f66,f61,f82,f72,f44,f64,f75,f47,f68,f49,f60,f45",0.95,0.01999999999999998,0.9499432133117109,0.020033799148608093
57,SVM-rbf,"f0,f1,f2,f3,f4,f5,f6,f7,f8,f9,f10,f11,f12,f13,f14,f15,f16,f17,f18,f19,f20,f21,f22,f23,f24,f25,f26,f27,f28,f29,f30,f31,f32,f33,f34,f35,f36,f37,f38,f39,f69,f74,f84,f63,f66,f61,f82,f72,f44,f64,f75,f47,f68,f49,f60,f45,f58",0.9720000000000001,0.014000000000000014,0.9719788482053072,0.014022948912201657
57,KNN,"f0,f1,f2,f3,f4,f5,f6,f7,f8,f9,f10,f11,f12,f13,f14,f15,f16,f17,f18,f19,f20,f21,f22,f23,f24,f25,f26,f27,f28,f29,f30,f31,f32,f33,f34,f35,f36,f37,f38,f39,f69,f74,f84,f63,f66,f61,f82,f72,f44,f64,f75,f47,f68,f49,f60,f45,f58",0.9550000000000001,0.016278820596099697,0.9549527909041103,0.016310180891814706
58,SVM-rbf,"f0,f1,f2,f3,f4,f5,f6,f7,f8,f9,f10,f11,f12,f13,f14,f15,f16,f17,f18,f19,f20,f21,f22,f23,f24,f25,f26,f27,f28,f29,f30,f31,f32,f33,f34,f35,f36,f37,f38,f39,f69,f74,f84,f63,f66,f61,f82,f72,f44,f64,f75,f47,f68,f49,f60,f45,f58,f80",0.974,0.01200000000000001,0.9739867210722796,0.012009836566499439
58,KNN,"f0,f1,f2,f3,f4,f5,f6,f7,f8,f9,f10,f11,f12,f13,f14,f15,f16,f17,f18,f19,f20,f21,f22,f23,f24,f25,f26,f27,f28,f29,f30,f31,f32,f33,f34,f35,f36,f37,f38,f39,f69,f74,f84,f63,f66,f61,f82,f72,f44,f64,f75,f47,f68,f49,f60,f45,f58,f80",0.95,0.014142135623730925,0.9499106154090828,0.014218302809753152
59,SVM-rbf,"f0,f1,f2,f3,f4,f5,f6,f7,f8,f9,f10,f11,f12,f13,f14,f15,f16,f17,f18,f19,f20,f21,f22,f23,f24,f25,f26,f27,f28,f29,f30,f31,f32,f33,f34,f35,f36,f37,f38,f39,f69,f74,f84,f63,f66,f61,f82,f72,f44,f64,f75,f47,f68,f49,f60,f45,f58,f80,f56",0.974,0.01200000000000001,0.9739867210722796,0.012009836566499439
59,KNN,"f0,f1,f2,f3,f4,f5,f6,f7,f8,f9,f10,f11,f12,f13,f14,f15,f16,f17,f18,f19,f20,f21,f22,f23,f24,f25,f26,f27,f28,f29,f30,f31,f32,f33,f34,f35,f36,f37,f38,f39,f69,f74,f84,f63,f66,f61,f82,f72,f44,f64,f75,f47,f68,f49,f60,f45,f58,f80,f56",0.95,0.015491933384829638,0.9499266285852667,0.015540664900578266
60,SVM-rbf,"f0,f1,f2,f3,f4,f5,f6,f7,f8,f9,f10,f11,f12,f13,f14,f15,f16,f17,f18,f19,f20,f21,f22,f23,f24,f25,f26,f27,f28,f29,f30,f31,f32,f33,f34,f35,f36,f37,f38,f39,f69,f74,f84,f63,f66,f61,f82,f72,f44,f64,f75,f47,f68,f49,f60,f45,f58,f80,f56,f77",0.974,0.01200000000000001,0.9739867210722796,0.012009836566499439
60,KNN,"f0,f1,f2,f3,f4,f5,f6,f7,f8,f9,f10,f11,f12,f13,f14,f15,f16,f17,f18,f19,f20,f21,f22,f23,f24,f25,f26,f27,f28,f29,f30,f31,f32,f33,f34,f35,f36,f37,f38,f39,f69,f74,f84,f63,f66,f61,f82,f72,f44,f64,f75,f47,f68,f49,f60,f45,f58,f80,f56,f77",0.95,0.015491933384829638,0.9499266285852667,0.015540664900578266
61,SVM-rbf,"f0,f1,f2,f3,f4,f5,f6,f7,f8,f9,f10,f11,f12,f13,f14,f15,f16,f17,f18,f19,f20,f21,f22,f23,f24,f25,f26,f27,f28,f29,f30,f31,f32,f33,f34,f35,f36,f37,f38,f39,f69,f74,f84,f63,f66,f61,f82,f72,f44,f64,f75,f47,f68,f49,f60,f45,f58,f80,f56,f77,f67",0.9740000000000002,0.012806248474865708,0.9739831386763773,0.012821803649385705
61,KNN,"f0,f1,f2,f3,f4,f5,f6,f7,f8,f9,f10,f11,f12,f13,f14,f15,f16,f17,f18,f19,f20,f21,f22,f23,f24,f25,f26,f27,f28,f29,f30,f31,f32,f33,f34,f35,f36,f37,f38,f39,f69,f74,f84,f63,f66,f61,f82,f72,f44,f64,f75,f47,f68,f49,f60,f45,f58,f80,f56,f77,f67",0.9510000000000002,0.01577973383805947,0.9509199446877826,0.015854805071241485
62,SVM-rbf,"f0,f1,f2,f3,f4,f5,f6,f7,f8,f9,f10,f11,f12,f13,f14,f15,f16,f17,f18,f19,f20,f21,f22,f23,f24,f25,f26,f27,f28,f29,f30,f31,f32,f33,f34,f35,f36,f37,f38,f39,f69,f74,f84,f63,f66,f61,f82,f72,f44,f64,f75,f47,f68,f49,f60,f45,f58,f80,f56,f77,f67,f71",0.97,0.014142135623730963,0.9699830984671705,0.014154610880014401
62,KNN,"f0,f1,f2,f3,f4,f5,f6,f7,f8,f9,f10,f11,f12,f13,f14,f15,f16,f17,f18,f19,f20,f21,f22,f23,f24,f25,f26,f27,f28,f29,f30,f31,f32,f33,f34,f35,f36,f37,f38,f39,f69,f74,f84,f63,f66,f61,f82,f72,f44,f64,f75,f47,f68,f49,f60,f45,f58,f80,f56,f77,f67,f71",0.9490000000000001,0.019723082923315996,0.9489005555672738,0.019827277015416107
63,SVM-rbf,"f0,f1,f2,f3,f4,f5,f6,f7,f8,f9,f10,f11,f12,f13,f14,f15,f16,f17,f18,f19,f20,f21,f22,f23,f24,f25,f26,f27,f28,f29,f30,f31,f32,f33,f34,f35,f36,f37,f38,f39,f69,f74,f84,f63,f66,f61,f82,f72,f44,f64,f75,f47,f68,f49,f60,f45,f58,f80,f56,f77,f67,f71,f65",0.9730000000000001,0.011874342087037928,0.9729864117620414,0.011883243034056577
63,KNN,"f0,f1,f2,f3,f4,f5,f6,f7,f8,f9,f10,f11,f12,f13,f14,f15,f16,f17,f18,f19,f20,f21,f22,f23,f24,f25,f26,f27,f28,f29,f30,f31,f32,f33,f34,f35,f36,f37,f38,f39,f69,f74,f84,f63,f66,f61,f82,f72,f44,f64,f75,f47,f68,f49,f60,f45,f58,f80,f56,f77,f67,f71,f65",0.9480000000000001,0.025219040425836965,0.9478811161554809,0.025328904880162206
64,SVM-rbf,"f0,f1,f2,f3,f4,f5,f6,f7,f8,f9,f10,f11,f12,f13,f14,f15,f16,f17,f18,f19,f20,f21,f22,f23,f24,f25,f26,f27,f28,f29,f30,f31,f32,f33,f34,f35,f36,f37,f38,f39,f69,f74,f84,f63,f66,f61,f82,f72,f44,f64,f75,f47,f68,f49,f60,f45,f58,f80,f56,f77,f67,f71,f65,f79",0.9710000000000001,0.013747727084867531,0.9709802062564696,0.013768251814824531
64,KNN,"f0,f1,f2,f3,f4,f5,f6,f7,f8,f9,f10,f11,f12,f13,f14,f15,f16,f17,f18,f19,f20,f21,f22,f23,f24,f25,f26,f27,f28,f29,f30,f31,f32,f33,f34,f35,f36,f37,f38,f39,f69,f74,f84,f63,f66,f61,f82,f72,f44,f64,f75,f47,f68,f49,f60,f45,f58,f80,f56,f77,f67,f71,f65,f79",0.9480000000000001,0.025219040425836965,0.9478811161554809,0.025328904880162206
65,SVM-rbf,"f0,f1,f2,f3,f4,f5,f6,f7,f8,f9,f10,f11,f12,f13,f14,f15,f16,f17,f18,f19,f20,f21,f22,f23,f24,f25,f26,f27,f28,f29,f30,f31,f32,f33,f34,f35,f36,f37,f38,f39,f69,f74,f84,f63,f66,f61,f82,f72,f44,f64,f75,f47,f68,f49,f60,f45,f58,f80,f56,f77,f67,f71,f65,f79,f50",0.97,0.015491933384829681,0.9699785603229992,0.015514989599108972
65,KNN,"f0,f1,f2,f3,f4,f5,f6,f7,f8,f9,f10,f11,f12,f13,f14,f15,f16,f17,f18,f19,f20,f21,f22,f23,f24,f25,f26,f27,f28,f29,f30,f31,f32,f33,f34,f35,f36,f37,f38,f39,f69,f74,f84,f63,f66,f61,f82,f72,f44,f64,f75,f47,f68,f49,f60,f45,f58,f80,f56,f77,f67,f71,f65,f79,f50",0.9470000000000001,0.023259406699226,0.9469092441140556,0.023320552595488365
66,SVM-rbf,"f0,f1,f2,f3,f4,f5,f6,f7,f8,f9,f10,f11,f12,f13,f14,f15,f16,f17,f18,f19,f20,f21,f22,f23,f24,f25,f26,f27,f28,f29,f30,f31,f32,f33,f34,f35,f36,f37,f38,f39,f69,f74,f84,f63,f66,f61,f82,f72,f44,f64,f75,f47,f68,f49,f60,f45,f58,f80,f56,f77,f67,f71,f65,f79,f50,f43",0.97,0.015491933384829681,0.9699744301279699,0.015514936817378628
66,KNN,"f0,f1,f2,f3,f4,f5,f6,f7,f8,f9,f10,f11,f12,f13,f14,f15,f16,f17,f18,f19,f20,f21,f22,f23,f24,f25,f26,f27,f28,f29,f30,f31,f32,f33,f34,f35,f36,f37,f38,f39,f69,f74,f84,f63,f66,f61,f82,f72,f44,f64,f75,f47,f68,f49,f60,f45,f58,f80,f56,f77,f67,f71,f65,f79,f50,f43",0.9469999999999998,0.03001666203960725,0.9469128088495753,0.03011285802235594
67,SVM-rbf,"f0,f1,f2,f3,f4,f5,f6,f7,f8,f9,f10,f11,f12,f13,f14,f15,f16,f17,f18,f19,f20,f21,f22,f23,f24,f25,f26,f27,f28,f29,f30,f31,f32,f33,f34,f35,f36,f37,f38,f39,f69,f74,f84,f63,f66,f61,f82,f72,f44,f64,f75,f47,f68,f49,f60,f45,f58,f80,f56,f77,f67,f71,f65,f79,f50,f43,f78",0.9719999999999999,0.014000000000000012,0.9719763145503293,0.014026890866225307
67,KNN,"f0,f1,f2,f3,f4,f5,f6,f7,f8,f9,f10,f11,f12,f13,f14,f15,f16,f17,f18,f19,f20,f21,f22,f23,f24,f25,f26,f27,f28,f29,f30,f31,f32,f33,f34,f35,f36,f37,f38,f39,f69,f74,f84,f63,f66,f61,f82,f72,f44,f64,f75,f47,f68,f49,f60,f45,f58,f80,f56,f77,f67,f71,f65,f79,f50,f43,f78",0.9460000000000001,0.027999999999999983,0.9459351275981922,0.028052486504031356
68,SVM-rbf,"f0,f1,f2,f3,f4,f5,f6,f7,f8,f9,f10,f11,f12,f13,f14,f15,f16,f17,f18,f19,f20,f21,f22,f23,f24,f25,f26,f27,f28,f29,f30,f31,f32,f33,f34,f35,f36,f37,f38,f39,f69,f74,f84,f63,f66,f61,f82,f72,f44,f64,f75,f47,f68,f49,f60,f45,f58,f80,f56,f77,f67,f71,f65,f79,f50,f43,f78,f81",0.9719999999999999,0.014000000000000012,0.9719763145503293,0.014026890866225307
68,KNN,"f0,f1,f2,f3,f4,f5,f6,f7,f8,f9,f10,f11,f12,f13,f14,f15,f16,f17,f18,f19,f20,f21,f22,f23,f24,f25,f26,f27,f28,f29,f30,f31,f32,f33,f34,f35,f36,f37,f38,f39,f69,f74,f84,f63,f66,f61,f82,f72,f44,f64,f75,f47,f68,f49,f60,f45,f58,f80,f56,f77,f67,f71,f65,f79,f50,f43,f78,f81",0.9469999999999998,0.028999999999999984,0.9469368686968883,0.029054818375174016
69,SVM-rbf,"f0,f1,f2,f3,f4,f5,f6,f7,f8,f9,f10,f11,f12,f13,f14,f15,f16,f17,f18,f19,f20,f21,f22,f23,f24,f25,f26,f27,f28,f29,f30,f31,f32,f33,f34,f35,f36,f37,f38,f39,f69,f74,f84,f63,f66,f61,f82,f72,f44,f64,f75,f47,f68,f49,f60,f45,f58,f80,f56,f77,f67,f71,f65,f79,f50,f43,f78,f81,f57",0.9689999999999998,0.017000000000000015,0.9689645556747504,0.01704410963341058
69,KNN,"f0,f1,f2,f3,f4,f5,f6,f7,f8,f9,f10,f11,f12,f13,f14,f15,f16,f17,f18,f19,f20,f21,f22,f23,f24,f25,f26,f27,f28,f29,f30,f31,f32,f33,f34,f35,f36,f37,f38,f39,f69,f74,f84,f63,f66,f61,f82,f72,f44,f64,f75,f47,f68,f49,f60,f45,f58,f80,f56,f77,f67,f71,f65,f79,f50,f43,f78,f81,f57",0.946,0.024576411454889,0.9459302042958454,0.024629661311619144
70,SVM-rbf,"f0,f1,f2,f3,f4,f5,f6,f7,f8,f9,f10,f11,f12,f13,f14,f15,f16,f17,f18,f19,f20,f21,f22,f23,f24,f25,f26,f27,f28,f29,f30,f31,f32,f33,f34,f35,f36,f37,f38,f39,f69,f74,f84,f63,f66,f61,f82,f72,f44,f64,f75,f47,f68,f49,f60,f45,f58,f80,f56,f77,f67,f71,f65,f79,f50,f43,f78,f81,f57,f70",0.9710000000000001,0.015132745950421569,0.9709757881791322,0.01515679324998689
70,KNN,"f0,f1,f2,f3,f4,f5,f6,f7,f8,f9,f10,f11,f12,f13,f14,f15,f16,f17,f18,f19,f20,f21,f22,f23,f24,f25,f26,f27,f28,f29,f30,f31,f32,f33,f34,f35,f36,f37,f38,f39,f69,f74,f84,f63,f66,f61,f82,f72,f44,f64,f75,f47,f68,f49,f60,f45,f58,f80,f56,f77,f67,f71,f65,f79,f50,f43,f78,f81,f57,f70",0.943,0.024103941586387883,0.9428801763773311,0.024194819832362054
71,SVM-rbf,"f0,f1,f2,f3,f4,f5,f6,f7,f8,f9,f10,f11,f12,f13,f14,f15,f16,f17,f18,f19,f20,f21,f22,f23,f24,f25,f26,f27,f28,f29,f30,f31,f32,f33,f34,f35,f36,f37,f38,f39,f69,f74,f84,f63,f66,f61,f82,f72,f44,f64,f75,f47,f68,f49,f60,f45,f58,f80,f56,f77,f67,f71,f65,f79,f50,f43,f78,f81,f57,f70,f46",0.97,0.016733200530681527,0.9699659137259127,0.016779132343482658
71,KNN,"f0,f1,f2,f3,f4,f5,f6,f7,f8,f9,f10,f11,f12,f13,f14,f15,f16,f17,f18,f19,f20,f21,f22,f23,f24,f25,f26,f27,f28,f29,f30,f31,f32,f33,f34,f35,f36,f37,f38,f39,f69,f74,f84,f63,f66,f61,f82,f72,f44,f64,f75,f47,f68,f49,f60,f45,f58,f80,f56,f77,f67,f71,f65,f79,f50,f43,f78,f81,f57,f70,f46",0.945,0.019621416870348556,0.9449148377949769,0.019681261083488406
72,SVM-rbf,"f0,f1,f2,f3,f4,f5,f6,f7,f8,f9,f10,f11,f12,f13,f14,f15,f16,f17,f18,f19,f20,f21,f22,f23,f24,f25,f26,f27,f28,f29,f30,f31,f32,f33,f34,f35,f36,f37,f38,f39,f69,f74,f84,f63,f66,f61,f82,f72,f44,f64,f75,f47,f68,f49,f60,f45,f58,f80,f56,f77,f67,f71,f65,f79,f50,f43,f78,f81,f57,f70,f46,f55",0.9710000000000001,0.015779733838059515,0.9709664400971096,0.015829888818129488
72,KNN,"f0,f1,f2,f3,f4,f5,f6,f7,f8,f9,f10,f11,f12,f13,f14,f15,f16,f17,f18,f19,f20,f21,f22,f23,f24,f25,f26,f27,f28,f29,f30,f31,f32,f33,f34,f35,f36,f37,f38,f39,f69,f74,f84,f63,f66,f61,f82,f72,f44,f64,f75,f47,f68,f49,f60,f45,f58,f80,f56,f77,f67,f71,f65,f79,f50,f43,f78,f81,f57,f70,f46,f55",0.938,0.022715633383201067,0.9378667351754537,0.02285524102872376
73,SVM-rbf,"f0,f1,f2,f3,f4,f5,f6,f7,f8,f9,f10,f11,f12,f13,f14,f15,f16,f17,f18,f19,f20,f21,f22,f23,f24,f25,f26,f27,f28,f29,f30,f31,f32,f33,f34,f35,f36,f37,f38,f39,f69,f74,f84,f63,f66,f61,f82,f72,f44,f64,f75,f47,f68,f49,f60,f45,f58,f80,f56,f77,f67,f71,f65,f79,f50,f43,f78,f81,f57,f70,f46,f55,f51",0.9690000000000001,0.014456832294800973,0.9689749564991669,0.01447902436176076
73,KNN,"f0,f1,f2,f3,f4,f5,f6,f7,f8,f9,f10,f11,f12,f13,f14,f15,f16,f17,f18,f19,f20,f21,f22,f23,f24,f25,f26,f27,f28,f29,f30,f31,f32,f33,f34,f35,f36,f37,f38,f39,f69,f74,f84,f63,f66,f61,f82,f72,f44,f64,f75,f47,f68,f49,f60,f45,f58,f80,f56,f77,f67,f71,f65,f79,f50,f43,f78,f81,f57,f70,f46,f55,f51",0.9289999999999999,0.02256102834535693,0.9288553103898846,0.022695614764863155
74,SVM-rbf,"f0,f1,f2,f3,f4,f5,f6,f7,f8,f9,f10,f11,f12,f13,f14,f15,f16,f17,f18,f19,f20,f21,f22,f23,f24,f25,f26,f27,f28,f29,f30,f31,f32,f33,f34,f35,f36,f37,f38,f39,f69,f74,f84,f63,f66,f61,f82,f72,f44,f64,f75,f47,f68,f49,f60,f45,f58,f80,f56,f77,f67,f71,f65,f79,f50,f43,f78,f81,f57,f70,f46,f55,f51,f62",0.9710000000000001,0.013000000000000012,0.9709811620047386,0.013012868232822144
74,KNN,"f0,f1,f2,f3,f4,f5,f6,f7,f8,f9,f10,f11,f12,f13,f14,f15,f16,f17,f18,f19,f20,f21,f22,f23,f24,f25,f26,f27,f28,f29,f30,f31,f32,f33,f34,f35,f36,f37,f38,f39,f69,f74,f84,f63,f66,f61,f82,f72,f44,f64,f75,f47,f68,f49,f60,f45,f58,f80,f56,f77,f67,f71,f65,f79,f50,f43,f78,f81,f57,f70,f46,f55,f51,f62",0.9269999999999999,0.027586228448267424,0.9267771226229355,0.02786156722849085
75,SVM-rbf,"f0,f1,f2,f3,f4,f5,f6,f7,f8,f9,f10,f11,f12,f13,f14,f15,f16,f17,f18,f19,f20,f21,f22,f23,f24,f25,f26,f27,f28,f29,f30,f31,f32,f33,f34,f35,f36,f37,f38,f39,f69,f74,f84,f63,f66,f61,f82,f72,f44,f64,f75,f47,f68,f49,f60,f45,f58,f80,f56,f77,f67,f71,f65,f79,f50,f43,f78,f81,f57,f70,f46,f55,f51,f62,f59",0.97,0.013416407864998751,0.9699814713149767,0.013427474604535191
75,KNN,"f0,f1,f2,f3,f4,f5,f6,f7,f8,f9,f10,f11,f12,f13,f14,f15,f16,f17,f18,f19,f20,f21,f22,f23,f24,f25,f26,f27,f28,f29,f30,f31,f32,f33,f34,f35,f36,f37,f38,f39,f69,f74,f84,f63,f66,f61,f82,f72,f44,f64,f75,f47,f68,f49,f60,f45,f58,f80,f56,f77,f67,f71,f65,f79,f50,f43,f78,f81,f57,f70,f46,f55,f51,f62,f59",0.9229999999999998,0.024103941586387883,0.9227963384745804,0.02429068811253266
76,SVM-rbf,"f0,f1,f2,f3,f4,f5,f6,f7,f8,f9,f10,f11,f12,f13,f14,f15,f16,f17,f18,f19,f20,f21,f22,f23,f24,f25,f26,f27,f28,f29,f30,f31,f32,f33,f34,f35,f36,f37,f38,f39,f69,f74,f84,f63,f66,f61,f82,f72,f44,f64,f75,f47,f68,f49,f60,f45,f58,f80,f56,f77,f67,f71,f65,f79,f50,f43,f78,f81,f57,f70,f46,f55,f51,f62,f59,f40",0.97,0.015491933384829681,0.9699684416833568,0.015526986436497213
76,KNN,"f0,f1,f2,f3,f4,f5,f6,f7,f8,f9,f10,f11,f12,f13,f14,f15,f16,f17,f18,f19,f20,f21,f22,f23,f24,f25,f26,f27,f28,f29,f30,f31,f32,f33,f34,f35,f36,f37,f38,f39,f69,f74,f84,f63,f66,f61,f82,f72,f44,f64,f75,f47,f68,f49,f60,f45,f58,f80,f56,f77,f67,f71,f65,f79,f50,f43,f78,f81,f57,f70,f46,f55,f51,f62,f59,f40",0.9309999999999998,0.02343074902771994,0.9308476231135397,0.023547027644119117
77,SVM-rbf,"f0,f1,f2,f3,f4,f5,f6,f7,f8,f9,f10,f11,f12,f13,f14,f15,f16,f17,f18,f19,f20,f21,f22,f23,f24,f25,f26,f27,f28,f29,f30,f31,f32,f33,f34,f35,f36,f37,f38,f39,f69,f74,f84,f63,f66,f61,f82,f72,f44,f64,f75,f47,f68,f49,f60,f45,f58,f80,f56,f77,f67,f71,f65,f79,f50,f43,f78,f81,f57,f70,f46,f55,f51,f62,f59,f40,f52",0.9690000000000001,0.009433981132056613,0.9689803453448775,0.009446766451052514
77,KNN,"f0,f1,f2,f3,f4,f5,f6,f7,f8,f9,f10,f11,f12,f13,f14,f15,f16,f17,f18,f19,f20,f21,f22,f23,f24,f25,f26,f27,f28,f29,f30,f31,f32,f33,f34,f35,f36,f37,f38,f39,f69,f74,f84,f63,f66,f61,f82,f72,f44,f64,f75,f47,f68,f49,f60,f45,f58,f80,f56,f77,f67,f71,f65,f79,f50,f43,f78,f81,f57,f70,f46,f55,f51,f62,f59,f40,f52",0.9259999999999999,0.027276363393971697,0.9258157300136034,0.027534414392747984
78,SVM-rbf,"f0,f1,f2,f3,f4,f5,f6,f7,f8,f9,f10,f11,f12,f13,f14,f15,f16,f17,f18,f19,f20,f21,f22,f23,f24,f25,f26,f27,f28,f29,f30,f31,f32,f33,f34,f35,f36,f37,f38,f39,f69,f74,f84,f63,f66,f61,f82,f72,f44,f64,f75,f47,f68,f49,f60,f45,f58,f80,f56,f77,f67,f71,f65,f79,f50,f43,f78,f81,f57,f70,f46,f55,f51,f62,f59,f40,f52,f54",0.9690000000000001,0.011357816691600558,0.9689817956453194,0.011368026808616243
78,KNN,"f0,f1,f2,f3,f4,f5,f6,f7,f8,f9,f10,f11,f12,f13,f14,f15,f16,f17,f18,f19,f20,f21,f22,f23,f24,f25,f26,f27,f28,f29,f30,f31,f32,f33,f34,f35,f36,f37,f38,f39,f69,f74,f84,f63,f66,f61,f82,f72,f44,f64,f75,f47,f68,f49,f60,f45,f58,f80,f56,f77,f67,f71,f65,f79,f50,f43,f78,f81,f57,f70,f46,f55,f51,f62,f59,f40,f52,f54",0.9339999999999999,0.020099751242241753,0.9338827312493414,0.02017176061144441
79,SVM-rbf,"f0,f1,f2,f3,f4,f5,f6,f7,f8,f9,f10,f11,f12,f13,f14,f15,f16,f17,f18,f19,f20,f21,f22,f23,f24,f25,f26,f27,f28,f29,f30,f31,f32,f33,f34,f35,f36,f37,f38,f39,f69,f74,f84,f63,f66,f61,f82,f72,f44,f64,f75,f47,f68,f49,f60,f45,f58,f80,f56,f77,f67,f71,f65,f79,f50,f43,f78,f81,f57,f70,f46,f55,f51,f62,f59,f40,f52,f54,f83",0.9690000000000001,0.013000000000000012,0.9689820039352522,0.013008782263324517
79,KNN,"f0,f1,f2,f3,f4,f5,f6,f7,f8,f9,f10,f11,f12,f13,f14,f15,f16,f17,f18,f19,f20,f21,f22,f23,f24,f25,f26,f27,f28,f29,f30,f31,f32,f33,f34,f35,f36,f37,f38,f39,f69,f74,f84,f63,f66,f61,f82,f72,f44,f64,f75,f47,f68,f49,f60,f45,f58,f80,f56,f77,f67,f71,f65,f79,f50,f43,f78,f81,f57,f70,f46,f55,f51,f62,f59,f40,f52,f54,f83",0.9369999999999999,0.02685144316419508,0.9368923939159529,0.0269519967797261
80,SVM-rbf,"f0,f1,f2,f3,f4,f5,f6,f7,f8,f9,f10,f11,f12,f13,f14,f15,f16,f17,f18,f19,f20,f21,f22,f23,f24,f25,f26,f27,f28,f29,f30,f31,f32,f33,f34,f35,f36,f37,f38,f39,f69,f74,f84,f63,f66,f61,f82,f72,f44,f64,f75,f47,f68,f49,f60,f45,f58,f80,f56,f77,f67,f71,f65,f79,f50,f43,f78,f81,f57,f70,f46,f55,f51,f62,f59,f40,f52,f54,f83,f42",0.968,0.014000000000000012,0.9679754891194422,0.014020040325776091
80,KNN,"f0,f1,f2,f3,f4,f5,f6,f7,f8,f9,f10,f11,f12,f13,f14,f15,f16,f17,f18,f19,f20,f21,f22,f23,f24,f25,f26,f27,f28,f29,f30,f31,f32,f33,f34,f35,f36,f37,f38,f39,f69,f74,f84,f63,f66,f61,f82,f72,f44,f64,f75,f47,f68,f49,f60,f45,f58,f80,f56,f77,f67,f71,f65,f79,f50,f43,f78,f81,f57,f70,f46,f55,f51,f62,f59,f40,f52,f54,f83,f42",0.9259999999999999,0.020591260281973976,0.9258563298286834,0.020692479684556127
81,SVM-rbf,"f0,f1,f2,f3,f4,f5,f6,f7,f8,f9,f10,f11,f12,f13,f14,f15,f16,f17,f18,f19,f20,f21,f22,f23,f24,f25,f26,f27,f28,f29,f30,f31,f32,f33,f34,f35,f36,f37,f38,f39,f69,f74,f84,f63,f66,f61,f82,f72,f44,f64,f75,f47,f68,f49,f60,f45,f58,f80,f56,f77,f67,f71,f65,f79,f50,f43,f78,f81,f57,f70,f46,f55,f51,f62,f59,f40,f52,f54,f83,f42,f76",0.966,0.016248076809271934,0.9659590998504128,0.016296829261645083
81,KNN,"f0,f1,f2,f3,f4,f5,f6,f7,f8,f9,f10,f11,f12,f13,f14,f15,f16,f17,f18,f19,f20,f21,f22,f23,f24,f25,f26,f27,f28,f29,f30,f31,f32,f33,f34,f35,f36,f37,f38,f39,f69,f74,f84,f63,f66,f61,f82,f72,f44,f64,f75,f47,f68,f49,f60,f45,f58,f80,f56,f77,f67,f71,f65,f79,f50,f43,f78,f81,f57,f70,f46,f55,f51,f62,f59,f40,f52,f54,f83,f42,f76",0.9279999999999999,0.025999999999999975,0.9278510823721865,0.02613062720639768
82,SVM-rbf,"f0,f1,f2,f3,f4,f5,f6,f7,f8,f9,f10,f11,f12,f13,f14,f15,f16,f17,f18,f19,f20,f21,f22,f23,f24,f25,f26,f27,f28,f29,f30,f31,f32,f33,f34,f35,f36,f37,f38,f39,f69,f74,f84,f63,f66,f61,f82,f72,f44,f64,f75,f47,f68,f49,f60,f45,f58,f80,f56,f77,f67,f71,f65,f79,f50,f43,f78,f81,f57,f70,f46,f55,f51,f62,f59,f40,f52,f54,f83,f42,f76,f73",0.9639999999999999,0.01743559577416271,0.963945333691053,0.017500010228666943
82,KNN,"f0,f1,f2,f3,f4,f5,f6,f7,f8,f9,f10,f11,f12,f13,f14,f15,f16,f17,f18,f19,f20,f21,f22,f23,f24,f25,f26,f27,f28,f29,f30,f31,f32,f33,f34,f35,f36,f37,f38,f39,f69,f74,f84,f63,f66,f61,f82,f72,f44,f64,f75,f47,f68,f49,f60,f45,f58,f80,f56,f77,f67,f71,f65,f79,f50,f43,f78,f81,f57,f70,f46,f55,f51,f62,f59,f40,f52,f54,f83,f42,f76,f73",0.9269999999999999,0.021931712199461283,0.9268446949543921,0.02203349587304058
83,SVM-rbf,"f0,f1,f2,f3,f4,f5,f6,f7,f8,f9,f10,f11,f12,f13,f14,f15,f16,f17,f18,f19,f20,f21,f22,f23,f24,f25,f26,f27,f28,f29,f30,f31,f32,f33,f34,f35,f36,f37,f38,f39,f69,f74,f84,f63,f66,f61,f82,f72,f44,f64,f75,f47,f68,f49,f60,f45,f58,f80,f56,f77,f67,f71,f65,f79,f50,f43,f78,f81,f57,f70,f46,f55,f51,f62,f59,f40,f52,f54,f83,f42,f76,f73,f41",0.9650000000000001,0.017464249196572995,0.9649492253971934,0.017528978686580488
83,KNN,"f0,f1,f2,f3,f4,f5,f6,f7,f8,f9,f10,f11,f12,f13,f14,f15,f16,f17,f18,f19,f20,f21,f22,f23,f24,f25,f26,f27,f28,f29,f30,f31,f32,f33,f34,f35,f36,f37,f38,f39,f69,f74,f84,f63,f66,f61,f82,f72,f44,f64,f75,f47,f68,f49,f60,f45,f58,f80,f56,f77,f67,f71,f65,f79,f50,f43,f78,f81,f57,f70,f46,f55,f51,f62,f59,f40,f52,f54,f83,f42,f76,f73,f41",0.923,0.02647640458974743,0.9227714086204161,0.026629566661148626
84,SVM-rbf,"f0,f1,f2,f3,f4,f5,f6,f7,f8,f9,f10,f11,f12,f13,f14,f15,f16,f17,f18,f19,f20,f21,f22,f23,f24,f25,f26,f27,f28,f29,f30,f31,f32,f33,f34,f35,f36,f37,f38,f39,f69,f74,f84,f63,f66,f61,f82,f72,f44,f64,f75,f47,f68,f49,f60,f45,f58,f80,f56,f77,f67,f71,f65,f79,f50,f43,f78,f81,f57,f70,f46,f55,f51,f62,f59,f40,f52,f54,f83,f42,f76,f73,f41,f53",0.9639999999999999,0.01743559577416271,0.963945333691053,0.017500010228666943
84,KNN,"f0,f1,f2,f3,f4,f5,f6,f7,f8,f9,f10,f11,f12,f13,f14,f15,f16,f17,f18,f19,f20,f21,f22,f23,f24,f25,f26,f27,f28,f29,f30,f31,f32,f33,f34,f35,f36,f37,f38,f39,f69,f74,f84,f63,f66,f61,f82,f72,f44,f64,f75,f47,f68,f49,f60,f45,f58,f80,f56,f77,f67,f71,f65,f79,f50,f43,f78,f81,f57,f70,f46,f55,f51,f62,f59,f40,f52,f54,f83,f42,f76,f73,f41,f53",0.917,0.019519221295943114,0.916765914527055,0.019624528697669095
85,SVM-rbf,"f0,f1,f2,f3,f4,f5,f6,f7,f8,f9,f10,f11,f12,f13,f14,f15,f16,f17,f18,f19,f20,f21,f22,f23,f24,f25,f26,f27,f28,f29,f30,f31,f32,f33,f34,f35,f36,f37,f38,f39,f69,f74,f84,f63,f66,f61,f82,f72,f44,f64,f75,f47,f68,f49,f60,f45,f58,f80,f56,f77,f67,f71,f65,f79,f50,f43,f78,f81,f57,f70,f46,f55,f51,f62,f59,f40,f52,f54,f83,f42,f76,f73,f41,f53,f48",0.9659999999999999,0.016248076809271934,0.9659548988340342,0.016299895697493655
85,KNN,"f0,f1,f2,f3,f4,f5,f6,f7,f8,f9,f10,f11,f12,f13,f14,f15,f16,f17,f18,f19,f20,f21,f22,f23,f24,f25,f26,f27,f28,f29,f30,f31,f32,f33,f34,f35,f36,f37,f38,f39,f69,f74,f84,f63,f66,f61,f82,f72,f44,f64,f75,f47,f68,f49,f60,f45,f58,f80,f56,f77,f67,f71,f65,f79,f50,f43,f78,f81,f57,f70,f46,f55,f51,f62,f59,f40,f52,f54,f83,f42,f76,f73,f41,f53,f48",0.913,0.0179164728671689,0.912694507371264,0.018179573371081836
