y,Hostility,kDN,DCP,TD_U,CLD,N1,N2,LSC,F1,L1,level,subset
0,0.3618421052631579,0.47368421052631576,0.696,0.6052631578947368,0.5345966000236213,0.41074300334168756,0.4969082294467462,0.9923318229348205,0.9842105263157894,0.5513069011081141,class,informative+noise
1,0.14080459770114942,0.16724137931034483,0.30400000000000005,0.667816091954023,0.25135970947777514,0.14402118937055416,0.49000483192343286,0.9857646825002485,0.9845545977011494,0.8779672355418258,class,informative+noise
dataset,0.208,0.26039999999999996,0.423168,0.6487999999999999,0.33746372420371235,0.2251046208177787,0.4921034647705201,0.9877610931923584,0.98445,0.7786624938739773,class,informative+noise
1,0.0,0.0,0.30400000000000005,0.5,0.21026922744575888,0.5,0.48948325980110563,0.9827089337175793,0.99,2.137803287497552,instance,informative+noise
0,0.15384615384615385,0.2,0.696,0.5,0.5693035966794788,0.0,0.4965281390592814,0.9867549668874173,0.995,0.5171961137559093,instance,informative+noise
0,0.5,0.4,0.696,0.7,0.6882673936195745,0.0,0.496440205163745,0.9867549668874173,0.98,-0.6922176088817172,instance,informative+noise
0,0.4117647058823529,0.4,0.696,0.6,0.5513274751660724,1.0,0.5009185200248785,1.0,0.99,1.028316485952501,instance,informative+noise
0,0.2857142857142857,0.6,0.696,0.6,0.4696728989633821,0.6666666666666666,0.49712763172021546,0.9933774834437086,1.0,0.4591057631148254,instance,informative+noise
1,0.8571428571428572,0.6,0.30400000000000005,0.7,0.32954713883178266,1.0,0.5106602772950244,1.0,1.0,0.668509057424091,instance,informative+noise
1,0.7777777777777778,0.6,0.30400000000000005,0.4,0.4745996001922913,0.3333333333333333,0.4995263444031437,0.9971181556195965,0.975,-0.18578722146703003,instance,informative+noise
0,0.15384615384615385,0.6,0.696,0.6,0.4416553396055378,0.0,0.4928423636889875,0.9933774834437086,0.98,0.5391700359441378,instance,informative+noise
0,0.1428571428571429,0.8,0.696,0.6,0.5535940546025053,1.0,0.5021899610907392,1.0,0.985,0.619549693038294,instance,informative+noise
0,0.8,0.4,0.696,0.6,0.6213103584999805,1.0,0.5019922629204603,1.0,0.99,0.5515819513576409,instance,informative+noise
0,0.0,0.2,0.696,0.6,0.7669879471435527,0.0,0.4977240025239851,0.9801324503311258,0.965,0.249869030264353,instance,informative+noise
0,0.15384615384615385,0.6,0.696,0.8,0.6208941079329321,1.0,0.5026883791322294,1.0,0.995,0.3933542327706332,instance,informative+noise
0,0.0,0.6,0.696,0.7,0.572072375328164,1.0,0.5038411822877717,1.0,0.98,0.6571768415900635,instance,informative+noise
0,0.0,0.4,0.696,0.7,0.43113470281592825,0.0,0.49516529755348204,0.9933774834437086,0.98,1.0861874625275976,instance,informative+noise
0,0.0,0.6,0.696,0.6,0.4352187078808526,0.0,0.4945069856777051,0.9933774834437086,0.975,0.9100443754242488,instance,informative+noise
0,0.2222222222222222,0.2,0.696,0.8,0.48301820112532556,0.0,0.4846667032591231,0.9801324503311258,0.965,0.5452251163109176,instance,informative+noise
0,0.5,0.6,0.696,0.6,0.6671819064042129,0.2,0.4949730906713463,0.9933774834437086,0.995,-0.40138027911015545,instance,informative+noise
0,0.0,0.4,0.696,0.9,0.46401039433087954,1.0,0.5059944411157637,1.0,0.995,1.4476431145723734,instance,informative+noise
0,0.0,0.4,0.696,0.5,0.47697838820390226,0.5,0.4972114967848146,0.9933774834437086,0.98,0.2553411242203402,instance,informative+noise
0,0.0,0.4,0.696,0.7,0.5326655577698389,0.5,0.4965785157887247,0.9933774834437086,0.985,1.0858920498333087,instance,informative+noise
0,0.0,0.2,0.696,0.6,0.441074721430915,0.0,0.4971233562166891,0.9933774834437086,0.955,0.7701615418565604,instance,informative+noise
0,0.5,0.2,0.696,0.5,0.4502673177333426,0.0,0.49000017136966134,0.9933774834437086,0.985,0.9872791599732789,instance,informative+noise
0,0.0,0.2,0.696,0.6,0.4895543657546009,0.0,0.48121408615782724,0.9801324503311258,0.98,0.6506225110673947,instance,informative+noise
0,0.5,0.4,0.696,0.6,0.46305138017123804,0.0,0.4969729204527271,0.9801324503311258,0.975,1.1071509117776326,instance,informative+noise
0,0.5,0.2,0.696,0.7,0.6463611579283698,0.0,0.4845744361370261,0.9735099337748344,0.98,-0.08812880085712446,instance,informative+noise
0,0.0,1.0,0.696,0.5,0.520001114418891,1.0,0.5155288151517826,1.0,0.98,0.5339261252840523,instance,informative+noise
0,0.6666666666666667,0.6,0.696,0.4,0.6258885456673896,1.0,0.5037191100473337,1.0,0.975,-0.03720601407084717,instance,informative+noise
0,0.9,0.8,0.696,0.6,0.5867526978568641,1.0,0.5028353672471833,1.0,0.98,1.0939725616149252,instance,informative+noise
0,0.8888888888888888,0.6,0.696,0.6,0.48348632242319833,1.0,0.5010959162502845,1.0,0.975,1.9492177029700577,instance,informative+noise
0,0.5,0.4,0.696,0.6,0.48501940713107905,0.0,0.4826592353409971,0.9867549668874173,1.0,1.7732579296817952,instance,informative+noise
0,0.0,0.4,0.696,0.6,0.46155113746953147,1.0,0.5035221950467884,1.0,0.975,1.058245020874616,instance,informative+noise
0,0.0,0.4,0.696,0.9,0.4561080271917583,1.0,0.5019451154121097,1.0,0.99,0.3801644481180596,instance,informative+noise
0,0.15384615384615385,0.8,0.696,0.5,0.433689087929318,1.0,0.5038762216186204,1.0,0.99,1.3098926363543237,instance,informative+noise
0,0.0,0.6,0.696,0.7,0.43570166843939845,0.4,0.5023765209638964,1.0,0.995,2.504091232627406,instance,informative+noise
0,0.5,0.4,0.696,0.4,0.4905840222064549,0.0,0.49921457754715026,0.9933774834437086,0.985,0.8909036091805412,instance,informative+noise
0,0.4444444444444444,0.4,0.696,0.6,0.43751459215919464,0.0,0.4967252134345531,0.9933774834437086,0.975,0.9519763896330845,instance,informative+noise
0,0.0,0.2,0.696,0.6,0.43854132666737855,0.0,0.4945052397515536,0.9933774834437086,0.985,0.6063740649029704,instance,informative+noise
0,0.0,0.4,0.696,0.6,0.5742142368265154,0.0,0.48404555824408024,0.9801324503311258,0.995,0.7002798579709125,instance,informative+noise
0,0.4285714285714286,0.4,0.696,0.7,0.5619651756898244,0.42857142857142855,0.5061150163966569,1.0,1.0,0.1765649352187371,instance,informative+noise
0,0.5,0.4,0.696,0.5,0.7141771140041406,0.5,0.49570974731243467,0.9867549668874173,0.995,-0.1245594332882719,instance,informative+noise
0,0.2222222222222222,0.6,0.696,0.6,0.5426328916780369,1.0,0.5013116162464957,1.0,0.98,0.45497710218843496,instance,informative+noise
0,0.0,0.4,0.696,0.7,0.4584673619791121,0.6666666666666666,0.47520308658015364,0.9933774834437086,0.985,1.2912328518768645,instance,informative+noise
0,0.0,0.8,0.696,0.6,0.4333047726839018,1.0,0.5092360288353277,1.0,0.995,1.1649663285850071,instance,informative+noise
0,0.8571428571428572,0.8,0.696,0.8,0.7799225932746932,1.0,0.501398593351815,1.0,0.99,-0.055748155128075766,instance,informative+noise
0,0.0,0.4,0.696,0.4,0.4329130495995833,0.0,0.49421737751159256,0.9933774834437086,0.98,0.40815038788380015,instance,informative+noise
0,0.0,0.0,0.696,0.4,0.5578389866876132,0.0,0.48328952729976604,0.9668874172185431,0.985,0.6088787901832419,instance,informative+noise
0,0.1428571428571429,0.6,0.696,0.6,0.5456428267445469,0.0,0.4884978615037555,0.9933774834437086,0.975,0.09624392541724115,instance,informative+noise
0,0.0,0.2,0.696,0.4,0.49201290668924635,0.3333333333333333,0.5064814766898068,1.0,0.98,0.9596848821334486,instance,informative+noise
0,0.33333333333333337,0.4,0.696,0.6,0.6859102276762741,0.3,0.48213424069784006,0.9801324503311258,0.995,0.021922610395900727,instance,informative+noise
0,0.782608695652174,0.2,0.696,0.5,0.43420615951437724,0.0,0.48823115690141305,0.9867549668874173,0.99,0.7793143542510587,instance,informative+noise
0,0.0,0.2,0.696,0.7,0.4399151492114585,0.0,0.48678668803028746,0.9735099337748344,0.965,0.8440300562028432,instance,informative+noise
0,0.33333333333333337,0.8,0.696,0.7,0.5409909454027025,0.5,0.4971526398273495,0.9933774834437086,0.995,0.1453376191881351,instance,informative+noise
0,0.6666666666666667,0.4,0.696,0.6,0.44837494013946966,1.0,0.5022319035452283,1.0,0.985,0.8265803901150437,instance,informative+noise
0,0.4117647058823529,0.4,0.696,0.7,0.6824340003145831,0.0,0.4933564835817653,0.9801324503311258,0.98,0.5626616845707951,instance,informative+noise
0,0.0,0.8,0.696,0.6,0.5329293006715076,0.0,0.4841765913636109,0.9933774834437086,0.98,0.9807015155782337,instance,informative+noise
0,0.5,0.4,0.696,0.6,0.4898242620345393,0.2,0.4987935398217306,0.9933774834437086,0.99,0.6868240970682788,instance,informative+noise
0,0.5,0.4,0.696,0.4,0.5331036797216484,0.0,0.49607896529820994,0.9801324503311258,0.98,-0.16777970123197045,instance,informative+noise
1,0.0,0.6,0.30400000000000005,0.5,0.25454647673872144,1.0,0.5040641727569297,1.0,0.985,-0.34580008175621,instance,informative+noise
0,0.2222222222222222,0.2,0.696,0.4,0.42931794812142676,0.0,0.48801120882404303,0.9735099337748344,0.98,0.9821988575517276,instance,informative+noise
0,0.4117647058823529,0.2,0.696,0.6,0.4774763103334552,0.0,0.4973615427716772,0.9801324503311258,0.99,0.12062174714102387,instance,informative+noise
1,0.33333333333333337,0.6,0.30400000000000005,0.6,0.5635448739121158,1.0,0.5212016655163104,1.0,0.995,0.15016600056583634,instance,informative+noise
0,0.0,0.6,0.696,0.4,0.603830934113939,0.5,0.5051376910731222,1.0,0.985,-0.19411886435401346,instance,informative+noise
0,0.5,0.2,0.696,0.9,0.43063638363243906,0.0,0.4821589790350008,0.9933774834437086,0.98,0.7437018655149312,instance,informative+noise
0,0.7142857142857143,0.6,0.696,0.6,0.45802389655512765,0.6666666666666666,0.5000993437964867,1.0,1.0,1.2940069805887289,instance,informative+noise
0,0.5,0.2,0.696,0.6,0.42919528776595844,0.0,0.48765283941095805,0.9801324503311258,0.98,1.4147779989425795,instance,informative+noise
0,0.782608695652174,0.4,0.696,0.7,0.44478404728580145,1.0,0.502836713393372,1.0,0.985,0.8054644387205183,instance,informative+noise
1,0.7142857142857143,0.6,0.30400000000000005,0.6,0.45027936979245387,0.8571428571428571,0.4951526964215365,0.9971181556195965,0.99,-0.2103828006633929,instance,informative+noise
0,0.8571428571428572,0.4,0.696,0.5,0.45846299946914937,1.0,0.5001803383888423,1.0,0.995,0.45608769794703113,instance,informative+noise
0,0.7692307692307692,0.6,0.696,1.0,0.6855213724868452,0.0,0.497819399704743,0.9933774834437086,0.98,0.05431263087290895,instance,informative+noise
0,0.8888888888888888,0.6,0.696,0.7,0.6559571648118123,0.5,0.5065799257893329,1.0,0.99,0.2256728283231363,instance,informative+noise
0,0.5,0.6,0.696,0.5,0.535026300567105,0.0,0.48587763509918236,0.9933774834437086,0.995,0.5985857806755933,instance,informative+noise
0,0.0,0.4,0.696,0.9,0.42913901224658557,1.0,0.502018510157412,1.0,0.995,0.9460896026294151,instance,informative+noise
1,0.5,1.0,0.30400000000000005,0.6,0.467933826239607,1.0,0.5072020664593173,1.0,0.99,-0.25338397866435397,instance,informative+noise
0,0.2857142857142857,0.2,0.696,0.6,0.4499502926133211,1.0,0.5004220983937446,1.0,0.99,0.10084597904535651,instance,informative+noise
0,0.15384615384615385,0.6,0.696,0.5,0.462266105406656,1.0,0.5176449045549832,1.0,0.97,0.954491565530255,instance,informative+noise
0,0.4117647058823529,0.6,0.696,0.5,0.6816037244162274,0.7142857142857143,0.49920689678032837,0.9933774834437086,0.99,0.2812882497368276,instance,informative+noise
0,0.5,0.4,0.696,0.6,0.5620567805159262,0.375,0.49912107155490193,0.9933774834437086,1.0,-0.14846848426977577,instance,informative+noise
0,0.5,0.4,0.696,0.6,0.5425202418707322,0.0,0.4864132560971729,0.9933774834437086,0.955,0.9395081782467122,instance,informative+noise
0,0.5,0.4,0.696,0.5,0.5545369227984146,0.0,0.49244580265906834,0.9933774834437086,0.97,0.6227815125877989,instance,informative+noise
0,0.5,0.2,0.696,0.5,0.4532527071121287,0.0,0.4989759689296708,0.9933774834437086,0.99,1.130393746444346,instance,informative+noise
0,0.4285714285714286,0.4,0.696,0.7,0.625001371996338,0.2857142857142857,0.4965321258634281,0.9867549668874173,0.995,0.6462813871507161,instance,informative+noise
0,0.1428571428571429,0.2,0.696,0.7,0.47226553683805894,0.0,0.4857172192121686,0.9867549668874173,0.985,0.7723501226641122,instance,informative+noise
0,0.0,0.4,0.696,0.6,0.6094990679778944,0.5,0.5023660990281159,1.0,0.98,0.1716007621523686,instance,informative+noise
0,0.0,0.8,0.696,0.6,0.5007099527076316,1.0,0.5110423458061821,1.0,0.985,1.102260071159865,instance,informative+noise
0,0.5,0.0,0.696,0.5,0.5622098014318286,0.0,0.49004594767369547,0.9668874172185431,0.98,0.6451700632390005,instance,informative+noise
0,0.4117647058823529,0.2,0.696,0.7,0.42921844926645025,0.0,0.4794914801836584,0.9801324503311258,0.975,1.5428695027494403,instance,informative+noise
0,0.5,0.6,0.696,0.6,0.4314383856641161,0.0,0.4938640906977506,0.9933774834437086,0.98,1.345092353081512,instance,informative+noise
0,0.7142857142857143,0.8,0.696,0.7,0.6626479872058744,0.6,0.5083855923732676,1.0,0.985,-0.1989251145570632,instance,informative+noise
0,0.0,0.0,0.696,0.5,0.4311914583717634,0.0,0.4716550559826008,0.9602649006622517,0.985,1.902359704413753,instance,informative+noise
0,0.15384615384615385,0.2,0.696,0.5,0.43474820519322277,0.2857142857142857,0.5032037713620804,1.0,0.99,0.5328610229787397,instance,informative+noise
0,0.75,1.0,0.696,0.8,0.568328568996702,1.0,0.5106151089982414,1.0,0.99,0.37767494747207814,instance,informative+noise
0,0.0,0.4,0.696,0.4,0.4984048570640417,0.0,0.4648122651169516,0.9867549668874173,0.98,0.25688006595431484,instance,informative+noise
0,0.6666666666666667,0.8,0.696,0.6,0.547878833297093,1.0,0.5006983476895638,1.0,0.975,0.2086376152033007,instance,informative+noise
0,0.33333333333333337,0.4,0.696,0.5,0.5891570117591644,0.0,0.48218156019319225,0.9867549668874173,0.975,0.016358535696805294,instance,informative+noise
0,0.0,0.4,0.696,0.6,0.4794388982409447,0.5,0.4989377856871965,0.9933774834437086,0.975,-0.12267202169900347,instance,informative+noise
0,0.0,0.6,0.696,0.5,0.4569222892345608,0.0,0.4924373190765222,0.9933774834437086,0.98,0.6590593072361888,instance,informative+noise
0,0.1428571428571429,0.2,0.696,0.5,0.6283503029072645,0.0,0.49331147746231274,0.9735099337748344,0.985,-0.3597534019628727,instance,informative+noise
0,0.4285714285714286,0.4,0.696,0.5,0.5654111064563168,1.0,0.5046775424477088,1.0,0.99,0.6651945987597688,instance,informative+noise
0,0.4444444444444444,0.4,0.696,0.6,0.45760614325304416,0.0,0.4921150655911034,0.9867549668874173,0.99,1.6527484220365052,instance,informative+noise
0,0.15384615384615385,0.4,0.696,0.6,0.5537516689683822,0.0,0.48814808573805146,0.9933774834437086,0.995,0.1660109656393425,instance,informative+noise
0,0.4444444444444444,0.8,0.696,0.5,0.7069469792620255,0.4,0.5033859590085225,1.0,0.99,0.3160336616367878,instance,informative+noise
0,0.0,0.6,0.696,0.8,0.5702400903575839,1.0,0.5059287658303044,1.0,0.98,-0.20230835416885148,instance,informative+noise
0,0.2857142857142857,0.6,0.696,0.6,0.7164379285008755,0.6666666666666666,0.5002324273900851,1.0,0.99,0.25312914014425325,instance,informative+noise
0,0.0,0.4,0.696,0.5,0.4988126749742789,0.0,0.4845632788092207,0.9801324503311258,0.995,0.8625579121098877,instance,informative+noise
0,0.0,0.4,0.696,0.5,0.4315678524064586,0.0,0.4830108759574686,0.9933774834437086,0.97,0.7854195299385257,instance,informative+noise
0,0.2857142857142857,0.2,0.696,0.5,0.5033869750340313,1.0,0.5038023781549548,1.0,0.99,0.9456622362121316,instance,informative+noise
0,0.4444444444444444,0.4,0.696,0.7,0.6115663892770912,0.5,0.5021854150269147,1.0,0.98,0.85918204618098,instance,informative+noise
0,0.4117647058823529,0.4,0.696,0.6,0.4649371379986833,1.0,0.503677509176182,1.0,0.995,-0.006433356867189516,instance,informative+noise
0,0.5,0.2,0.696,0.7,0.43691686724988177,0.0,0.4980629174768735,0.9867549668874173,0.975,0.7872707431092729,instance,informative+noise
0,0.0,0.4,0.696,0.6,0.5300410049055889,0.0,0.4992154966058109,0.9867549668874173,0.97,-0.14177752380766032,instance,informative+noise
0,0.0,0.4,0.696,0.9,0.5453036322303481,0.0,0.4920118474133415,0.9801324503311258,0.97,0.2183487440373527,instance,informative+noise
0,0.4285714285714286,0.4,0.696,0.8,0.5633989033477231,0.0,0.4872713292804861,0.9867549668874173,0.985,0.9856411756108091,instance,informative+noise
0,0.0,0.0,0.696,0.6,0.4757689650853584,0.0,0.48676199541707754,0.9668874172185431,0.97,0.519025586583275,instance,informative+noise
0,0.7142857142857143,0.4,0.696,0.6,0.43074587598254677,0.0,0.4870398314518656,0.9801324503311258,0.975,1.186675476878846,instance,informative+noise
0,0.0,0.4,0.696,0.8,0.44096355129065523,0.2,0.4828076226739386,0.9801324503311258,1.0,1.0440968107929463,instance,informative+noise
1,0.0,0.6,0.30400000000000005,0.9,0.3122417970396474,0.5,0.49908071033726065,0.9971181556195965,0.99,-0.009788457846648774,instance,informative+noise
0,0.6666666666666667,0.6,0.696,0.4,0.43114539516794026,0.3333333333333333,0.5097573182604989,1.0,0.98,0.9585755209210459,instance,informative+noise
0,0.4444444444444444,0.6,0.696,0.6,0.5693065232060359,0.0,0.49331439612543093,0.9933774834437086,0.98,-0.05728278696117305,instance,informative+noise
0,0.0,0.6,0.696,0.4,0.4590591480569973,1.0,0.5004747745349847,1.0,0.98,1.4526668462660763,instance,informative+noise
0,0.75,0.8,0.696,0.6,0.5543062540331257,1.0,0.5054859617756411,1.0,0.985,-0.42166444199439845,instance,informative+noise
0,0.1428571428571429,0.2,0.696,0.8,0.4483076128410929,0.25,0.49553676470976027,0.9867549668874173,0.995,0.5963323364843485,instance,informative+noise
0,0.2222222222222222,0.4,0.696,0.7,0.428514162285937,1.0,0.5013128941380625,1.0,0.98,1.4007523189631714,instance,informative+noise
0,0.0,0.4,0.696,0.6,0.5157292954218436,0.0,0.48998696947289855,0.9933774834437086,0.98,0.8896177070599965,instance,informative+noise
0,0.33333333333333337,0.4,0.696,0.6,0.5347250435275512,0.5,0.49575050762689254,0.9933774834437086,0.99,0.5073262273757543,instance,informative+noise
0,0.0,0.6,0.696,0.5,0.5496004019237819,0.0,0.49399675701163126,0.9933774834437086,0.965,1.1752173384875833,instance,informative+noise
0,0.2222222222222222,0.2,0.696,0.7,0.5473665986383398,0.0,0.4945260475085095,0.9801324503311258,0.965,0.650303180765474,instance,informative+noise
0,0.4117647058823529,0.4,0.696,0.5,0.6158330811692362,0.0,0.49175976586796355,0.9867549668874173,0.99,0.2914004231460407,instance,informative+noise
0,0.4117647058823529,0.8,0.696,0.7,0.5504821313551295,0.5,0.4955621843819298,0.9933774834437086,0.965,-0.3648073467015556,instance,informative+noise
0,0.0,0.2,0.696,0.6,0.5199289167491136,0.0,0.4885343125332434,0.9801324503311258,1.0,0.32804667477699634,instance,informative+noise
0,0.0,0.4,0.696,0.5,0.4484859713827931,0.0,0.4985421792319734,0.9933774834437086,0.99,1.0247484306851846,instance,informative+noise
0,0.15384615384615385,0.4,0.696,0.5,0.6044918128721014,0.0,0.49610655568749773,0.9933774834437086,0.97,0.3425021493425823,instance,informative+noise
0,0.15384615384615385,0.2,0.696,0.6,0.614242968926186,0.0,0.4951718585221945,0.9801324503311258,0.995,0.33160722513538116,instance,informative+noise
0,0.5,0.8,0.696,0.7,0.4348218400260644,0.0,0.4794525482175028,0.9933774834437086,0.985,1.008696503582152,instance,informative+noise
0,0.15384615384615385,0.4,0.696,0.8,0.5423475466642556,0.0,0.49076319703036153,0.9867549668874173,0.99,0.6037122915282489,instance,informative+noise
0,0.2857142857142857,0.6,0.696,0.6,0.43495354418205534,1.0,0.5016403714789004,1.0,0.99,1.433902582544289,instance,informative+noise
0,0.8333333333333334,0.4,0.696,0.6,0.44060023289745004,0.0,0.4914879947225157,0.9933774834437086,0.995,0.7591817303025081,instance,informative+noise
0,0.4117647058823529,0.8,0.696,0.9,0.7003394047989975,0.5,0.5048959896829704,1.0,0.98,-0.4398738926409604,instance,informative+noise
1,0.5,0.4,0.30400000000000005,0.6,0.20874822766683465,0.0,0.49987975121583117,0.9971181556195965,0.99,1.260507598313728,instance,informative+noise
0,0.2222222222222222,0.8,0.696,0.4,0.5014503841927217,0.5714285714285714,0.4996987631464759,0.9933774834437086,0.99,0.6586287638083276,instance,informative+noise
0,0.7142857142857143,0.2,0.696,0.6,0.6448553976488319,1.0,0.5050439993530532,1.0,0.985,-0.10176403359697941,instance,informative+noise
0,0.5,0.4,0.696,0.5,0.443358438218869,0.0,0.4947679012414803,0.9867549668874173,0.99,0.14122698459526267,instance,informative+noise
0,0.7692307692307692,0.8,0.696,0.9,0.5092747306675437,1.0,0.5030041706705828,1.0,0.98,0.040923078117647296,instance,informative+noise
0,0.4117647058823529,0.2,0.696,0.5,0.5548362455214857,0.0,0.49530722433908414,0.9735099337748344,0.99,0.5246016269670823,instance,informative+noise
0,0.0,0.8,0.696,0.5,0.49327597325515704,0.5,0.49992787296254726,0.9933774834437086,0.995,0.3704938643380436,instance,informative+noise
0,0.7142857142857143,0.4,0.696,0.6,0.6212179421449687,0.5,0.4970483430537701,0.9933774834437086,0.995,0.6011296629555333,instance,informative+noise
1,0.0,0.4,0.30400000000000005,0.7,0.21002133639558246,0.5,0.502375108666013,1.0,0.985,0.8798345004314144,instance,informative+noise
0,0.15384615384615385,0.4,0.696,0.7,0.46147685230185254,1.0,0.508181764433792,1.0,0.985,0.8811161524295684,instance,informative+noise
0,0.0,0.6,0.696,0.5,0.5557829810373213,0.0,0.4950718427781985,0.9867549668874173,0.98,0.2422384574047031,instance,informative+noise
0,0.0,0.6,0.696,0.5,0.5518279139541108,0.0,0.4894898767224606,0.9933774834437086,0.99,0.2556250715253123,instance,informative+noise
0,0.1428571428571429,0.4,0.696,0.7,0.6367974888131728,0.3333333333333333,0.5135960948930206,1.0,1.0,0.3126124801335523,instance,informative+noise
1,0.0,0.4,0.30400000000000005,0.5,0.2310780627592245,0.25,0.4823098263928949,0.9942363112391931,0.99,1.2306431599921919,instance,informative+noise
1,0.2857142857142857,0.0,0.30400000000000005,0.6,0.3524960611406137,0.0,0.4649347044462845,0.9423631123919308,0.985,0.5191972769961908,instance,informative+noise
1,0.5882352941176471,0.4,0.30400000000000005,0.3,0.3191462440126577,0.0,0.49559121839840314,0.9942363112391931,0.975,0.7582570449982403,instance,informative+noise
1,0.2857142857142857,0.0,0.30400000000000005,0.5,0.43340740597643745,0.0,0.4813643402133915,0.9740634005763689,0.99,0.7659763825070489,instance,informative+noise
1,0.2857142857142857,0.2,0.30400000000000005,0.4,0.2040663878767175,0.0,0.4691770291197811,0.9884726224783862,0.995,0.9723182849181213,instance,informative+noise
1,0.0,0.2,0.30400000000000005,0.5,0.2515500344340188,0.0,0.49792463592613956,0.9942363112391931,0.975,0.4443376552385353,instance,informative+noise
1,0.11111111111111116,0.0,0.30400000000000005,0.9,0.2018019603166114,0.0,0.4809821269810053,0.9567723342939481,0.955,1.724315671995031,instance,informative+noise
1,0.23076923076923073,0.0,0.30400000000000005,0.5,0.21026085447076043,0.0,0.48520475679802955,0.968299711815562,0.99,0.7147711335520884,instance,informative+noise
1,0.1428571428571429,0.2,0.30400000000000005,0.5,0.1977985124060414,0.0,0.48954396186593996,0.9942363112391931,0.97,1.3498331498600216,instance,informative+noise
1,0.0,0.0,0.30400000000000005,0.5,0.1991678026389338,0.0,0.4901446493603234,0.9855907780979827,0.985,1.3402333777892188,instance,informative+noise
1,0.0,0.4,0.30400000000000005,0.6,0.22557109079118293,0.0,0.49392637704023135,0.9942363112391931,0.98,0.9746356340110425,instance,informative+noise
1,0.0,0.2,0.30400000000000005,0.7,0.2836906647651315,0.0,0.4948358030277632,0.9942363112391931,0.98,0.7193900864587295,instance,informative+noise
1,0.0,0.0,0.30400000000000005,0.5,0.19749765521525842,0.0,0.4880139282843593,0.9740634005763689,0.99,0.8540117251227007,instance,informative+noise
1,0.0,0.0,0.30400000000000005,1.0,0.19789378309078076,0.0,0.4853482767504804,0.962536023054755,0.985,0.3904123100572633,instance,informative+noise
1,0.0,0.0,0.30400000000000005,0.6,0.197011119031949,0.0,0.4839861571776083,0.9711815561959655,0.985,0.42631059789207315,instance,informative+noise
1,0.0,0.2,0.30400000000000005,0.4,0.2511499840641097,0.0,0.48756953153380245,0.9913544668587896,0.98,0.9225134479882049,instance,informative+noise
1,0.0,0.0,0.30400000000000005,1.0,0.2999347976784734,0.0,0.483518542427533,0.9711815561959655,0.99,1.0234975655873155,instance,informative+noise
1,0.0,0.8,0.30400000000000005,0.5,0.29440005969471184,1.0,0.5126426383198275,1.0,0.995,0.37821119580292184,instance,informative+noise
1,0.33333333333333337,0.0,0.30400000000000005,1.0,0.20330194944746427,0.0,0.492389840230147,0.9510086455331412,0.995,0.3248477352316882,instance,informative+noise
0,0.782608695652174,0.6,0.696,0.5,0.6703794986269437,0.5555555555555556,0.5032555044337166,1.0,0.995,-0.6788930428087395,instance,informative+noise
1,0.23076923076923073,0.2,0.30400000000000005,0.5,0.21153474324995025,0.0,0.4886686331347635,0.9942363112391931,0.96,0.5058177071757036,instance,informative+noise
1,0.5714285714285714,0.2,0.30400000000000005,0.9,0.19807579891852928,0.0,0.4876754179849899,0.9884726224783862,0.99,1.2506651405821716,instance,informative+noise
1,0.25,0.0,0.30400000000000005,0.6,0.49951005291266204,0.0,0.4792324676781403,0.9769452449567724,0.975,1.0112685060554343,instance,informative+noise
1,0.0,0.0,0.30400000000000005,0.6,0.1963249733285431,0.0,0.48719424556861046,0.9365994236311239,0.95,0.8333639589866676,instance,informative+noise
1,0.23076923076923073,0.4,0.30400000000000005,0.5,0.1992609629426793,0.0,0.4983619261432145,0.9942363112391931,0.98,0.9625923479045894,instance,informative+noise
1,0.0,0.4,0.30400000000000005,0.5,0.2327779031626166,0.5,0.5001285359910991,1.0,0.985,0.5539736963135572,instance,informative+noise
1,0.5,0.4,0.30400000000000005,0.5,0.2063134555358479,0.5,0.49324529722408517,0.9971181556195965,0.985,0.8387897438267474,instance,informative+noise
1,0.8461538461538461,0.4,0.30400000000000005,0.5,0.20603755596675372,0.0,0.4951032405324942,0.9913544668587896,0.985,0.7348389871552718,instance,informative+noise
1,0.1428571428571429,0.2,0.30400000000000005,0.7,0.20832785331428855,0.0,0.49481874468397447,0.9971181556195965,0.98,0.7896332704237408,instance,informative+noise
1,0.0,0.2,0.30400000000000005,0.5,0.19722807676091197,0.2,0.4961818843247635,0.9913544668587896,0.985,0.9444589891270064,instance,informative+noise
1,0.0,0.0,0.30400000000000005,1.0,0.30654588646951597,0.0,0.49143268408045393,0.9740634005763689,0.99,0.5237730782568393,instance,informative+noise
1,0.11111111111111116,0.0,0.30400000000000005,0.6,0.2443222555631957,0.0,0.4825304625477387,0.968299711815562,0.98,0.6932029552482893,instance,informative+noise
1,0.0,0.4,0.30400000000000005,0.8,0.34390262238773717,1.0,0.5007108673747936,1.0,1.0,0.4544888871048921,instance,informative+noise
1,0.0,0.2,0.30400000000000005,0.5,0.19605183260828418,0.5,0.4968368855843186,0.9971181556195965,0.99,0.43971929763322465,instance,informative+noise
1,0.0,0.0,0.30400000000000005,0.3,0.21345307431487776,0.0,0.4938634050899353,0.9740634005763689,0.98,1.228180131461299,instance,informative+noise
1,0.0,0.0,0.30400000000000005,0.5,0.33929381650218104,0.0,0.485365955601643,0.9798270893371758,0.985,0.9570343931027407,instance,informative+noise
1,0.0,0.0,0.30400000000000005,0.7,0.21124288453640194,0.0,0.48915327157264776,0.9798270893371758,0.99,0.43427812368505747,instance,informative+noise
1,0.0,0.0,0.30400000000000005,0.4,0.1963773809936017,0.0,0.44524832710350604,0.9510086455331412,0.995,1.7691226610801771,instance,informative+noise
1,0.0,0.2,0.30400000000000005,0.5,0.23832871852676696,0.0,0.49559722875762346,0.9913544668587896,0.99,0.29916721794447804,instance,informative+noise
1,0.5555555555555556,0.4,0.30400000000000005,0.7,0.23870394860268884,0.5,0.5037719417610391,1.0,0.985,1.0906546536596613,instance,informative+noise
1,0.0,0.2,0.30400000000000005,0.7,0.30682464582988145,0.0,0.49271202847147244,0.9942363112391931,0.995,0.5997670637774379,instance,informative+noise
1,0.0,0.2,0.30400000000000005,1.0,0.20009076955455696,0.0,0.4951904754333819,0.9971181556195965,0.97,1.6854223994928976,instance,informative+noise
1,0.11111111111111116,0.0,0.30400000000000005,0.7,0.23888368090019974,0.2857142857142857,0.46925219241808236,0.9855907780979827,0.995,1.1775696980918358,instance,informative+noise
1,0.09999999999999998,0.2,0.30400000000000005,0.5,0.19712219213382004,0.0,0.49747165156714324,0.9971181556195965,0.97,0.6640407342363768,instance,informative+noise
1,0.5,0.2,0.30400000000000005,1.0,0.3076104656056432,0.0,0.49560775178338645,0.9884726224783862,0.985,0.3704256537167966,instance,informative+noise
1,0.2857142857142857,0.0,0.30400000000000005,1.0,0.20038286462969174,0.0,0.4913856330823957,0.9769452449567724,0.99,1.0153809071905273,instance,informative+noise
1,0.0,0.2,0.30400000000000005,0.5,0.24675446257756295,0.0,0.4936347302969021,0.9884726224783862,0.985,0.9003254819652116,instance,informative+noise
1,0.0,0.2,0.30400000000000005,0.5,0.19619155063358745,0.0,0.4925247651198632,0.9942363112391931,0.99,0.5620018936262279,instance,informative+noise
1,0.09999999999999998,0.0,0.30400000000000005,1.0,0.21946896763721463,0.0,0.47670332219994804,0.9711815561959655,0.985,0.09762449158367337,instance,informative+noise
1,0.0,0.0,0.30400000000000005,0.5,0.20115246756829175,0.0,0.48675959661626955,0.9827089337175793,0.975,1.1256056572458786,instance,informative+noise
1,0.0,0.4,0.30400000000000005,1.0,0.1967061728042518,0.0,0.4963298549665587,0.9971181556195965,0.99,2.173337784018303,instance,informative+noise
1,0.5,0.2,0.30400000000000005,0.7,0.20165929948678885,0.0,0.49283235140765325,0.9884726224783862,0.98,0.9325551668723542,instance,informative+noise
1,0.0,0.0,0.30400000000000005,0.6,0.2135284897164646,0.0,0.48181970255468887,0.9740634005763689,0.995,0.9431347657642565,instance,informative+noise
1,0.0,0.0,0.30400000000000005,0.5,0.19809787129091216,0.0,0.4802850519630216,0.962536023054755,0.99,1.450461382039893,instance,informative+noise
1,0.0,0.2,0.30400000000000005,0.6,0.20061812367605747,1.0,0.5003494192662723,1.0,0.965,0.4834998919138361,instance,informative+noise
1,0.0,0.0,0.30400000000000005,1.0,0.1960646615052702,0.0,0.47619131956575966,0.9769452449567724,0.985,1.0269383692283807,instance,informative+noise
1,0.0,0.4,0.30400000000000005,0.9,0.33185715746271427,1.0,0.5119696125562874,1.0,0.99,1.2002819674536818,instance,informative+noise
1,0.0,0.2,0.30400000000000005,0.4,0.2815905048449595,0.3333333333333333,0.48946981120680233,0.9942363112391931,0.995,0.20810226268837007,instance,informative+noise
1,0.33333333333333337,0.4,0.30400000000000005,0.5,0.31801317237292404,0.0,0.49214189825134547,0.9942363112391931,0.995,0.6957914640611964,instance,informative+noise
1,0.11111111111111116,0.2,0.30400000000000005,1.0,0.19812127964542448,0.2631578947368421,0.49894890184970186,0.9971181556195965,0.99,0.22866660356437088,instance,informative+noise
1,0.5,0.4,0.30400000000000005,0.5,0.364006003471232,0.0,0.49764966047347026,0.9942363112391931,0.965,0.7017460400814245,instance,informative+noise
1,0.23076923076923073,0.2,0.30400000000000005,0.6,0.4344603115210909,0.25,0.5075760494134978,1.0,0.98,0.6179507650907468,instance,informative+noise
1,0.0,0.0,0.30400000000000005,1.0,0.19607984153668223,0.0,0.4869065455636181,0.9855907780979827,0.965,0.8607580830126073,instance,informative+noise
1,0.0,0.2,0.30400000000000005,0.7,0.19727030043398264,0.0,0.48886138850960026,0.9913544668587896,0.99,1.581462332519935,instance,informative+noise
1,0.0,0.0,0.30400000000000005,0.5,0.2796419689436111,0.09090909090909091,0.4848903631877668,0.9596541786743515,0.99,0.6168908371853493,instance,informative+noise
1,0.5,0.4,0.30400000000000005,1.0,0.35554498070951424,0.5,0.49825018518122244,0.9971181556195965,0.985,0.6820102735380381,instance,informative+noise
1,0.0,0.0,0.30400000000000005,1.0,0.19645343106548363,0.0,0.49565714773521674,0.9855907780979827,0.975,1.4729018791556017,instance,informative+noise
1,0.21739130434782605,0.2,0.30400000000000005,0.5,0.2592977924717199,1.0,0.5099712796396629,1.0,0.98,1.2314145009849027,instance,informative+noise
1,0.21739130434782605,0.2,0.30400000000000005,0.5,0.39815862184765605,1.0,0.5122430521801591,1.0,0.985,0.24067492090971335,instance,informative+noise
1,0.0,0.2,0.30400000000000005,1.0,0.1978239140060763,1.0,0.5076503880963347,1.0,0.98,0.9494450557140512,instance,informative+noise
1,0.0,0.0,0.30400000000000005,1.0,0.20084794251198312,0.0,0.4861350762921727,0.9798270893371758,0.975,0.8299535933148664,instance,informative+noise
1,0.25,0.2,0.30400000000000005,1.0,0.20666827774774404,0.3333333333333333,0.49117883132312035,0.9913544668587896,0.995,0.6115488249412983,instance,informative+noise
1,0.21739130434782605,0.0,0.30400000000000005,0.5,0.33928894788811326,0.0,0.49210696672995247,0.9769452449567724,0.99,0.2905817340625318,instance,informative+noise
1,0.0,0.0,0.30400000000000005,1.0,0.19683447885788263,0.0,0.4837464337114482,0.9711815561959655,0.975,1.10721712936437,instance,informative+noise
1,0.0,0.2,0.30400000000000005,0.6,0.2113522742999704,0.0,0.4959518987551258,0.9971181556195965,0.985,0.7890626965112792,instance,informative+noise
0,0.5,0.6,0.696,0.7,0.5873274109454757,1.0,0.51033399911058,1.0,0.995,0.11671486258413645,instance,informative+noise
1,0.0,0.0,0.30400000000000005,0.9,0.22584586264328538,0.0,0.49020968642626384,0.9769452449567724,0.99,0.3335241579034043,instance,informative+noise
1,0.0,0.2,0.30400000000000005,1.0,0.28625498595300825,0.0,0.4944477855627307,0.9913544668587896,1.0,0.29351161438321766,instance,informative+noise
0,0.782608695652174,0.6,0.696,0.5,0.6304702736098667,1.0,0.5069391311383811,1.0,0.995,0.07810805666350847,instance,informative+noise
1,0.0,0.2,0.30400000000000005,0.5,0.19611343592628172,0.0,0.48437558891486976,0.9884726224783862,0.975,0.9717998009092985,instance,informative+noise
1,0.0,0.0,0.30400000000000005,0.5,0.2871413368448931,0.0,0.4766605529636061,0.968299711815562,0.98,0.4329039561709088,instance,informative+noise
1,0.33333333333333337,0.2,0.30400000000000005,0.5,0.29321567046375707,0.0,0.4958254998631578,0.9884726224783862,0.985,0.780118962893032,instance,informative+noise
1,0.0,0.0,0.30400000000000005,0.6,0.19882587982935773,0.0,0.4862104603836038,0.9855907780979827,0.985,0.7696568389299127,instance,informative+noise
1,0.25,0.4,0.30400000000000005,0.7,0.3663418229050438,0.0,0.47871524372092633,0.9913544668587896,0.99,0.682145042848554,instance,informative+noise
1,0.1428571428571429,0.2,0.30400000000000005,1.0,0.19625543685707125,0.0,0.4791211062614372,0.9884726224783862,0.995,1.2998834004310893,instance,informative+noise
1,0.0,0.0,0.30400000000000005,1.0,0.205500508186928,0.0,0.48790895127300205,0.9855907780979827,0.985,0.9013399714549879,instance,informative+noise
1,0.5,0.4,0.30400000000000005,0.4,0.1965480136744951,1.0,0.5094388386297034,1.0,0.975,0.6435654209106121,instance,informative+noise
1,0.0,0.0,0.30400000000000005,0.4,0.24805550250764963,0.0,0.48329259993709184,0.9596541786743515,0.99,0.6999447327250358,instance,informative+noise
1,0.0,0.0,0.30400000000000005,0.5,0.21188335820979515,0.0,0.4819298038508242,0.9740634005763689,0.985,0.5711880581385089,instance,informative+noise
1,0.1428571428571429,0.0,0.30400000000000005,1.0,0.2396844375333812,0.0,0.4860057892351579,0.9711815561959655,0.995,1.4203277463638224,instance,informative+noise
1,0.7777777777777778,0.2,0.30400000000000005,0.5,0.2764753278264762,0.0,0.48751452938802053,0.9884726224783862,0.99,0.5123130892705602,instance,informative+noise
1,0.0,0.0,0.30400000000000005,0.7,0.19733317716111393,0.0,0.47308529972438873,0.9855907780979827,0.995,1.5302992205354657,instance,informative+noise
1,0.0,0.0,0.30400000000000005,0.6,0.2100339208038794,0.07692307692307693,0.4830084898535496,0.968299711815562,0.995,0.7708097132492503,instance,informative+noise
1,0.0,0.0,0.30400000000000005,0.6,0.21048609630354898,0.0,0.47876458067242467,0.9711815561959655,0.99,0.4968344073133636,instance,informative+noise
1,0.11111111111111116,0.0,0.30400000000000005,0.9,0.19985200444172546,0.0,0.4715367763311381,0.9740634005763689,0.985,0.8430082749098992,instance,informative+noise
1,0.0,0.2,0.30400000000000005,0.5,0.3031649331792089,0.0,0.48568176487905523,0.9913544668587896,0.995,0.8427419021707694,instance,informative+noise
1,0.0,0.0,0.30400000000000005,1.0,0.20486291049040517,0.0,0.4916627610963452,0.9855907780979827,0.99,0.5990677563761175,instance,informative+noise
1,0.33333333333333337,0.0,0.30400000000000005,1.0,0.19635966338588673,0.0,0.4925369719574547,0.9855907780979827,0.97,0.9392601701104861,instance,informative+noise
1,0.0,0.2,0.30400000000000005,1.0,0.2075005094255361,0.0,0.49312449128939795,0.9913544668587896,0.98,2.069030769021132,instance,informative+noise
1,0.09999999999999998,0.4,0.30400000000000005,0.4,0.19620440127708882,1.0,0.501737250329994,1.0,0.98,1.439124689858537,instance,informative+noise
1,0.2857142857142857,0.0,0.30400000000000005,1.0,0.1975694830937812,0.0,0.49066993554800975,0.9740634005763689,0.985,0.9116009863896612,instance,informative+noise
1,0.0,0.0,0.30400000000000005,0.9,0.27747294227041497,0.0,0.48238072750420025,0.9365994236311239,0.98,1.256403116315291,instance,informative+noise
1,0.33333333333333337,0.0,0.30400000000000005,0.5,0.196905916620159,0.0,0.48250802167134055,0.9769452449567724,0.975,1.0244492510431014,instance,informative+noise
1,0.11111111111111116,0.4,0.30400000000000005,1.0,0.2299465699724293,0.6,0.500569655183446,1.0,0.995,0.3262342431696473,instance,informative+noise
1,0.0,0.0,0.30400000000000005,1.0,0.2553241173844759,0.0,0.4721558492038409,0.9711815561959655,0.985,0.9817244188431926,instance,informative+noise
1,0.5,0.2,0.30400000000000005,1.0,0.4058948259306341,1.0,0.5002990365905143,1.0,0.99,0.4888037698914969,instance,informative+noise
1,0.0,0.2,0.30400000000000005,0.9,0.19636493568435087,0.0,0.47721276264867274,0.9913544668587896,0.98,0.8857235436437214,instance,informative+noise
1,0.5,0.4,0.30400000000000005,0.5,0.3013093702491903,1.0,0.5018469397106888,1.0,0.97,0.32698288988843216,instance,informative+noise
1,0.09999999999999998,0.2,0.30400000000000005,0.5,0.19836174223667158,0.0,0.4971161323063902,0.9884726224783862,0.97,1.1906871558855705,instance,informative+noise
1,0.0,0.4,0.30400000000000005,1.0,0.3478513902949186,0.0,0.4921552882765422,0.9913544668587896,0.985,0.1402273086976291,instance,informative+noise
1,0.0,0.4,0.30400000000000005,0.6,0.23563466505137853,0.42857142857142855,0.48136201928759403,0.9971181556195965,0.995,1.0768105446546117,instance,informative+noise
1,0.0,0.0,0.30400000000000005,0.5,0.2014946258946586,0.0,0.49100891257753687,0.9798270893371758,0.96,1.0174860705747766,instance,informative+noise
1,0.21739130434782605,0.2,0.30400000000000005,0.5,0.47251827473858193,1.0,0.515003892350907,1.0,0.97,0.16291481742072236,instance,informative+noise
1,0.0,0.2,0.30400000000000005,1.0,0.1961877074256838,0.0,0.4909699182162006,0.9913544668587896,0.975,1.4496947030074527,instance,informative+noise
1,0.0,0.0,0.30400000000000005,0.7,0.1971041254248262,0.25,0.4897254270652919,0.9855907780979827,0.995,1.610947340601823,instance,informative+noise
1,0.0,0.0,0.30400000000000005,0.5,0.19895090836308604,0.0,0.49429532283374733,0.9740634005763689,0.985,0.7658249018165809,instance,informative+noise
1,0.5,0.0,0.30400000000000005,0.6,0.22399606551471418,0.0,0.4895284300537235,0.9827089337175793,0.99,0.8331721725247224,instance,informative+noise
1,0.11111111111111116,0.0,0.30400000000000005,0.3,0.31637314147412243,0.0,0.49060820596977794,0.9740634005763689,0.975,0.7460757861710984,instance,informative+noise
1,0.5555555555555556,0.2,0.30400000000000005,0.5,0.23243200156951582,0.0,0.4949939662341689,0.9942363112391931,0.99,1.2104552412186178,instance,informative+noise
1,0.2857142857142857,0.0,0.30400000000000005,0.4,0.22324572250288677,0.0,0.4829554819667107,0.962536023054755,1.0,1.0214169184343065,instance,informative+noise
1,0.0,0.2,0.30400000000000005,0.5,0.20185470041624493,0.0,0.49072431815189443,0.9942363112391931,0.975,0.9004781872737803,instance,informative+noise
1,0.09999999999999998,0.2,0.30400000000000005,0.6,0.22210989354200816,0.3,0.4902340061460113,0.9913544668587896,0.99,0.8807980925692072,instance,informative+noise
1,0.8461538461538461,0.2,0.30400000000000005,0.5,0.21225031992241739,0.25,0.49514338828383797,0.9884726224783862,0.995,1.0792564212910545,instance,informative+noise
1,0.0,0.4,0.30400000000000005,0.5,0.5451433421499511,0.0,0.4925691325034035,0.9971181556195965,0.985,-0.03673865506092301,instance,informative+noise
1,0.2857142857142857,0.2,0.30400000000000005,0.4,0.21931575244632617,0.0,0.4907883370288155,0.9913544668587896,0.98,1.1162214298481279,instance,informative+noise
1,0.5,0.2,0.30400000000000005,0.5,0.35166387884074113,1.0,0.5008232465055212,1.0,0.99,0.6226516509140784,instance,informative+noise
1,0.0,0.2,0.30400000000000005,0.7,0.2975501513331916,0.0,0.4780590425070945,0.9913544668587896,0.985,0.31719306388514457,instance,informative+noise
1,0.33333333333333337,0.4,0.30400000000000005,1.0,0.3402405950054693,0.3333333333333333,0.4989293413260917,0.9942363112391931,0.985,0.7349162220570864,instance,informative+noise
0,0.782608695652174,0.6,0.696,0.4,0.6718702514463654,1.0,0.5009624431790553,1.0,0.975,-0.3153298396883078,instance,informative+noise
1,0.0,0.0,0.30400000000000005,0.6,0.1962109715818765,0.0,0.4836968866533533,0.9769452449567724,0.98,1.0038346272388787,instance,informative+noise
1,0.0,0.0,0.30400000000000005,0.6,0.20629186642490682,0.1111111111111111,0.48980941929504984,0.9827089337175793,1.0,1.4149747305774005,instance,informative+noise
1,0.0,0.2,0.30400000000000005,0.5,0.19650333086750582,0.0,0.4829781687757899,0.9942363112391931,0.985,0.8950229168794344,instance,informative+noise
1,0.0,0.0,0.30400000000000005,0.5,0.24025267869708006,0.0,0.4885289525029559,0.962536023054755,0.98,0.278442277290189,instance,informative+noise
1,0.11111111111111116,0.0,0.30400000000000005,0.6,0.5472688820748798,0.0,0.48624587773030714,0.9855907780979827,0.97,0.2745994752491625,instance,informative+noise
1,0.0,0.4,0.30400000000000005,0.9,0.21610104620723058,0.0,0.4962051896652031,0.9913544668587896,0.995,0.422584215030584,instance,informative+noise
1,0.2857142857142857,0.4,0.30400000000000005,0.9,0.33736277814100024,1.0,0.5004674933223656,1.0,0.96,-0.051619172931667325,instance,informative+noise
1,0.33333333333333337,0.0,0.30400000000000005,0.5,0.19960907094254943,0.0,0.48730469107209695,0.9798270893371758,0.975,0.7248178362838058,instance,informative+noise
1,0.5,0.2,0.30400000000000005,0.4,0.3791817407017928,0.0,0.4944634033245505,0.9942363112391931,0.985,0.428119234381538,instance,informative+noise
1,0.5,0.2,0.30400000000000005,0.3,0.21032608244691742,0.0,0.49050702485705444,0.9913544668587896,0.99,1.6756862425768777,instance,informative+noise
1,0.0,0.0,0.30400000000000005,0.5,0.20641788362287106,0.0,0.4892258507929754,0.9538904899135446,0.95,0.6696667233993712,instance,informative+noise
1,0.0,0.0,0.30400000000000005,0.5,0.3735578264977071,0.0,0.4772603484290241,0.968299711815562,0.975,0.9450330821383056,instance,informative+noise
1,0.0,0.0,0.30400000000000005,0.7,0.19712714129733966,0.0,0.4869262715738911,0.968299711815562,0.98,1.5536002751354216,instance,informative+noise
1,0.21739130434782605,0.4,0.30400000000000005,0.5,0.21497372615390853,0.0,0.49876076434142913,0.9971181556195965,0.97,1.0139952646651926,instance,informative+noise
1,0.5,0.2,0.30400000000000005,0.9,0.24483232702964075,0.0,0.4996007504680372,0.9971181556195965,0.985,1.3850987019500718,instance,informative+noise
1,0.0,0.4,0.30400000000000005,1.0,0.19866089776229812,0.0,0.4976678231746374,0.9942363112391931,0.98,0.7085227293862433,instance,informative+noise
1,0.0,0.4,0.30400000000000005,0.7,0.36797087688422236,1.0,0.5016847978522551,1.0,0.995,0.57484824874343,instance,informative+noise
1,0.21739130434782605,0.4,0.30400000000000005,0.5,0.21306707201454056,0.0,0.4970171117143516,0.9971181556195965,0.995,0.5566369983622802,instance,informative+noise
1,0.0,0.0,0.30400000000000005,0.5,0.1982136815635996,0.0,0.4828522597490026,0.9567723342939481,0.985,1.158790840009823,instance,informative+noise
1,0.0,0.4,0.30400000000000005,0.5,0.20374516568827816,0.0,0.497345156209115,0.9971181556195965,0.985,0.7468993024779838,instance,informative+noise
0,0.8888888888888888,0.8,0.696,0.7,0.7573203893648145,1.0,0.5094144868618373,1.0,0.995,-0.06154106247043379,instance,informative+noise
1,0.0,0.0,0.30400000000000005,1.0,0.2033186211167532,0.0,0.48764741035475667,0.9365994236311239,0.99,1.0285882428361701,instance,informative+noise
1,0.0,0.0,0.30400000000000005,0.5,0.19799096392698967,0.0,0.4846043615840603,0.9769452449567724,0.975,2.285200946012194,instance,informative+noise
1,0.33333333333333337,0.2,0.30400000000000005,0.4,0.22416655905655725,0.0,0.4754914379412397,0.9884726224783862,0.97,0.45704043869976485,instance,informative+noise
1,0.0,0.0,0.30400000000000005,0.5,0.22986331597676768,0.0,0.49099316006431504,0.9827089337175793,0.975,0.550364373387126,instance,informative+noise
1,0.1428571428571429,0.2,0.30400000000000005,0.7,0.32824092139649547,0.0,0.4943715501017525,0.9913544668587896,1.0,1.198462993706559,instance,informative+noise
1,0.0,0.0,0.30400000000000005,0.7,0.2548972564836701,0.0,0.47415195833428414,0.9827089337175793,0.97,1.234500093247771,instance,informative+noise
1,0.5882352941176471,0.0,0.30400000000000005,0.5,0.19880306595199565,0.0,0.47665628778954816,0.9740634005763689,0.98,2.0875282640951225,instance,informative+noise
1,0.0,0.6,0.30400000000000005,1.0,0.3722472468602953,0.0,0.4980687494246988,0.9971181556195965,0.98,0.6292744810845748,instance,informative+noise
1,0.0,0.0,0.30400000000000005,1.0,0.24374938365704385,0.0,0.4903527935739912,0.9711815561959655,0.98,0.34666635403379187,instance,informative+noise
1,0.2857142857142857,0.2,0.30400000000000005,0.4,0.27539397372829477,0.0,0.49054456995321327,0.9913544668587896,0.97,0.6089091637073326,instance,informative+noise
1,0.0,0.2,0.30400000000000005,0.6,0.22168719765242972,0.5,0.49097805697364927,0.9942363112391931,0.995,0.5745107312079376,instance,informative+noise
1,0.0,0.0,0.30400000000000005,0.3,0.1969912899637566,0.0,0.48778701687259096,0.9769452449567724,0.99,2.3380696551029776,instance,informative+noise
1,0.21739130434782605,0.2,0.30400000000000005,0.3,0.20158809578806114,0.0,0.4779544728942463,0.9884726224783862,0.98,1.2066806400143584,instance,informative+noise
1,0.11111111111111116,0.2,0.30400000000000005,0.6,0.2596353079913932,0.5,0.5014664262104145,1.0,0.99,0.5972216856427623,instance,informative+noise
1,0.0,0.2,0.30400000000000005,1.0,0.2211062123554517,0.0,0.49552352715934156,0.9942363112391931,0.98,0.8215453930852333,instance,informative+noise
1,0.11111111111111116,0.2,0.30400000000000005,0.6,0.34911526023161554,0.0,0.4821612079523777,0.9913544668587896,0.985,1.029226337417337,instance,informative+noise
1,0.0,0.2,0.30400000000000005,0.5,0.19663857985201583,0.0,0.47978147510811875,0.9913544668587896,0.985,0.8345664599965895,instance,informative+noise
1,0.5,0.2,0.30400000000000005,1.0,0.2627052349820964,0.0,0.4851767163694204,0.9884726224783862,0.985,0.22870031256236675,instance,informative+noise
1,0.5,0.6,0.30400000000000005,0.6,0.20888220585383577,0.0,0.4914264969341553,0.9971181556195965,0.98,1.2052161661498164,instance,informative+noise
1,0.7142857142857143,0.2,0.30400000000000005,1.0,0.2448582457366637,0.0,0.49192782487874276,0.9884726224783862,0.985,1.5403211027544308,instance,informative+noise
1,0.11111111111111116,0.2,0.30400000000000005,0.5,0.19670820418963986,0.0,0.49355111157244613,0.9971181556195965,0.985,1.4571740577305738,instance,informative+noise
1,0.5,0.2,0.30400000000000005,0.5,0.2181183198593697,0.0,0.49369080702382073,0.9971181556195965,0.995,0.5996946286430301,instance,informative+noise
1,0.0,0.0,0.30400000000000005,1.0,0.24934638097565898,0.0,0.49069931446889836,0.9798270893371758,0.985,0.950669514218739,instance,informative+noise
1,0.11111111111111116,0.0,0.30400000000000005,1.0,0.32453148664157805,0.0,0.4920705198100265,0.9740634005763689,0.99,0.37507787433858975,instance,informative+noise
1,0.21739130434782605,0.2,0.30400000000000005,1.0,0.19908578546497546,1.0,0.502831554635651,1.0,0.98,1.7702437259710826,instance,informative+noise
1,0.21739130434782605,0.4,0.30400000000000005,0.6,0.1961867480066551,0.0,0.4959684310241024,0.9971181556195965,0.965,0.6577134433327186,instance,informative+noise
1,0.5,0.4,0.30400000000000005,0.7,0.3052781303459451,1.0,0.5017078682102927,1.0,0.975,0.4351866746018933,instance,informative+noise
1,0.25,0.2,0.30400000000000005,1.0,0.3124520104792218,0.0,0.4963681369024028,0.9913544668587896,0.99,1.3211160189928002,instance,informative+noise
1,0.11111111111111116,0.0,0.30400000000000005,1.0,0.290289686900595,0.0,0.4880937589755173,0.9827089337175793,0.995,0.36348777437167856,instance,informative+noise
1,0.0,0.2,0.30400000000000005,0.4,0.19748418749511254,0.0,0.49157389103623694,0.9884726224783862,0.98,0.8561660415465353,instance,informative+noise
1,0.0,0.0,0.30400000000000005,0.6,0.20159710485043753,0.0,0.4901461594593449,0.9827089337175793,0.995,1.456519726013245,instance,informative+noise
1,0.0,0.0,0.30400000000000005,0.6,0.20709716664776,0.0,0.4852123192097576,0.9798270893371758,0.985,0.8201705018413085,instance,informative+noise
1,0.16666666666666663,0.2,0.30400000000000005,0.5,0.24395838047998797,0.0,0.4998697461890972,0.9971181556195965,0.99,0.39991229001981954,instance,informative+noise
1,0.0,0.2,0.30400000000000005,0.9,0.2142049111913938,0.0,0.48984494105895426,0.9884726224783862,0.99,0.698129541090541,instance,informative+noise
1,0.0,0.0,0.30400000000000005,0.5,0.3624955052848877,0.3333333333333333,0.4558923602092093,0.9798270893371758,1.0,0.49397994227158476,instance,informative+noise
1,0.23076923076923073,0.4,0.30400000000000005,1.0,0.30085882784268314,0.0,0.47930393914167013,0.9942363112391931,0.985,1.0545569052017598,instance,informative+noise
1,0.0,0.2,0.30400000000000005,0.6,0.2430809667360891,0.0,0.49004983740243024,0.9913544668587896,0.985,1.2526654279028695,instance,informative+noise
1,0.0,0.2,0.30400000000000005,0.6,0.2053708856390805,0.0,0.4824527722159936,0.9913544668587896,0.98,0.6165266166207475,instance,informative+noise
1,0.0,0.2,0.30400000000000005,0.6,0.22102765329708118,0.0,0.4888216462762679,0.9884726224783862,0.985,0.41414790221850567,instance,informative+noise
1,0.5882352941176471,0.0,0.30400000000000005,1.0,0.20132549006941153,0.0,0.4907270859212951,0.9827089337175793,0.985,1.5018083235380197,instance,informative+noise
1,0.0,0.2,0.30400000000000005,0.5,0.23567864763562485,0.0,0.49184033168431207,0.9971181556195965,1.0,0.5554310918633557,instance,informative+noise
0,0.7692307692307692,1.0,0.696,0.6,0.6393906672095494,1.0,0.5118055267774744,1.0,0.975,0.0849172081803677,instance,informative+noise
1,0.09999999999999998,0.4,0.30400000000000005,0.9,0.547399809965791,0.2857142857142857,0.4964641088304046,0.9971181556195965,0.995,-0.005684693556666945,instance,informative+noise
1,0.0,0.2,0.30400000000000005,0.4,0.34728100727223377,0.0,0.49090505760973535,0.9913544668587896,0.985,0.3513449072989463,instance,informative+noise
1,0.21739130434782605,0.4,0.30400000000000005,0.3,0.3105404273163863,0.0,0.49613597347098004,0.9971181556195965,0.99,0.7429348471404645,instance,informative+noise
1,0.0,0.2,0.30400000000000005,0.9,0.305229336517971,0.0,0.4966225419559902,0.9971181556195965,0.985,0.6226289607961245,instance,informative+noise
1,0.0,0.4,0.30400000000000005,0.5,0.3329922971149716,0.0,0.4933240766453353,0.9942363112391931,0.97,0.4798978554535352,instance,informative+noise
0,0.5,0.8,0.696,0.6,0.5362367111697873,1.0,0.5010939417131967,1.0,0.97,0.97860824939662,instance,informative+noise
1,0.0,0.0,0.30400000000000005,0.5,0.2216688636570323,0.0,0.4809607216683013,0.9798270893371758,0.995,0.6029171629985552,instance,informative+noise
1,0.09999999999999998,0.2,0.30400000000000005,0.4,0.24758494504583972,0.0,0.47690515388254395,0.9942363112391931,0.99,0.4079716270019902,instance,informative+noise
1,0.0,0.2,0.30400000000000005,0.7,0.29865641851973024,0.0,0.48988990104871033,0.9913544668587896,0.975,0.608860533801726,instance,informative+noise
1,0.0,0.0,0.30400000000000005,0.7,0.20024614307318345,0.0,0.4852782195407316,0.9827089337175793,0.98,0.68025730690926,instance,informative+noise
1,0.0,0.0,0.30400000000000005,1.0,0.1996993001536116,0.1,0.4830844029651383,0.9769452449567724,1.0,1.5073245981097767,instance,informative+noise
1,0.0,0.0,0.30400000000000005,1.0,0.31238942454849816,0.0,0.4918438590265496,0.9740634005763689,0.99,0.6481877598607443,instance,informative+noise
1,0.19999999999999996,0.0,0.30400000000000005,1.0,0.2085678920940527,0.0,0.4835368061803651,0.9654178674351584,0.985,0.5319027818745814,instance,informative+noise
1,0.5,0.2,0.30400000000000005,0.7,0.38064108902939653,0.25,0.5004647229145158,1.0,0.995,0.4517563123171999,instance,informative+noise
1,0.0,0.0,0.30400000000000005,0.5,0.1969180433655292,0.0,0.46717803473621133,0.968299711815562,0.99,2.1488568415199194,instance,informative+noise
1,0.11111111111111116,0.0,0.30400000000000005,1.0,0.30317815780887525,0.0,0.49071322913924986,0.9827089337175793,0.98,1.1571958729652712,instance,informative+noise
1,0.21739130434782605,0.0,0.30400000000000005,0.5,0.43654930026320216,0.0,0.47486180433283576,0.9769452449567724,0.995,0.24343806652761915,instance,informative+noise
1,0.11111111111111116,0.2,0.30400000000000005,0.8,0.196137390355492,0.0,0.4944207306929025,0.9942363112391931,0.97,1.0680752127681417,instance,informative+noise
0,0.5,0.8,0.696,0.6,0.6850759520744081,1.0,0.5055063369617727,1.0,0.985,-0.46905385264056254,instance,informative+noise
1,0.0,0.2,0.30400000000000005,0.4,0.20015762904448875,0.0,0.48501275428484925,0.9942363112391931,0.98,0.799368429371452,instance,informative+noise
1,0.5,0.4,0.30400000000000005,0.5,0.23748475180590045,0.25,0.48555865348205285,0.9971181556195965,0.985,0.956381714735659,instance,informative+noise
1,0.1428571428571429,0.2,0.30400000000000005,0.7,0.22172850059059324,0.0,0.48106730215122007,0.9913544668587896,0.99,0.9033168887577214,instance,informative+noise
1,0.0,0.2,0.30400000000000005,0.7,0.19652499009370056,0.0,0.4966202651877659,0.9971181556195965,0.985,0.5696407158864694,instance,informative+noise
1,0.0,0.4,0.30400000000000005,1.0,0.20835428612904855,0.0,0.4980349306981897,0.9942363112391931,0.98,1.6344557104493114,instance,informative+noise
1,0.11111111111111116,0.2,0.30400000000000005,0.4,0.1986190992445498,0.0,0.4992367699163104,0.9971181556195965,0.99,1.1153779540422872,instance,informative+noise
1,0.23076923076923073,0.2,0.30400000000000005,0.8,0.294968136432081,0.1,0.4874735375489422,0.9913544668587896,1.0,0.4256210189333037,instance,informative+noise
1,0.5882352941176471,0.4,0.30400000000000005,0.9,0.21597968502231735,0.5,0.49873093852901673,0.9971181556195965,0.99,1.0697201092724866,instance,informative+noise
1,0.23076923076923073,0.0,0.30400000000000005,0.6,0.1961508434050735,0.0,0.49206547865372297,0.9740634005763689,0.985,1.7029258115766972,instance,informative+noise
0,0.5,1.0,0.696,0.6,0.7310731892886627,1.0,0.5078844482013483,1.0,0.98,-0.32510601932156624,instance,informative+noise
1,0.11111111111111116,0.0,0.30400000000000005,1.0,0.1963239673964451,0.0,0.48460576389315113,0.9654178674351584,0.975,1.0418310676170972,instance,informative+noise
1,0.0,0.2,0.30400000000000005,0.4,0.2170088671347169,0.2,0.49492065904342153,0.9913544668587896,0.985,1.9855520044056285,instance,informative+noise
1,0.5555555555555556,0.2,0.30400000000000005,0.5,0.2074132582906042,0.0,0.4988999427038282,0.9971181556195965,0.97,1.1581144200425344,instance,informative+noise
1,0.0,0.0,0.30400000000000005,1.0,0.2049816534448055,0.0,0.47591005485389737,0.9855907780979827,0.985,1.0342793928002674,instance,informative+noise
1,0.1428571428571429,0.0,0.30400000000000005,0.3,0.2944605823907067,0.0,0.48022695967738316,0.9855907780979827,0.995,1.3353342652480553,instance,informative+noise
1,0.0,0.2,0.30400000000000005,1.0,0.2602296092470052,0.0,0.49526145692328305,0.9971181556195965,0.98,0.24122787262741088,instance,informative+noise
1,0.0,0.2,0.30400000000000005,0.6,0.2971315118126846,0.0,0.4935528159819319,0.9913544668587896,0.99,0.8013972100272319,instance,informative+noise
1,0.21739130434782605,0.2,0.30400000000000005,0.5,0.19638066741847648,1.0,0.5056206149690969,1.0,0.98,1.0746285813485155,instance,informative+noise
1,0.0,0.0,0.30400000000000005,0.5,0.20726099984382262,0.0,0.49310455716852897,0.9855907780979827,0.97,2.120402775205231,instance,informative+noise
1,0.0,0.2,0.30400000000000005,1.0,0.20655750992502836,0.0,0.4879741387696843,0.9942363112391931,0.995,1.66122151509656,instance,informative+noise
1,0.0,0.2,0.30400000000000005,0.3,0.21520362268413473,0.0,0.49555378309120957,0.9913544668587896,0.99,0.4252417545941128,instance,informative+noise
1,0.09999999999999998,0.0,0.30400000000000005,0.9,0.31977367420211333,0.0,0.4801673716961975,0.9769452449567724,0.98,0.6506697682353348,instance,informative+noise
1,0.1428571428571429,0.2,0.30400000000000005,0.6,0.19692625626784854,0.0,0.4836074322232857,0.9884726224783862,0.97,1.6522969138325367,instance,informative+noise
1,0.11111111111111116,0.2,0.30400000000000005,1.0,0.19991660979411152,0.0,0.47978447960082615,0.9884726224783862,0.98,1.0384280659944958,instance,informative+noise
1,0.0,0.2,0.30400000000000005,1.0,0.21950792306956712,0.0,0.49402752678962614,0.9971181556195965,0.98,0.6652813791904791,instance,informative+noise
1,0.0,0.0,0.30400000000000005,1.0,0.19744129929960746,0.0,0.4831512085692683,0.9769452449567724,0.975,0.8802904327696648,instance,informative+noise
1,0.25,0.0,0.30400000000000005,1.0,0.20258135297040597,0.0,0.4770526779808003,0.9769452449567724,0.97,0.5335955866339904,instance,informative+noise
1,0.0,0.2,0.30400000000000005,1.0,0.19612092636371026,0.0,0.49481066849037614,0.9942363112391931,0.98,1.7073043741909346,instance,informative+noise
1,0.11111111111111116,0.4,0.30400000000000005,1.0,0.34733323694291174,0.0,0.4987678722689869,0.9971181556195965,0.985,0.4436500039841135,instance,informative+noise
1,0.0,0.2,0.30400000000000005,1.0,0.19830263383715907,0.0,0.4880723354390222,0.9913544668587896,0.99,1.3559467958701803,instance,informative+noise
1,0.5,0.2,0.30400000000000005,1.0,0.2550693088607483,1.0,0.5058633670263772,1.0,0.985,0.9211018008469782,instance,informative+noise
1,0.16666666666666663,0.0,0.30400000000000005,0.5,0.19622555306173045,0.0,0.49044804030506717,0.9827089337175793,0.985,0.723691830885685,instance,informative+noise
1,0.2857142857142857,0.0,0.30400000000000005,1.0,0.19930640995781312,0.0,0.47451137744108185,0.9423631123919308,0.975,1.7091464645104693,instance,informative+noise
1,0.5714285714285714,0.2,0.30400000000000005,0.5,0.20396386165649139,1.0,0.5019077377558385,1.0,0.975,1.2873170947228205,instance,informative+noise
1,0.0,0.0,0.30400000000000005,0.5,0.34470218837958855,0.0,0.4843247324758402,0.9798270893371758,0.98,0.23533190301784002,instance,informative+noise
1,0.6666666666666667,0.4,0.30400000000000005,0.5,0.20320611779799252,1.0,0.5102913310968138,1.0,0.985,1.7527325645353489,instance,informative+noise
1,0.0,0.0,0.30400000000000005,1.0,0.2555198861449388,0.0,0.4821791957967738,0.9855907780979827,0.995,0.7916095385706544,instance,informative+noise
1,0.6666666666666667,0.0,0.30400000000000005,1.0,0.1996156553798401,0.0,0.4899558701072967,0.9769452449567724,0.995,1.0676372294150351,instance,informative+noise
1,0.5714285714285714,0.2,0.30400000000000005,0.5,0.20754349934592264,0.0,0.4921210282408661,0.9942363112391931,0.995,0.953300588558016,instance,informative+noise
1,0.0,0.2,0.30400000000000005,0.3,0.29949996216320784,0.0,0.4878262090525092,0.9942363112391931,0.995,0.251388900534158,instance,informative+noise
1,0.21739130434782605,0.4,0.30400000000000005,0.4,0.20266625761144352,0.0,0.49274477415384754,0.9971181556195965,0.975,1.3815925215542606,instance,informative+noise
1,0.0,0.2,0.30400000000000005,0.5,0.1975551691530809,0.0,0.4912331677537485,0.9942363112391931,0.995,1.1911652960713428,instance,informative+noise
1,0.0,0.2,0.30400000000000005,1.0,0.2025443029991712,0.5,0.49101255114904363,0.9913544668587896,1.0,0.9918841852924885,instance,informative+noise
1,0.0,0.2,0.30400000000000005,0.9,0.5336289382942395,0.0,0.49025580162442617,0.9913544668587896,0.98,0.9504123324222887,instance,informative+noise
1,0.0,0.0,0.30400000000000005,0.7,0.23019533840362838,0.0,0.488569552486419,0.9798270893371758,0.995,0.6130698402769278,instance,informative+noise
1,0.0,0.2,0.30400000000000005,0.5,0.23880936287653176,0.0,0.49052324766455857,0.9913544668587896,0.975,0.9005941155040933,instance,informative+noise
1,0.0,0.0,0.30400000000000005,0.5,0.19738610831446451,0.0,0.4838707286340823,0.9827089337175793,0.98,1.9403104655729386,instance,informative+noise
1,0.1428571428571429,0.0,0.30400000000000005,0.6,0.21692324170386235,0.0,0.49527875906280616,0.9855907780979827,0.99,0.6071585731648604,instance,informative+noise
1,0.21739130434782605,0.2,0.30400000000000005,0.7,0.2158857115869055,0.0,0.4875661101613564,0.9884726224783862,0.985,0.44010127575910873,instance,informative+noise
1,0.0,0.6,0.30400000000000005,1.0,0.3596230865357031,0.5,0.5039036107542012,1.0,1.0,0.9643045015169411,instance,informative+noise
1,0.5,0.2,0.30400000000000005,0.7,0.2100643588890092,0.25,0.49369292695422906,0.9884726224783862,0.995,0.55291916468611,instance,informative+noise
1,0.0,0.2,0.30400000000000005,0.5,0.20946000581910873,0.5,0.5015302411274283,1.0,0.99,1.0104931225686786,instance,informative+noise
1,0.5,0.2,0.30400000000000005,0.4,0.20021977470770425,0.0,0.4889592830581967,0.9971181556195965,0.995,1.2122291788519226,instance,informative+noise
1,0.23076923076923073,0.0,0.30400000000000005,0.6,0.21508930019296957,0.0,0.4838930202649857,0.9654178674351584,0.99,1.0838218081747653,instance,informative+noise
1,0.0,0.2,0.30400000000000005,1.0,0.19669987985873982,0.0,0.4855593257566895,0.9971181556195965,0.98,1.0298796578543323,instance,informative+noise
1,0.0,0.2,0.30400000000000005,0.3,0.23111970780282481,0.25,0.48423474206143813,0.9884726224783862,0.995,1.5671853747773514,instance,informative+noise
1,0.21739130434782605,0.4,0.30400000000000005,0.5,0.5499028763867274,0.0,0.4960395055050243,0.9942363112391931,0.975,0.34804126004292646,instance,informative+noise
1,0.0,0.4,0.30400000000000005,0.7,0.2107686240925194,1.0,0.5008405926254343,1.0,0.985,0.7959389659515645,instance,informative+noise
1,0.5882352941176471,0.0,0.30400000000000005,0.7,0.388420003642294,0.0,0.4925339610336399,0.9855907780979827,0.99,0.19450198107117378,instance,informative+noise
1,0.23076923076923073,0.0,0.30400000000000005,0.5,0.1975390379756905,0.0,0.4803093644937224,0.9106628242074928,0.98,1.022962212738845,instance,informative+noise
1,0.0,0.0,0.30400000000000005,0.6,0.28392923935738346,0.0,0.47127168887161164,0.9740634005763689,0.99,0.2007505512198473,instance,informative+noise
1,0.2857142857142857,0.0,0.30400000000000005,1.0,0.2047377661218433,0.0,0.4923961475786869,0.9855907780979827,0.99,1.074754717571079,instance,informative+noise
1,0.0,0.4,0.30400000000000005,0.4,0.4490809739469709,1.0,0.5023288526050003,1.0,0.98,-0.23371626574408935,instance,informative+noise
1,0.0,0.0,0.30400000000000005,0.5,0.197547632066577,0.0,0.48648974806541023,0.9596541786743515,0.975,1.481184948406973,instance,informative+noise
1,0.5,0.0,0.30400000000000005,0.5,0.2701841170804844,0.0,0.48714741309208875,0.9855907780979827,0.98,0.44904960266784694,instance,informative+noise
1,0.5555555555555556,0.4,0.30400000000000005,0.5,0.2631579354025476,0.0,0.4977411394998563,0.9971181556195965,0.995,0.6344243216082732,instance,informative+noise
1,0.16666666666666663,0.0,0.30400000000000005,1.0,0.26500241139881864,0.0,0.48910393947307196,0.9827089337175793,0.975,0.3538943756109141,instance,informative+noise
0,0.7142857142857143,0.8,0.696,0.5,0.4568139818506275,1.0,0.5159328219216717,1.0,0.975,0.49488826297576166,instance,informative+noise
1,0.0,0.0,0.30400000000000005,0.5,0.19648900965624094,0.0,0.47564655416075274,0.962536023054755,0.975,1.0298787048483105,instance,informative+noise
1,0.0,0.0,0.30400000000000005,0.4,0.25712912386700193,0.0,0.4786091604052217,0.9365994236311239,0.955,0.710515730798974,instance,informative+noise
1,0.0,0.0,0.30400000000000005,0.4,0.1982648542733153,0.0,0.48451457385148855,0.9855907780979827,0.975,1.0884936702884491,instance,informative+noise
1,0.11111111111111116,0.0,0.30400000000000005,0.7,0.2521336846028214,0.0,0.4676680558814036,0.9711815561959655,1.0,-0.1588424341085311,instance,informative+noise
1,0.0,0.2,0.30400000000000005,0.5,0.20527636320623388,0.5,0.49847705165362044,0.9971181556195965,0.985,1.3468382270493662,instance,informative+noise
1,0.0,0.2,0.30400000000000005,0.6,0.2718236852920284,0.0,0.49102916910031646,0.9971181556195965,0.99,0.05243862694489843,instance,informative+noise
1,0.21739130434782605,0.4,0.30400000000000005,1.0,0.20568770257436653,0.0,0.49219532693286994,0.9942363112391931,0.985,0.985526346656405,instance,informative+noise
1,0.0,0.0,0.30400000000000005,1.0,0.20864635484801441,0.0,0.4897738583645401,0.9769452449567724,0.98,1.9612737516802932,instance,informative+noise
1,0.09999999999999998,0.6,0.30400000000000005,0.6,0.41731077814783646,1.0,0.5062655607928852,1.0,0.975,0.9750328874514722,instance,informative+noise
1,0.0,0.2,0.30400000000000005,0.5,0.2069408482932662,0.0,0.4882498172444516,0.9942363112391931,0.99,1.7348290624655405,instance,informative+noise
1,0.0,0.0,0.30400000000000005,0.5,0.1963179827611906,0.0,0.48646233790316173,0.9740634005763689,0.985,1.7038756520779985,instance,informative+noise
1,0.1428571428571429,0.2,0.30400000000000005,0.5,0.3847747616071169,0.0,0.4968291243796469,0.9942363112391931,0.995,0.2897703156062178,instance,informative+noise
1,0.11111111111111116,0.0,0.30400000000000005,1.0,0.20373125637740136,0.0,0.4806272441496282,0.9740634005763689,1.0,1.1170919877570298,instance,informative+noise
1,0.16666666666666663,0.2,0.30400000000000005,0.6,0.2356082103785111,0.0,0.49602937087100096,0.9913544668587896,0.985,1.2441637256468194,instance,informative+noise
1,0.2857142857142857,0.2,0.30400000000000005,1.0,0.2409174155983177,0.0,0.4889364887165927,0.9884726224783862,0.98,1.551880761472147,instance,informative+noise
1,0.0,0.0,0.30400000000000005,0.5,0.3053860067682793,0.0,0.4663000587889835,0.9769452449567724,0.975,0.7380982572594378,instance,informative+noise
1,0.5882352941176471,0.4,0.30400000000000005,0.5,0.23371505777279344,1.0,0.5012986624471251,1.0,0.995,0.6727506266995275,instance,informative+noise
0,0.2222222222222222,0.8,0.696,0.5,0.6518221370233933,1.0,0.5139946645406659,1.0,0.98,-0.43782846215785454,instance,informative+noise
1,0.23076923076923073,0.0,0.30400000000000005,0.6,0.2613937320825249,0.0,0.4899792219279584,0.9711815561959655,0.995,0.7875799395475198,instance,informative+noise
1,0.16666666666666663,0.0,0.30400000000000005,0.7,0.19860837467281656,0.0,0.48039840100556075,0.9452449567723343,0.995,1.6274843280884632,instance,informative+noise
1,0.1428571428571429,0.0,0.30400000000000005,0.7,0.19821389429973918,0.0,0.4846394638243158,0.9711815561959655,0.99,1.0657371282285595,instance,informative+noise
1,0.0,0.0,0.30400000000000005,0.5,0.20535939706169248,0.0,0.4833836689967239,0.9740634005763689,0.99,1.0028915311470803,instance,informative+noise
1,0.0,0.0,0.30400000000000005,0.5,0.21906833044597984,0.0,0.4916833925910469,0.9855907780979827,0.965,0.7096546216329009,instance,informative+noise
1,0.0,0.0,0.30400000000000005,1.0,0.1960162165744208,0.0,0.47797718758190577,0.9596541786743515,0.97,2.0853095912623187,instance,informative+noise
1,0.0,0.0,0.30400000000000005,1.0,0.20865292466270124,0.0,0.48548426190624383,0.9740634005763689,0.995,0.6449672004048165,instance,informative+noise
1,0.19999999999999996,0.0,0.30400000000000005,1.0,0.21039823095473587,0.0,0.4713270808115223,0.9423631123919308,0.97,1.924192456522625,instance,informative+noise
1,0.0,0.0,0.30400000000000005,0.5,0.20479342896598757,0.0,0.4840889214596992,0.9740634005763689,0.98,1.2848661367063843,instance,informative+noise
1,0.11111111111111116,0.2,0.30400000000000005,1.0,0.24905317712975245,0.0,0.4924548132006027,0.9884726224783862,0.99,0.6927338451658726,instance,informative+noise
1,0.0,0.2,0.30400000000000005,0.6,0.24027695528575066,0.0,0.4808234770909855,0.9884726224783862,0.975,1.307767598450346,instance,informative+noise
1,0.0,0.0,0.30400000000000005,0.4,0.2059576580531846,0.0,0.4911127222122196,0.9855907780979827,0.99,1.025940792989116,instance,informative+noise
1,0.19999999999999996,0.6,0.30400000000000005,0.5,0.3845358144681722,0.5,0.5036040513234399,1.0,0.98,0.7332282881076736,instance,informative+noise
1,0.0,0.4,0.30400000000000005,1.0,0.27522608588418784,0.0,0.49258847935403494,0.9942363112391931,0.975,0.3452273524861115,instance,informative+noise
1,0.0,0.0,0.30400000000000005,0.6,0.21279158658933756,0.0,0.4943065357649339,0.9827089337175793,0.99,0.95216378923668,instance,informative+noise
1,0.21739130434782605,0.4,0.30400000000000005,1.0,0.2155059935726341,0.5,0.49805913828604365,0.9971181556195965,0.995,0.6135611447668889,instance,informative+noise
1,0.0,0.2,0.30400000000000005,0.5,0.19848301889772413,0.0,0.4999766539128173,0.9971181556195965,0.97,0.6774434429975229,instance,informative+noise
1,0.0,0.6,0.30400000000000005,0.3,0.19846848190534983,0.0,0.49338601812765726,0.9942363112391931,0.97,1.3007181734222824,instance,informative+noise
1,0.11111111111111116,0.4,0.30400000000000005,0.4,0.4640374003479577,1.0,0.5025070961474194,1.0,0.99,-0.3519959214450622,instance,informative+noise
1,0.0,0.2,0.30400000000000005,0.7,0.2851529016929758,0.0,0.4963181616052791,0.9942363112391931,0.99,0.3846809351329433,instance,informative+noise
1,0.0,0.0,0.30400000000000005,0.6,0.21143918372227433,0.0,0.4820882127082734,0.9596541786743515,0.99,1.045855504292853,instance,informative+noise
0,0.6666666666666667,0.8,0.696,0.7,0.5761664710467865,0.0,0.49384453103024584,0.9933774834437086,0.985,0.15832579748460807,instance,informative+noise
1,0.0,0.0,0.30400000000000005,0.5,0.2332021952761298,0.0,0.48621309398326606,0.968299711815562,0.995,0.5287695450702676,instance,informative+noise
1,0.0,0.2,0.30400000000000005,0.3,0.2432194686632524,0.0,0.4980849342604864,0.9971181556195965,0.985,0.7434921629834447,instance,informative+noise
1,0.0,0.0,0.30400000000000005,0.6,0.2409139880925088,0.0,0.47250925475790695,0.9654178674351584,0.985,1.1662769690849002,instance,informative+noise
1,0.11111111111111116,0.2,0.30400000000000005,1.0,0.2001207518746826,0.0,0.49382612201149123,0.9971181556195965,0.985,1.5565890804187212,instance,informative+noise
1,0.0,0.0,0.30400000000000005,1.0,0.20265229031072562,0.0,0.4886839033945135,0.9798270893371758,0.99,0.5405078037199794,instance,informative+noise
1,0.0,0.0,0.30400000000000005,0.8,0.3473398600376463,0.0,0.4848043497072114,0.9855907780979827,0.97,0.16898730361614034,instance,informative+noise
1,0.0,0.0,0.30400000000000005,1.0,0.19817394687646894,0.16666666666666666,0.48412536391107286,0.9740634005763689,0.995,1.1520784467904688,instance,informative+noise
1,0.2857142857142857,0.2,0.30400000000000005,0.5,0.19938771626050428,0.0,0.49378269499986505,0.9913544668587896,0.965,1.1003421923928276,instance,informative+noise
1,0.5882352941176471,0.4,0.30400000000000005,0.5,0.22039393882795733,1.0,0.5023299162117865,1.0,0.995,0.7050006604520183,instance,informative+noise
1,0.0,0.2,0.30400000000000005,0.5,0.19603963000236202,0.25,0.4913565323235489,0.9942363112391931,0.995,1.6943068655012365,instance,informative+noise
1,0.0,0.4,0.30400000000000005,0.7,0.20107955631056162,0.0,0.49808867590548533,0.9971181556195965,0.98,1.1799936425388036,instance,informative+noise
1,0.33333333333333337,0.0,0.30400000000000005,0.6,0.22853802796172423,0.4,0.48746924366748257,0.9769452449567724,0.985,0.5108548069132611,instance,informative+noise
1,0.0,0.4,0.30400000000000005,0.5,0.20169961300250494,1.0,0.5015799375395916,1.0,0.98,0.7158262955389706,instance,informative+noise
1,0.25,0.2,0.30400000000000005,0.5,0.22202165255251793,0.0,0.48985019348030423,0.9971181556195965,0.995,0.8816972793959934,instance,informative+noise
1,0.0,0.0,0.30400000000000005,1.0,0.36214579433020244,0.0,0.48007303005208013,0.9711815561959655,0.99,0.6181300491323538,instance,informative+noise
1,0.0,0.2,0.30400000000000005,0.5,0.19622755804007513,0.0,0.47056211958827165,0.9884726224783862,0.985,1.3416740001175749,instance,informative+noise
1,0.2857142857142857,0.2,0.30400000000000005,0.4,0.2071174496522073,0.22727272727272727,0.48819908025586767,0.9884726224783862,1.0,0.7404083959979616,instance,informative+noise
1,0.0,0.0,0.30400000000000005,0.6,0.23131046436366243,0.0,0.4903073878570866,0.9798270893371758,0.97,0.8369401483390652,instance,informative+noise
1,0.19999999999999996,0.2,0.30400000000000005,1.0,0.20762133071622163,0.0,0.4892556455678012,0.9971181556195965,1.0,0.9120655235956259,instance,informative+noise
1,0.0,0.0,0.30400000000000005,0.5,0.32021596380628736,0.0,0.4609960329302346,0.9827089337175793,0.985,0.8357584246913351,instance,informative+noise
1,0.0,0.0,0.30400000000000005,0.4,0.19620326788998071,0.0,0.4713803500027812,0.9596541786743515,0.985,0.99326553029368,instance,informative+noise
1,0.1428571428571429,0.0,0.30400000000000005,0.6,0.19910149809581795,0.2,0.4821055768308692,0.9827089337175793,1.0,1.2976841214611419,instance,informative+noise
1,0.0,0.0,0.30400000000000005,0.4,0.19980767113190068,0.0,0.4814322693937415,0.9740634005763689,0.985,1.0573619603958957,instance,informative+noise
1,0.0,0.0,0.30400000000000005,0.5,0.20124330728483442,0.0,0.489867397813723,0.9769452449567724,0.985,1.4074928927315806,instance,informative+noise
1,0.2857142857142857,0.2,0.30400000000000005,0.7,0.3711050630428371,0.3333333333333333,0.49780597329273857,0.9971181556195965,0.985,0.3662842832302712,instance,informative+noise
1,0.0,0.2,0.30400000000000005,0.5,0.23711486470294174,0.3333333333333333,0.4932044474217786,0.9971181556195965,0.995,0.9330196536002457,instance,informative+noise
1,0.0,0.2,0.30400000000000005,0.5,0.21351301684807467,0.0,0.49194145282160573,0.9913544668587896,0.98,0.7627647584143822,instance,informative+noise
1,0.21739130434782605,0.2,0.30400000000000005,0.7,0.19895849532872262,0.0,0.49444926409947976,0.9942363112391931,0.97,0.851520135272056,instance,informative+noise
1,0.0,0.2,0.30400000000000005,0.7,0.26271798789275425,0.14285714285714285,0.49953718644896483,0.9942363112391931,0.995,1.0065920449482075,instance,informative+noise
1,0.0,0.0,0.30400000000000005,1.0,0.20008848903852122,0.0,0.48822403874411524,0.9711815561959655,0.98,1.4229749717046836,instance,informative+noise
1,0.5,0.2,0.30400000000000005,0.5,0.35524580735055344,0.0,0.4873422926834947,0.9913544668587896,0.985,0.43447466591101647,instance,informative+noise
