y,Hostility,kDN,DCP,TD_U,CLD,N1,N2,LSC,F1,L1,level,subset
0,0.5220125786163522,0.5635220125786164,0.6819999999999999,0.47847121432027095,0.4946168881736378,0.45137535420554287,0.5009833858221722,0.9945864182787995,0.9849685534591194,0.6756658149706957,class,f_classif_top300
1,0.11143695014662756,0.20117302052785926,0.31799999999999995,0.7326866681705391,0.2391044887813271,0.1617510035581883,0.4928574737546676,0.9888649301362773,0.9850146627565982,1.8398755199253658,class,f_classif_top300
dataset,0.242,0.31639999999999996,0.433752,0.6518461538461539,0.3203574317880819,0.25385154706404706,0.4954415137921341,0.9906843633655994,0.985,1.4696568337497806,class,f_classif_top300
0,0.43999999999999995,0.6,0.6819999999999999,0.5384615384615384,0.3945973119282513,1.0,0.5036559126087212,1.0,0.9833333333333333,3.133263107204416,instance,f_classif_top300
0,0.3125,0.4,0.6819999999999999,0.23076923076923078,0.5045724038734465,0.5,0.5226531587786885,1.0,0.98,-0.27724016226755577,instance,f_classif_top300
0,0.0,0.6,0.6819999999999999,0.5384615384615384,0.4032435621577236,0.0,0.4899871584282961,0.9936708860759493,0.99,0.16682911704768993,instance,f_classif_top300
0,0.8333333333333334,0.4,0.6819999999999999,0.38461538461538464,0.7386891040130189,0.0,0.4972952605075228,0.9936708860759493,0.9833333333333333,-0.6284467648637804,instance,f_classif_top300
0,0.6666666666666667,0.8,0.6819999999999999,0.5384615384615384,0.3948531087818049,1.0,0.517354868102712,1.0,0.9833333333333333,1.8058920056583976,instance,f_classif_top300
0,0.3125,0.6,0.6819999999999999,0.3076923076923077,0.4693624251011963,1.0,0.500083790198061,1.0,0.9833333333333333,1.127881625716981,instance,f_classif_top300
0,0.0,0.8,0.6819999999999999,0.5384615384615384,0.4082186232542143,0.0,0.4935998791409295,0.9936708860759493,0.9766666666666667,0.6010613396760757,instance,f_classif_top300
0,0.4285714285714286,0.6,0.6819999999999999,1.0,0.62682761328645,0.0,0.49861750799090787,0.9936708860759493,0.9866666666666667,1.348018344453855,instance,f_classif_top300
0,0.736842105263158,0.6,0.6819999999999999,0.46153846153846156,0.478606062011093,0.0,0.4942352049262957,0.9873417721518988,0.9866666666666667,1.1989708952486997,instance,f_classif_top300
0,0.5384615384615384,0.4,0.6819999999999999,0.5384615384615384,0.7177988517816812,0.0,0.4946416220060449,0.9936708860759493,0.9733333333333334,-0.5704072410205534,instance,f_classif_top300
0,0.3125,0.6,0.6819999999999999,0.46153846153846156,0.5106889927046568,1.0,0.5071062443440795,1.0,0.9866666666666667,-0.13284549879394467,instance,f_classif_top300
0,0.19999999999999996,0.8,0.6819999999999999,0.46153846153846156,0.4004949907596226,1.0,0.5076359317230119,1.0,0.99,0.8095252438605669,instance,f_classif_top300
0,0.736842105263158,0.2,0.6819999999999999,0.23076923076923078,0.41721198298103557,0.0,0.4940599653594552,0.9873417721518988,0.98,1.4065275767127512,instance,f_classif_top300
0,0.4285714285714286,0.4,0.6819999999999999,0.5384615384615384,0.49216116923692044,0.6666666666666666,0.5042000652887029,1.0,0.99,-0.513926755054446,instance,f_classif_top300
0,0.5,0.6,0.6819999999999999,0.6153846153846154,0.6638456294264977,0.6,0.5014240095129852,1.0,0.9933333333333333,0.6434181003265903,instance,f_classif_top300
0,0.6666666666666667,0.4,0.6819999999999999,0.46153846153846156,0.5184867803848134,0.0,0.49787825447786116,0.9873417721518988,0.9866666666666667,0.9293574656312721,instance,f_classif_top300
0,0.43999999999999995,0.2,0.6819999999999999,0.46153846153846156,0.39477884266789753,0.0,0.488080088316876,0.9873417721518988,0.9966666666666667,1.7815749552558289,instance,f_classif_top300
0,0.7666666666666666,0.4,0.6819999999999999,0.5384615384615384,0.48715921180020105,1.0,0.5030049566645403,1.0,0.99,1.152309745558083,instance,f_classif_top300
0,0.0,0.4,0.6819999999999999,0.5384615384615384,0.39581623958254475,0.0,0.49314314777446977,0.9873417721518988,0.98,0.9730046382570184,instance,f_classif_top300
0,0.43999999999999995,0.8,0.6819999999999999,0.46153846153846156,0.5483956055159397,0.0,0.4887422302141694,0.9936708860759493,0.9866666666666667,1.8227556671591805,instance,f_classif_top300
0,0.0,0.2,0.6819999999999999,0.23076923076923078,0.39459725608145235,0.0,0.49483281856912276,0.9810126582278481,0.9733333333333334,1.4884061581452255,instance,f_classif_top300
0,0.6666666666666667,0.6,0.6819999999999999,0.5384615384615384,0.5016180109535489,0.5,0.49704387986300924,0.9936708860759493,0.9766666666666667,1.7086333683152939,instance,f_classif_top300
0,0.41666666666666663,0.2,0.6819999999999999,0.5384615384615384,0.3975408281219589,1.0,0.5042115674102698,1.0,0.9933333333333333,0.29081819739104553,instance,f_classif_top300
0,0.0,0.8,0.6819999999999999,0.5384615384615384,0.41105657954927877,0.3333333333333333,0.5069425797808262,1.0,0.9833333333333333,1.9786566108617103,instance,f_classif_top300
0,0.5909090909090908,0.4,0.6819999999999999,0.3076923076923077,0.3946140533754401,0.5,0.501727015881023,1.0,0.9966666666666667,3.423173246991004,instance,f_classif_top300
0,0.6,0.0,0.6819999999999999,0.5384615384615384,0.49894320577912155,0.0,0.48439126199193927,0.9620253164556962,0.9866666666666667,0.6036831220095741,instance,f_classif_top300
0,0.19999999999999996,0.4,0.6819999999999999,0.3076923076923077,0.40765086957470964,0.5,0.5020903814870801,1.0,0.9866666666666667,0.8501910032155049,instance,f_classif_top300
0,0.5833333333333333,0.8,0.6819999999999999,0.6923076923076923,0.6438080450676843,0.0,0.49920435630098203,0.9936708860759493,0.9833333333333333,-0.09855555847265192,instance,f_classif_top300
0,0.5909090909090908,0.8,0.6819999999999999,0.5384615384615384,0.39459775646940953,0.5,0.5076314602051513,1.0,0.9933333333333333,3.5908956336945344,instance,f_classif_top300
0,0.9230769230769231,0.6,0.6819999999999999,0.46153846153846156,0.4086724343607454,0.0,0.49490019434494714,0.9873417721518988,0.99,0.7801335214649971,instance,f_classif_top300
0,0.0,0.8,0.6819999999999999,0.38461538461538464,0.39460883649161504,1.0,0.5113446447578117,1.0,0.9933333333333333,1.3334515147326083,instance,f_classif_top300
0,0.5,0.4,0.6819999999999999,0.6153846153846154,0.47069169093498686,0.0,0.49820719122693835,0.9873417721518988,0.9866666666666667,-0.3103200237359899,instance,f_classif_top300
0,0.736842105263158,0.2,0.6819999999999999,0.5384615384615384,0.4617303031800887,0.0,0.4982630441807596,0.9936708860759493,0.9733333333333334,-0.06046364031653867,instance,f_classif_top300
0,0.736842105263158,0.4,0.6819999999999999,0.46153846153846156,0.5345792974963444,0.0,0.49444282658417227,0.9873417721518988,0.9866666666666667,-0.009177605014143074,instance,f_classif_top300
0,0.6,0.8,0.6819999999999999,0.5384615384615384,0.403977633683071,1.0,0.5021813976606513,1.0,0.9833333333333333,1.104166890859858,instance,f_classif_top300
0,0.0,0.6,0.6819999999999999,0.5384615384615384,0.4072807308731281,1.0,0.5226758402961837,1.0,0.99,0.2616951213820589,instance,f_classif_top300
0,0.5,0.4,0.6819999999999999,0.46153846153846156,0.7007562305825182,0.0,0.4994677828034082,0.9873417721518988,0.9733333333333334,-0.7237768317407489,instance,f_classif_top300
0,0.736842105263158,0.8,0.6819999999999999,0.5384615384615384,0.5637940489104927,1.0,0.5131607809032933,1.0,0.9866666666666667,-0.8918939265611785,instance,f_classif_top300
0,0.7666666666666666,0.6,0.6819999999999999,0.5384615384615384,0.625574431571597,0.0,0.49973681691107974,0.9936708860759493,0.98,-0.49953838875042617,instance,f_classif_top300
0,0.3125,0.6,0.6819999999999999,0.5384615384615384,0.4968660991946684,1.0,0.5060379899175851,1.0,0.98,0.4419507349630659,instance,f_classif_top300
0,0.5,0.6,0.6819999999999999,0.6153846153846154,0.4045794639776341,1.0,0.5096749348156103,1.0,0.99,0.1843079894879741,instance,f_classif_top300
0,0.0,0.4,0.6819999999999999,0.6153846153846154,0.3953359957486222,0.0,0.4943418208164868,0.9936708860759493,0.9666666666666667,0.40626805955980794,instance,f_classif_top300
0,0.41666666666666663,0.6,0.6819999999999999,0.5384615384615384,0.5210275824989423,0.6666666666666666,0.5071930115857646,1.0,0.9966666666666667,-0.17732474363039286,instance,f_classif_top300
0,0.3125,0.6,0.6819999999999999,0.5384615384615384,0.39459786686910503,0.5,0.500427680474735,1.0,0.9966666666666667,2.198859589672349,instance,f_classif_top300
0,0.7666666666666666,0.2,0.6819999999999999,0.5384615384615384,0.39608760159889445,0.0,0.4978182075689488,0.9936708860759493,0.99,0.9761760082696029,instance,f_classif_top300
0,0.5384615384615384,0.4,0.6819999999999999,0.5384615384615384,0.4156357218035205,1.0,0.503196088498095,1.0,0.9866666666666667,0.8845909014360658,instance,f_classif_top300
0,0.8181818181818181,0.8,0.6819999999999999,0.9230769230769231,0.7988005129072371,0.75,0.49693963767219695,0.9936708860759493,0.9933333333333333,-0.05781792697731781,instance,f_classif_top300
0,0.8,0.4,0.6819999999999999,0.3076923076923077,0.395050687056403,0.0,0.4995213683458317,0.9936708860759493,0.9933333333333333,1.3708990117007451,instance,f_classif_top300
0,0.33333333333333337,1.0,0.6819999999999999,0.5384615384615384,0.6297054956066844,1.0,0.5081793164399733,1.0,0.9866666666666667,0.24103167495905117,instance,f_classif_top300
0,0.5909090909090908,0.6,0.6819999999999999,0.46153846153846156,0.39688358463819073,1.0,0.5086833209411188,1.0,0.99,1.3690613699910594,instance,f_classif_top300
0,0.736842105263158,0.2,0.6819999999999999,0.38461538461538464,0.4069055549515933,0.3333333333333333,0.4983381932526052,0.9873417721518988,0.9933333333333333,0.9519685632106509,instance,f_classif_top300
0,0.33333333333333337,0.4,0.6819999999999999,0.3076923076923077,0.43543747738621363,0.5,0.5005060327380497,1.0,0.9966666666666667,1.37201709854898,instance,f_classif_top300
0,0.7666666666666666,0.6,0.6819999999999999,0.38461538461538464,0.5913743517681592,0.0,0.4933832638797152,0.9936708860759493,0.99,-0.05940314093056963,instance,f_classif_top300
0,0.41666666666666663,0.6,0.6819999999999999,0.46153846153846156,0.4044981194759554,0.0,0.49056706722122256,0.9873417721518988,0.9666666666666667,0.9947423662310201,instance,f_classif_top300
0,0.6,0.8,0.6819999999999999,0.46153846153846156,0.5007921113740894,0.0,0.4992186034503484,0.9936708860759493,0.9833333333333333,0.7725919634435164,instance,f_classif_top300
0,0.5833333333333333,0.6,0.6819999999999999,0.46153846153846156,0.5936456928929815,0.5,0.5031770551275785,1.0,0.9866666666666667,-0.9531270643660844,instance,f_classif_top300
0,0.0,0.8,0.6819999999999999,0.38461538461538464,0.39461784575491776,1.0,0.5082660644357994,1.0,0.9833333333333333,-0.06688033211284937,instance,f_classif_top300
0,0.43999999999999995,0.4,0.6819999999999999,0.46153846153846156,0.5834336839791504,0.46153846153846156,0.4985335039633598,0.9936708860759493,0.9966666666666667,1.3213757446587322,instance,f_classif_top300
0,0.75,0.4,0.6819999999999999,0.38461538461538464,0.39724358999984,0.0,0.4995024542713429,0.9936708860759493,0.9666666666666667,-0.45283854989852057,instance,f_classif_top300
0,0.43999999999999995,0.4,0.6819999999999999,0.46153846153846156,0.5161609274677842,0.5,0.5009249422822348,1.0,0.99,-0.13593685687503024,instance,f_classif_top300
0,0.0,0.8,0.6819999999999999,0.46153846153846156,0.5086145595369272,1.0,0.5027239863286492,1.0,0.98,0.7219855591562668,instance,f_classif_top300
0,0.736842105263158,0.4,0.6819999999999999,0.6153846153846154,0.670266404082498,0.0,0.49639251754185376,0.9873417721518988,0.9866666666666667,-1.240452672871705,instance,f_classif_top300
0,0.5833333333333333,0.8,0.6819999999999999,0.5384615384615384,0.5782180010777805,1.0,0.5023254359606533,1.0,0.9733333333333334,0.2675980229307679,instance,f_classif_top300
0,0.4285714285714286,0.4,0.6819999999999999,0.6153846153846154,0.502083046746373,0.0,0.49701191196049166,0.9936708860759493,0.9866666666666667,1.1426806301519188,instance,f_classif_top300
0,0.5,0.6,0.6819999999999999,0.46153846153846156,0.7963772633874501,1.0,0.5062419676637944,1.0,1.0,0.2715819197428585,instance,f_classif_top300
1,0.5,0.2,0.31799999999999995,0.6923076923076923,0.17923042877892492,0.0,0.49855644256640963,0.9970588235294118,0.9866666666666667,1.8754704574758612,instance,f_classif_top300
0,0.0,0.6,0.6819999999999999,0.5384615384615384,0.394803195055759,0.5,0.5018658770696374,1.0,0.9933333333333333,0.47586326757194525,instance,f_classif_top300
0,0.0,0.4,0.6819999999999999,0.5384615384615384,0.6920347939889216,0.0,0.49569959449984247,0.9936708860759493,0.9933333333333333,0.8057792939289324,instance,f_classif_top300
0,0.5384615384615384,1.0,0.6819999999999999,0.3076923076923077,0.73965110269824,1.0,0.5048932659700981,1.0,0.97,0.8426104186053123,instance,f_classif_top300
0,0.6,0.4,0.6819999999999999,0.46153846153846156,0.42973783743516136,0.0,0.494432934117201,0.9873417721518988,0.9833333333333333,-0.5866197680121837,instance,f_classif_top300
0,0.0,0.2,0.6819999999999999,0.3076923076923077,0.3945988519837821,0.0,0.49395156625261993,0.9873417721518988,0.98,2.5371168938957025,instance,f_classif_top300
0,0.0,0.8,0.6819999999999999,0.3076923076923077,0.3948882993318071,0.0,0.49785742472597583,0.9936708860759493,0.97,0.03305802738237579,instance,f_classif_top300
0,0.43999999999999995,0.4,0.6819999999999999,0.46153846153846156,0.3945973043894856,0.0,0.49792727440903506,0.9873417721518988,0.97,1.0806863491828373,instance,f_classif_top300
0,0.736842105263158,0.8,0.6819999999999999,0.3076923076923077,0.5624500815727349,1.0,0.5116897150974818,1.0,0.9833333333333333,0.2630013248339783,instance,f_classif_top300
0,0.3125,1.0,0.6819999999999999,0.5384615384615384,0.3950022837262136,1.0,0.5252753869375899,1.0,0.98,2.1944692796090024,instance,f_classif_top300
0,0.3125,0.6,0.6819999999999999,0.5384615384615384,0.5331731552870957,1.0,0.5021599989941175,1.0,0.9866666666666667,1.6432869040093652,instance,f_classif_top300
0,0.5384615384615384,0.4,0.6819999999999999,0.5384615384615384,0.3948235395373436,0.0,0.49798111377870613,0.9936708860759493,0.9666666666666667,2.854492850343907,instance,f_classif_top300
0,0.6666666666666667,0.2,0.6819999999999999,0.5384615384615384,0.3947115924916277,0.0,0.4968445767690688,0.9936708860759493,0.9833333333333333,2.1956749094739885,instance,f_classif_top300
0,0.0,0.8,0.6819999999999999,0.6153846153846154,0.5927196167567685,1.0,0.511743365439101,1.0,0.9833333333333333,-0.1447498772682038,instance,f_classif_top300
0,0.33333333333333337,0.6,0.6819999999999999,0.3076923076923077,0.3948535361693334,1.0,0.504167400192664,1.0,0.9933333333333333,1.562123580840454,instance,f_classif_top300
0,0.8333333333333334,0.8,0.6819999999999999,0.7692307692307693,0.4037917340889806,0.0,0.4967907799538951,0.9936708860759493,0.99,0.6570146938595057,instance,f_classif_top300
0,0.19999999999999996,0.4,0.6819999999999999,0.23076923076923078,0.39482529125629917,0.0,0.4940181056018931,0.9936708860759493,0.9733333333333334,0.9741500937700306,instance,f_classif_top300
0,0.7142857142857143,0.8,0.6819999999999999,0.9230769230769231,0.7377138679353834,1.0,0.5005901658588323,1.0,0.9733333333333334,-1.445795543887405,instance,f_classif_top300
0,0.5,0.4,0.6819999999999999,0.38461538461538464,0.3957958440490288,0.0,0.4951557061452473,0.9873417721518988,0.99,2.498754446701344,instance,f_classif_top300
0,0.5833333333333333,0.6,0.6819999999999999,0.5384615384615384,0.3954058067561932,1.0,0.502482053388204,1.0,0.99,1.7185742955791454,instance,f_classif_top300
0,0.8,0.4,0.6819999999999999,0.5384615384615384,0.5611608155856264,1.0,0.5025590469699592,1.0,0.97,1.4447687081236684,instance,f_classif_top300
0,0.4285714285714286,0.4,0.6819999999999999,0.7692307692307693,0.5672382293016991,1.0,0.5021111568877602,1.0,0.9766666666666667,1.194893807904794,instance,f_classif_top300
0,0.3125,0.8,0.6819999999999999,0.5384615384615384,0.40166645117992517,1.0,0.5115097372172688,1.0,0.99,2.0716538697688396,instance,f_classif_top300
0,0.41666666666666663,0.6,0.6819999999999999,0.46153846153846156,0.5581350911958098,1.0,0.5080471580006887,1.0,0.98,0.6106784988816126,instance,f_classif_top300
0,0.3125,0.8,0.6819999999999999,0.5384615384615384,0.7691566385450431,1.0,0.512147285474573,1.0,0.9833333333333333,-0.46647098697474954,instance,f_classif_top300
0,0.43999999999999995,0.6,0.6819999999999999,0.5384615384615384,0.40497362440326024,0.0,0.4999150229958573,0.9936708860759493,0.99,0.035107257414672424,instance,f_classif_top300
0,0.736842105263158,0.4,0.6819999999999999,0.46153846153846156,0.5625242267485998,0.0,0.4934498563078935,0.9873417721518988,0.9933333333333333,1.495143360795724,instance,f_classif_top300
0,0.43999999999999995,0.6,0.6819999999999999,0.5384615384615384,0.6586828161772255,0.0,0.497872048933534,0.9936708860759493,0.9766666666666667,-0.1094538700820812,instance,f_classif_top300
0,0.7692307692307692,0.6,0.6819999999999999,0.3076923076923077,0.41016658197007405,0.0,0.4991153617803219,0.9936708860759493,0.9866666666666667,0.6659435987424053,instance,f_classif_top300
0,0.6666666666666667,0.4,0.6819999999999999,0.38461538461538464,0.49985720759630914,1.0,0.503407138270684,1.0,0.9766666666666667,0.24590758065922672,instance,f_classif_top300
0,0.5384615384615384,0.8,0.6819999999999999,0.38461538461538464,0.6290456054773682,0.4,0.5074794299395364,1.0,0.99,-0.10673117672958161,instance,f_classif_top300
0,0.5,0.8,0.6819999999999999,0.46153846153846156,0.6788496982602196,1.0,0.5120566764582986,1.0,0.99,1.0343655657550148,instance,f_classif_top300
0,0.33333333333333337,0.8,0.6819999999999999,0.46153846153846156,0.5654572829333208,0.0,0.496520431909796,0.9936708860759493,0.98,-0.4069172172305332,instance,f_classif_top300
0,0.7692307692307692,0.8,0.6819999999999999,0.23076923076923078,0.45628929840656307,0.0,0.4936565937204901,0.9936708860759493,0.9766666666666667,0.6117067983751328,instance,f_classif_top300
0,0.0,0.6,0.6819999999999999,0.3076923076923077,0.432325948264212,0.0,0.4828517579686348,0.9873417721518988,0.9833333333333333,-0.8589893294969151,instance,f_classif_top300
0,0.6666666666666667,0.8,0.6819999999999999,0.46153846153846156,0.3945987091726134,0.0,0.4977423201476686,0.9936708860759493,0.99,1.2846211814156796,instance,f_classif_top300
0,0.4285714285714286,0.4,0.6819999999999999,0.9230769230769231,0.39561200429389587,0.0,0.48770690832717956,0.9810126582278481,0.9933333333333333,1.2858549919723914,instance,f_classif_top300
0,0.7666666666666666,0.8,0.6819999999999999,0.5384615384615384,0.4838881176078226,0.0,0.4904683355655385,0.9936708860759493,0.9866666666666667,0.3937315230466516,instance,f_classif_top300
0,0.0,0.6,0.6819999999999999,0.6153846153846154,0.39459725631705656,0.0,0.4978447860506908,0.9873417721518988,0.9766666666666667,1.362500510135161,instance,f_classif_top300
0,0.4285714285714286,0.6,0.6819999999999999,0.9230769230769231,0.5522098484433723,0.5,0.5025062266485545,1.0,0.99,1.1884012581446046,instance,f_classif_top300
0,0.6666666666666667,0.4,0.6819999999999999,0.46153846153846156,0.5660348956259388,0.0,0.49476210490096284,0.9936708860759493,0.9866666666666667,-0.5163246486964014,instance,f_classif_top300
0,0.6,0.8,0.6819999999999999,0.6153846153846154,0.4010442337193515,0.4,0.5007891939811475,1.0,1.0,0.7768519711953442,instance,f_classif_top300
0,0.0,0.2,0.6819999999999999,0.23076923076923078,0.4031817626351202,0.0,0.49481844260624164,0.9746835443037974,0.9833333333333333,0.3035423096656079,instance,f_classif_top300
0,0.0,0.6,0.6819999999999999,0.46153846153846156,0.6346732137647366,1.0,0.5033954038976447,1.0,0.98,-1.4702946361644953,instance,f_classif_top300
0,0.43999999999999995,0.4,0.6819999999999999,0.38461538461538464,0.44945416416816764,0.0,0.4931425709114311,0.9873417721518988,0.9733333333333334,1.4104452471139335,instance,f_classif_top300
0,0.19999999999999996,0.6,0.6819999999999999,0.5384615384615384,0.3975716836447939,1.0,0.5071312313520439,1.0,0.9866666666666667,1.347870675236097,instance,f_classif_top300
0,0.0,0.4,0.6819999999999999,0.3076923076923077,0.49107518576410714,0.0,0.4957985854442083,0.9873417721518988,0.98,0.28103611807357387,instance,f_classif_top300
0,0.7666666666666666,0.6,0.6819999999999999,0.3076923076923077,0.44039913019972365,0.35,0.5082188558924796,1.0,0.9933333333333333,0.7635164253145568,instance,f_classif_top300
0,0.5833333333333333,0.4,0.6819999999999999,0.38461538461538464,0.3951567133532139,1.0,0.5056756075244497,1.0,0.9833333333333333,1.1807699769418565,instance,f_classif_top300
0,0.6666666666666667,0.0,0.6819999999999999,0.5384615384615384,0.39514596108972744,0.0,0.49161029550643964,0.9620253164556962,0.98,1.003234765598051,instance,f_classif_top300
0,0.41666666666666663,0.6,0.6819999999999999,0.3076923076923077,0.5327261900492956,1.0,0.5031106866034063,1.0,0.97,0.46812292990851634,instance,f_classif_top300
0,0.0,0.6,0.6819999999999999,0.5384615384615384,0.3945975259366661,0.0,0.49245476552373013,0.9936708860759493,0.9866666666666667,1.2898323702616348,instance,f_classif_top300
0,0.41666666666666663,0.4,0.6819999999999999,0.46153846153846156,0.3946280121619125,0.0,0.4906842602973547,0.9810126582278481,0.99,1.186790011465658,instance,f_classif_top300
0,0.0,0.6,0.6819999999999999,0.5384615384615384,0.3967958257274634,0.0,0.4939309299609467,0.9873417721518988,0.99,1.9713685251930384,instance,f_classif_top300
0,0.5909090909090908,0.6,0.6819999999999999,0.5384615384615384,0.4039099028531421,0.3333333333333333,0.501882276750544,1.0,0.9933333333333333,0.49866673306195075,instance,f_classif_top300
0,0.5384615384615384,0.2,0.6819999999999999,0.3076923076923077,0.41124168980823217,0.0,0.4854936858494254,0.9746835443037974,0.9766666666666667,1.7742537380969066,instance,f_classif_top300
0,0.5909090909090908,0.4,0.6819999999999999,0.46153846153846156,0.40055329702144504,0.2,0.4976206919133056,0.9936708860759493,0.9966666666666667,0.7948471356110477,instance,f_classif_top300
0,0.5909090909090908,0.6,0.6819999999999999,0.3076923076923077,0.4028667196368425,0.0,0.4988826081568566,0.9936708860759493,0.99,0.840906957834483,instance,f_classif_top300
0,0.43999999999999995,0.4,0.6819999999999999,0.46153846153846156,0.42512383554822153,0.0,0.4895460669096471,0.9873417721518988,0.9966666666666667,0.9306658847272472,instance,f_classif_top300
0,0.0,0.4,0.6819999999999999,0.5384615384615384,0.5148019496719519,0.0,0.48682631686745337,0.9873417721518988,0.98,1.5220660106971842,instance,f_classif_top300
0,0.7777777777777778,0.8,0.6819999999999999,0.46153846153846156,0.42779330913748603,0.0,0.4897992813649199,0.9936708860759493,0.99,0.4751959913756776,instance,f_classif_top300
0,0.3125,0.4,0.6819999999999999,0.5384615384615384,0.4053238462437816,1.0,0.5039465733856489,1.0,0.9866666666666667,2.2675378376792414,instance,f_classif_top300
1,0.6875,0.8,0.31799999999999995,0.5384615384615384,0.5914398571507865,0.7222222222222222,0.5055582768583777,1.0,1.0,-1.4281530413865395,instance,f_classif_top300
0,0.7777777777777778,0.6,0.6819999999999999,0.38461538461538464,0.46173141943284646,0.0,0.4981241653387404,0.9873417721518988,0.9866666666666667,0.1228146871496705,instance,f_classif_top300
0,0.33333333333333337,0.8,0.6819999999999999,0.38461538461538464,0.4463130347613832,1.0,0.5055331589091341,1.0,0.9966666666666667,1.2419527559510808,instance,f_classif_top300
0,0.5909090909090908,0.6,0.6819999999999999,0.3076923076923077,0.5644074571427221,1.0,0.5059996700976946,1.0,0.9933333333333333,-0.1069990952901408,instance,f_classif_top300
0,0.33333333333333337,0.4,0.6819999999999999,0.38461538461538464,0.5271120595420564,0.0,0.49106998490160736,0.9810126582278481,0.9733333333333334,0.4870180468172589,instance,f_classif_top300
0,0.9230769230769231,1.0,0.6819999999999999,0.5384615384615384,0.8170764774700894,0.5,0.5066818879656552,1.0,0.99,-0.4039955420810774,instance,f_classif_top300
0,0.41666666666666663,0.4,0.6819999999999999,0.3076923076923077,0.3952747223097953,1.0,0.5017908350512689,1.0,0.9933333333333333,3.5797230375459335,instance,f_classif_top300
0,0.43999999999999995,0.6,0.6819999999999999,0.3076923076923077,0.43128608111685496,1.0,0.5046973163264906,1.0,0.99,1.3635578649947424,instance,f_classif_top300
0,0.7692307692307692,1.0,0.6819999999999999,0.46153846153846156,0.3949669704213282,1.0,0.5112400054460025,1.0,0.9966666666666667,1.5868403973815979,instance,f_classif_top300
0,0.3125,0.6,0.6819999999999999,0.5384615384615384,0.41697242804001156,1.0,0.5116311599059733,1.0,0.99,1.5829376540809341,instance,f_classif_top300
0,0.75,0.4,0.6819999999999999,0.5384615384615384,0.6458847583581059,0.0,0.4955919302620647,0.9936708860759493,0.9766666666666667,0.03110751158809682,instance,f_classif_top300
1,0.5,0.4,0.31799999999999995,0.5384615384615384,0.29984530733914516,0.0,0.49206783926343634,0.9911764705882353,0.9933333333333333,0.8601520682395106,instance,f_classif_top300
0,0.6,0.4,0.6819999999999999,0.3076923076923077,0.4741280838546649,0.0,0.4906408613875004,0.9810126582278481,0.97,-0.39631759239206404,instance,f_classif_top300
0,0.6,0.4,0.6819999999999999,0.38461538461538464,0.5435624713241568,0.0,0.4981178400630022,0.9936708860759493,0.9866666666666667,-0.6723781118522222,instance,f_classif_top300
0,0.75,0.8,0.6819999999999999,0.3076923076923077,0.6984261877504135,0.6666666666666666,0.5120474096082293,1.0,0.9866666666666667,0.28416766834992657,instance,f_classif_top300
0,0.0,0.2,0.6819999999999999,0.38461538461538464,0.39771704128781693,1.0,0.5099834606564035,1.0,0.9766666666666667,1.8206276302466096,instance,f_classif_top300
0,0.43999999999999995,0.6,0.6819999999999999,0.46153846153846156,0.7035496296107802,0.6,0.5091261194652904,1.0,0.99,-0.43783751740762256,instance,f_classif_top300
0,0.736842105263158,0.8,0.6819999999999999,0.3076923076923077,0.5521716206912076,0.6,0.5139411288147782,1.0,0.9933333333333333,-0.3602234758289878,instance,f_classif_top300
0,0.43999999999999995,0.2,0.6819999999999999,0.46153846153846156,0.39663095860756437,0.0,0.498297775717055,0.9810126582278481,0.98,0.5183844974556414,instance,f_classif_top300
0,0.7666666666666666,0.2,0.6819999999999999,0.5384615384615384,0.4093254076333678,0.0,0.4881108163363168,0.9810126582278481,0.9766666666666667,1.6488732928936536,instance,f_classif_top300
1,0.41666666666666663,0.0,0.31799999999999995,0.5384615384615384,0.2254783347925997,0.6,0.4947661865594717,0.9852941176470589,0.99,0.8073964775694408,instance,f_classif_top300
0,0.4285714285714286,0.2,0.6819999999999999,0.3076923076923077,0.5096282011476839,0.0,0.49285929393645267,0.9810126582278481,0.9933333333333333,0.016477204205722015,instance,f_classif_top300
0,0.0,0.6,0.6819999999999999,0.38461538461538464,0.5335987333501936,0.0,0.4860943008870655,0.9873417721518988,0.9733333333333334,-0.057464999233235725,instance,f_classif_top300
1,0.26315789473684215,0.2,0.31799999999999995,0.6923076923076923,0.36564875183435064,0.0,0.4963829641709001,0.9911764705882353,0.98,0.7404606193274252,instance,f_classif_top300
1,0.56,0.2,0.31799999999999995,1.0,0.24995520130646043,0.0,0.4986333536220544,0.9970588235294118,0.9833333333333333,1.2274517782250656,instance,f_classif_top300
1,0.052631578947368474,0.4,0.31799999999999995,0.5384615384615384,0.18584320610185168,1.0,0.5092285414620228,1.0,0.9733333333333334,2.2392255573348887,instance,f_classif_top300
1,0.0,0.2,0.31799999999999995,0.46153846153846156,0.1802498358812687,0.0,0.4748020625579169,0.9882352941176471,0.9833333333333333,2.3100443089770755,instance,f_classif_top300
1,0.0,0.0,0.31799999999999995,0.5384615384615384,0.3002877468335483,0.0,0.4792307677710378,0.9852941176470589,0.9766666666666667,2.2151142992150064,instance,f_classif_top300
1,0.26315789473684215,0.4,0.31799999999999995,0.5384615384615384,0.2464573011367472,0.5,0.4983468054353781,0.9970588235294118,0.99,1.1329182333591463,instance,f_classif_top300
1,0.25,0.2,0.31799999999999995,0.5384615384615384,0.1944438112244523,0.0,0.4973458031957959,0.9970588235294118,0.98,0.6165073894658174,instance,f_classif_top300
1,0.23076923076923073,0.0,0.31799999999999995,1.0,0.2980425855500388,0.0,0.49216163366111276,0.9852941176470589,0.9933333333333333,1.5477362077296055,instance,f_classif_top300
1,0.16666666666666663,0.0,0.31799999999999995,0.6923076923076923,0.1780491935812047,0.0,0.4840375436991188,0.9764705882352941,0.9833333333333333,3.4085900306056827,instance,f_classif_top300
1,0.2857142857142857,0.2,0.31799999999999995,0.6923076923076923,0.17804816838858573,0.0,0.49711587491315945,0.9970588235294118,0.9833333333333333,4.293915734049668,instance,f_classif_top300
1,0.052631578947368474,0.0,0.31799999999999995,1.0,0.2463946832888696,0.0,0.47916318037760663,0.9852941176470589,0.9866666666666667,1.9657011815854448,instance,f_classif_top300
1,0.16666666666666663,0.0,0.31799999999999995,0.6923076923076923,0.17819209990020923,0.0,0.48537272416663013,0.961764705882353,0.98,3.906362414625275,instance,f_classif_top300
1,0.23333333333333328,0.2,0.31799999999999995,1.0,0.17805185025237102,0.0,0.49311340022364036,0.9970588235294118,0.96,2.428993596622598,instance,f_classif_top300
1,0.33333333333333337,0.4,0.31799999999999995,0.6923076923076923,0.22543584838320152,0.3333333333333333,0.4903564108937949,0.9970588235294118,0.9933333333333333,3.2765082021573826,instance,f_classif_top300
1,0.4,0.0,0.31799999999999995,1.0,0.17808463760916915,0.3333333333333333,0.48896306960913305,0.9852941176470589,0.99,4.046093106866195,instance,f_classif_top300
1,0.40909090909090906,0.4,0.31799999999999995,0.46153846153846156,0.564817025518681,0.3076923076923077,0.4966599718314014,0.9970588235294118,0.9966666666666667,-0.32708869060891244,instance,f_classif_top300
1,0.26315789473684215,0.2,0.31799999999999995,0.6923076923076923,0.1781318488670669,0.0,0.49159386118543225,0.9941176470588236,0.9733333333333334,1.0441018449039292,instance,f_classif_top300
1,0.0,0.2,0.31799999999999995,1.0,0.19001708605880763,0.5,0.5032589213850474,1.0,0.98,2.0552316130068684,instance,f_classif_top300
1,0.0,0.2,0.31799999999999995,0.5384615384615384,0.30781884773242696,0.0,0.492259073944847,0.9882352941176471,0.9666666666666667,1.7290138301011215,instance,f_classif_top300
1,0.07692307692307687,0.6,0.31799999999999995,0.46153846153846156,0.178477739698086,0.0,0.4935531783802031,0.9970588235294118,0.9733333333333334,1.731025682636636,instance,f_classif_top300
1,0.052631578947368474,0.0,0.31799999999999995,1.0,0.20699343759266797,0.0,0.4862238824314278,0.9647058823529412,0.9866666666666667,1.4407704517459334,instance,f_classif_top300
1,0.0,0.6,0.31799999999999995,1.0,0.4624943530090285,1.0,0.5001819381775177,1.0,0.99,0.6455518640086094,instance,f_classif_top300
1,0.6666666666666667,0.6,0.31799999999999995,0.5384615384615384,0.19237164808598212,0.0,0.4953824311128564,0.9970588235294118,0.9733333333333334,1.3720560845677583,instance,f_classif_top300
1,0.26315789473684215,0.2,0.31799999999999995,1.0,0.1780505782092613,0.0,0.48793817351208624,0.9882352941176471,0.9833333333333333,2.4359387872976526,instance,f_classif_top300
1,0.0,0.4,0.31799999999999995,0.6923076923076923,0.17806584962535893,1.0,0.5071700924028183,1.0,0.9833333333333333,1.9226761147534033,instance,f_classif_top300
1,0.26315789473684215,0.6,0.31799999999999995,0.6923076923076923,0.6015394519921246,0.5,0.5002542506380205,1.0,0.9833333333333333,-0.11153036055334418,instance,f_classif_top300
1,0.0,0.4,0.31799999999999995,1.0,0.2858824166556285,1.0,0.5010910675257454,1.0,1.0,1.4975856273426733,instance,f_classif_top300
1,0.0,0.0,0.31799999999999995,1.0,0.29999884994605364,0.0,0.4842980190307974,0.9794117647058823,0.97,4.9088752881200755,instance,f_classif_top300
1,0.0,0.2,0.31799999999999995,0.5384615384615384,0.17804804267686186,0.0,0.4969272951804802,0.9941176470588236,0.98,2.845230274408351,instance,f_classif_top300
1,0.40909090909090906,0.0,0.31799999999999995,0.6153846153846154,0.34167624841673305,0.0,0.4795278468243819,0.9705882352941176,0.9866666666666667,1.062298438245934,instance,f_classif_top300
1,0.19999999999999996,0.0,0.31799999999999995,0.5384615384615384,0.39217951302094045,0.0,0.4887827963050889,0.9676470588235294,0.9866666666666667,0.6776776247562646,instance,f_classif_top300
1,0.18181818181818177,0.2,0.31799999999999995,0.5384615384615384,0.20327102317975215,0.0,0.49789382852806374,0.9941176470588236,0.9866666666666667,1.2047140995866557,instance,f_classif_top300
1,0.0,0.0,0.31799999999999995,0.46153846153846156,0.3520890191235089,0.0,0.4852312078548964,0.9529411764705882,0.99,0.02236150000279619,instance,f_classif_top300
1,0.25,0.6,0.31799999999999995,0.6923076923076923,0.18167061537400847,0.0,0.49085977260548197,0.9970588235294118,0.9633333333333334,1.9011975797986629,instance,f_classif_top300
1,0.2222222222222222,0.2,0.31799999999999995,0.5384615384615384,0.37076929724143726,0.0,0.4960911837295263,0.9911764705882353,0.98,0.9356064132368738,instance,f_classif_top300
1,0.5714285714285714,0.6,0.31799999999999995,0.46153846153846156,0.17996090210317556,0.0,0.4997302692634966,0.9970588235294118,0.99,0.3292776880744769,instance,f_classif_top300
1,0.23333333333333328,0.2,0.31799999999999995,1.0,0.17812551811014155,0.0,0.49821890034289185,0.9941176470588236,0.9766666666666667,2.556234857187968,instance,f_classif_top300
1,0.0,0.2,0.31799999999999995,1.0,0.17805731793487162,0.5,0.5033375258509509,1.0,0.9666666666666667,2.7142921710941823,instance,f_classif_top300
1,0.23076923076923073,0.2,0.31799999999999995,0.6923076923076923,0.2144142104858992,0.0,0.4991237870875762,0.9941176470588236,0.98,1.7775235844239738,instance,f_classif_top300
1,0.23333333333333328,0.0,0.31799999999999995,0.5384615384615384,0.17821076814870024,0.0,0.4758218596439945,0.9852941176470589,0.9933333333333333,3.661680466026171,instance,f_classif_top300
1,0.0,0.6,0.31799999999999995,0.5384615384615384,0.5970304818125945,0.0,0.49969548071008574,0.9970588235294118,0.9833333333333333,0.2076293286370797,instance,f_classif_top300
1,0.2222222222222222,0.2,0.31799999999999995,0.6153846153846154,0.20878152359526908,0.0,0.49444557125065536,0.9911764705882353,0.9766666666666667,2.7700906093498365,instance,f_classif_top300
1,0.23076923076923073,0.2,0.31799999999999995,1.0,0.17872665947612554,0.0,0.4925086689819058,0.9911764705882353,0.99,2.251519388614284,instance,f_classif_top300
1,0.0,0.2,0.31799999999999995,1.0,0.2999891972305746,0.0,0.4948209131413883,0.9911764705882353,0.98,2.3280234801824107,instance,f_classif_top300
1,0.0,0.2,0.31799999999999995,0.6923076923076923,0.1825810548843136,0.0,0.4898503543753624,0.9941176470588236,0.9966666666666667,3.1045538489035303,instance,f_classif_top300
1,0.6666666666666667,0.4,0.31799999999999995,0.5384615384615384,0.3599347960959366,0.5,0.5062427837489862,1.0,0.9866666666666667,0.4747212332434452,instance,f_classif_top300
1,0.6875,0.2,0.31799999999999995,0.6923076923076923,0.19541067771146642,0.0,0.4953712599126894,0.9970588235294118,0.9833333333333333,2.114508602513452,instance,f_classif_top300
1,0.6875,0.2,0.31799999999999995,1.0,0.2628815616354553,0.0,0.4921728903452385,0.9882352941176471,0.9766666666666667,1.7839213570473418,instance,f_classif_top300
1,0.26315789473684215,0.2,0.31799999999999995,1.0,0.2538307805881086,0.25,0.4855236306803048,0.9941176470588236,0.99,0.6079311647181024,instance,f_classif_top300
1,0.19999999999999996,0.0,0.31799999999999995,1.0,0.2788697896572917,0.0,0.4783257768661867,0.9794117647058823,0.9933333333333333,2.181561545104407,instance,f_classif_top300
1,0.19999999999999996,0.2,0.31799999999999995,0.5384615384615384,0.18205137520335407,0.0,0.4909394433499964,0.9882352941176471,0.9833333333333333,2.4168026833166523,instance,f_classif_top300
1,0.56,0.4,0.31799999999999995,0.6923076923076923,0.3404338440629344,0.0,0.49355569473446703,0.9941176470588236,0.98,-0.6465980537334639,instance,f_classif_top300
1,0.0,0.0,0.31799999999999995,0.5384615384615384,0.17817401275331018,0.0,0.4850263369811758,0.9558823529411765,0.9833333333333333,1.6440607960460654,instance,f_classif_top300
1,0.26315789473684215,0.4,0.31799999999999995,0.5384615384615384,0.17826919133976504,0.0,0.4991808454737612,0.9970588235294118,0.99,2.0882369407209946,instance,f_classif_top300
1,0.33333333333333337,0.0,0.31799999999999995,0.6923076923076923,0.36161687931485575,0.0,0.4754362659490471,0.9676470588235294,0.9933333333333333,1.0465534752577137,instance,f_classif_top300
1,0.23076923076923073,0.2,0.31799999999999995,0.38461538461538464,0.19110640225494235,0.0,0.491361324953809,0.9970588235294118,0.99,2.728810610221411,instance,f_classif_top300
0,0.43999999999999995,0.4,0.6819999999999999,0.5384615384615384,0.5707188670826611,1.0,0.5159500905977619,1.0,0.99,-0.8215680099983436,instance,f_classif_top300
1,0.07692307692307687,0.0,0.31799999999999995,0.6923076923076923,0.17985139361283958,0.0,0.482080530668343,0.9735294117647059,0.9933333333333333,2.2840589643097395,instance,f_classif_top300
1,0.052631578947368474,0.2,0.31799999999999995,0.5384615384615384,0.18077378613654832,0.0,0.49643598048536663,0.9911764705882353,0.9833333333333333,1.9929354321236636,instance,f_classif_top300
1,0.46153846153846156,0.4,0.31799999999999995,0.5384615384615384,0.17875399166634326,0.0,0.48939526448467097,0.9941176470588236,0.9766666666666667,1.2312565434692768,instance,f_classif_top300
0,0.4285714285714286,0.6,0.6819999999999999,0.5384615384615384,0.6336047996449004,0.75,0.5067554993642119,1.0,0.99,-0.9727290053355019,instance,f_classif_top300
1,0.0,0.2,0.31799999999999995,0.6923076923076923,0.1780557695802839,0.0,0.491486787692763,0.9911764705882353,0.99,1.1834487128436666,instance,f_classif_top300
1,0.5714285714285714,0.2,0.31799999999999995,1.0,0.21205181044565352,0.6666666666666666,0.5027640448679747,1.0,0.9966666666666667,1.6424692692579874,instance,f_classif_top300
1,0.07692307692307687,0.4,0.31799999999999995,1.0,0.17804807718571986,0.0,0.49519483242620976,0.9911764705882353,0.9866666666666667,4.660784825989287,instance,f_classif_top300
1,0.23333333333333328,0.0,0.31799999999999995,0.38461538461538464,0.31859009286432727,0.0,0.4858404993794204,0.9852941176470589,0.97,1.5912961786708386,instance,f_classif_top300
1,0.23333333333333328,0.2,0.31799999999999995,1.0,0.19231892168864595,0.0,0.49610549782445046,0.9941176470588236,1.0,0.30687920028438814,instance,f_classif_top300
1,0.052631578947368474,0.4,0.31799999999999995,0.5384615384615384,0.17804855439709633,0.0,0.491692666723213,0.9941176470588236,0.9766666666666667,1.6034057115821934,instance,f_classif_top300
1,0.0,0.4,0.31799999999999995,1.0,0.368581068461435,0.0,0.49720433779935413,0.9941176470588236,0.9966666666666667,1.8409860899808017,instance,f_classif_top300
1,0.0,0.2,0.31799999999999995,1.0,0.17883280500041138,1.0,0.5005320357394092,1.0,0.9933333333333333,1.5097820776322817,instance,f_classif_top300
1,0.23333333333333328,0.4,0.31799999999999995,1.0,0.3009555807204908,0.0,0.49935216058386966,0.9970588235294118,1.0,1.3440887312010954,instance,f_classif_top300
1,0.5833333333333333,0.0,0.31799999999999995,0.6923076923076923,0.23246977077950753,0.0,0.49220560731885843,0.9852941176470589,0.99,0.9107541445149312,instance,f_classif_top300
1,0.56,0.2,0.31799999999999995,0.6923076923076923,0.17806103205000523,0.0,0.4904648312617834,0.9970588235294118,0.9833333333333333,3.2085342399091425,instance,f_classif_top300
1,0.4,0.0,0.31799999999999995,1.0,0.18196377002603153,0.0,0.49107842412946245,0.9676470588235294,0.99,2.3956245477119538,instance,f_classif_top300
1,0.0,0.4,0.31799999999999995,0.5384615384615384,0.34782223122557687,1.0,0.501445767597214,1.0,0.9833333333333333,-0.6845709561091293,instance,f_classif_top300
1,0.40909090909090906,0.4,0.31799999999999995,1.0,0.2031586745887483,0.4,0.5027003200159336,1.0,0.9933333333333333,1.3606450542711386,instance,f_classif_top300
1,0.18181818181818177,0.8,0.31799999999999995,0.6923076923076923,0.2151973451056205,0.6666666666666666,0.5059141155800659,1.0,0.9966666666666667,0.5227256056861801,instance,f_classif_top300
1,0.16666666666666663,0.4,0.31799999999999995,0.5384615384615384,0.26178713063849834,0.2857142857142857,0.4980246930747525,0.9970588235294118,0.9966666666666667,1.1583804420792305,instance,f_classif_top300
1,0.26315789473684215,0.2,0.31799999999999995,1.0,0.41046063787539877,0.3333333333333333,0.5008420368367439,1.0,0.99,-0.5444642940940508,instance,f_classif_top300
1,0.0,0.2,0.31799999999999995,0.6923076923076923,0.29999874212744704,0.5,0.4961420327360686,0.9970588235294118,0.9966666666666667,2.9473206934385607,instance,f_classif_top300
1,0.4,0.0,0.31799999999999995,1.0,0.21914510612598798,0.0,0.4827303677094522,0.9823529411764705,0.99,0.7381170173244656,instance,f_classif_top300
1,0.25,0.0,0.31799999999999995,1.0,0.1789353114588229,0.0,0.47908588990655765,0.9735294117647059,0.9833333333333333,3.0992044348910115,instance,f_classif_top300
1,0.0,0.2,0.31799999999999995,0.6923076923076923,0.17808864763672272,0.0,0.49458272654558844,0.9882352941176471,0.98,3.1153498949264042,instance,f_classif_top300
1,0.052631578947368474,0.0,0.31799999999999995,1.0,0.17862174762789923,0.0,0.4861978304011302,0.9823529411764705,0.9733333333333334,2.3777972481428065,instance,f_classif_top300
1,0.6875,0.2,0.31799999999999995,1.0,0.4807605842245462,0.0,0.4898842797549242,0.9911764705882353,0.9933333333333333,0.061846540744034145,instance,f_classif_top300
1,0.26315789473684215,0.4,0.31799999999999995,0.5384615384615384,0.41243689422214785,0.0,0.4997972363331349,0.9970588235294118,0.9766666666666667,1.0113944361516678,instance,f_classif_top300
1,0.33333333333333337,0.0,0.31799999999999995,0.5384615384615384,0.3126358275001545,0.0,0.4922087678186349,0.9823529411764705,0.9833333333333333,1.1501075911677934,instance,f_classif_top300
1,0.5,0.8,0.31799999999999995,0.46153846153846156,0.20375696999908322,1.0,0.5017132282076888,1.0,0.9766666666666667,0.24597815129653855,instance,f_classif_top300
1,0.16666666666666663,0.0,0.31799999999999995,0.5384615384615384,0.17807866245544945,0.3333333333333333,0.48392701062613097,0.9823529411764705,0.99,2.356614825301279,instance,f_classif_top300
1,0.0,0.0,0.31799999999999995,1.0,0.17805774613066128,0.0,0.4849779185461415,0.9764705882352941,0.9866666666666667,2.997710371315125,instance,f_classif_top300
1,0.33333333333333337,0.2,0.31799999999999995,1.0,0.28197347504160053,0.4444444444444444,0.4995017134994689,0.9911764705882353,0.9933333333333333,1.0121213663854451,instance,f_classif_top300
1,0.5714285714285714,0.4,0.31799999999999995,1.0,0.5791257637591631,0.0,0.4970766924538018,0.9970588235294118,0.9533333333333334,1.1570926186818917,instance,f_classif_top300
1,0.23333333333333328,0.4,0.31799999999999995,0.6923076923076923,0.17810323731987232,0.0,0.49296167630823384,0.9911764705882353,0.99,3.6167823394050145,instance,f_classif_top300
1,0.07692307692307687,0.4,0.31799999999999995,1.0,0.17855576174175436,0.0,0.49585161298732083,0.9941176470588236,0.9933333333333333,2.830459589573537,instance,f_classif_top300
1,0.07692307692307687,0.0,0.31799999999999995,1.0,0.18126930853273998,0.0,0.49667355938768865,0.9823529411764705,0.9933333333333333,0.6713295176239521,instance,f_classif_top300
1,0.33333333333333337,0.2,0.31799999999999995,1.0,0.605325103601337,0.0,0.49180429768720213,0.9941176470588236,0.97,-0.8561126622514852,instance,f_classif_top300
1,0.26315789473684215,0.2,0.31799999999999995,1.0,0.1790972608393383,0.09090909090909091,0.49310590052432035,0.9882352941176471,0.99,1.5701245565577784,instance,f_classif_top300
1,0.33333333333333337,0.2,0.31799999999999995,1.0,0.28106814865113616,0.0,0.4957952203092709,0.9882352941176471,0.99,2.3405702330258578,instance,f_classif_top300
1,0.23333333333333328,0.0,0.31799999999999995,0.6923076923076923,0.17807345533559277,0.0,0.4773242974747013,0.9764705882352941,0.9866666666666667,3.164746564579161,instance,f_classif_top300
1,0.18181818181818177,0.0,0.31799999999999995,1.0,0.22371930509000276,0.0,0.48260532955696855,0.9676470588235294,0.9933333333333333,0.9687685547070322,instance,f_classif_top300
1,0.0,0.6,0.31799999999999995,0.6923076923076923,0.45417878391137034,0.0,0.49674194022374063,0.9970588235294118,0.9766666666666667,0.6543313049622463,instance,f_classif_top300
1,0.0,0.0,0.31799999999999995,0.5384615384615384,0.17804968827040685,0.0,0.4899019440164568,0.9823529411764705,0.98,3.187406735190258,instance,f_classif_top300
1,0.0,0.0,0.31799999999999995,0.6923076923076923,0.2032407325628824,0.0,0.4777198972228398,0.9794117647058823,0.97,1.8815617829753533,instance,f_classif_top300
1,0.40909090909090906,0.0,0.31799999999999995,1.0,0.34393238415837735,0.0,0.4836963835884809,0.9764705882352941,0.9733333333333334,0.9533714928223196,instance,f_classif_top300
1,0.16666666666666663,0.2,0.31799999999999995,0.6923076923076923,0.18774853591778584,0.0,0.49124118429891306,0.9941176470588236,0.9733333333333334,1.123233838929797,instance,f_classif_top300
1,0.0,0.0,0.31799999999999995,0.6923076923076923,0.20257844457403368,0.0,0.48664290943018684,0.9823529411764705,0.9933333333333333,1.9399989359470537,instance,f_classif_top300
1,0.23333333333333328,0.0,0.31799999999999995,1.0,0.17813982985499405,0.0,0.49440649102925693,0.9852941176470589,0.98,1.4479231464886804,instance,f_classif_top300
1,0.23333333333333328,0.2,0.31799999999999995,0.5384615384615384,0.17804860390179922,0.0,0.4950993222793292,0.9882352941176471,0.9733333333333334,1.754486572502318,instance,f_classif_top300
1,0.16666666666666663,0.4,0.31799999999999995,0.5384615384615384,0.17852501860087983,0.0,0.4972904502786437,0.9970588235294118,0.9866666666666667,2.6806151070471262,instance,f_classif_top300
1,0.07692307692307687,0.0,0.31799999999999995,0.5384615384615384,0.2988460006281669,0.0,0.47437720665057626,0.9764705882352941,0.9866666666666667,2.0256014972176777,instance,f_classif_top300
1,0.2857142857142857,0.2,0.31799999999999995,0.5384615384615384,0.17808416713121428,0.25,0.4910881052235849,0.9941176470588236,0.98,2.77865866762687,instance,f_classif_top300
1,0.26315789473684215,0.0,0.31799999999999995,1.0,0.17828081782243116,0.3333333333333333,0.4884054205110021,0.9852941176470589,0.99,2.8115398030808216,instance,f_classif_top300
1,0.0,0.2,0.31799999999999995,0.6923076923076923,0.1783186174398227,1.0,0.5089121183832064,1.0,0.9733333333333334,2.7325007989249914,instance,f_classif_top300
1,0.6666666666666667,0.4,0.31799999999999995,0.6153846153846154,0.27485943834898985,0.0,0.49853498915822403,0.9970588235294118,0.9766666666666667,0.9685394381455148,instance,f_classif_top300
1,0.0,0.2,0.31799999999999995,0.6923076923076923,0.204024984562567,0.0,0.4950784766400259,0.9882352941176471,0.9766666666666667,1.2574307308433317,instance,f_classif_top300
1,0.4,0.2,0.31799999999999995,0.46153846153846156,0.20469802187217534,1.0,0.5034468131274592,1.0,0.9833333333333333,1.3228450361765136,instance,f_classif_top300
1,0.33333333333333337,0.2,0.31799999999999995,0.6153846153846154,0.31563511847537834,0.0,0.488979615757136,0.9941176470588236,0.99,1.298540895835588,instance,f_classif_top300
1,0.25,0.4,0.31799999999999995,0.6923076923076923,0.3031709193377393,1.0,0.5027269690930558,1.0,0.9833333333333333,1.4392552334892932,instance,f_classif_top300
1,0.26315789473684215,0.0,0.31799999999999995,1.0,0.17808143816369554,0.0,0.4798617148246681,0.9647058823529412,0.99,2.335990020909284,instance,f_classif_top300
1,0.56,0.2,0.31799999999999995,0.6923076923076923,0.23194101543911005,0.0,0.48560441415600986,0.9911764705882353,0.98,1.8016441138164714,instance,f_classif_top300
1,0.052631578947368474,0.4,0.31799999999999995,1.0,0.17859875690743732,1.0,0.5094707153667948,1.0,0.99,1.771613223402428,instance,f_classif_top300
1,0.33333333333333337,0.4,0.31799999999999995,0.46153846153846156,0.18957813906008358,0.3333333333333333,0.5007267795968762,1.0,0.9933333333333333,1.7082777475463378,instance,f_classif_top300
1,0.4,0.2,0.31799999999999995,0.38461538461538464,0.22435396723724071,1.0,0.5018137958542337,1.0,0.9866666666666667,1.876648845314363,instance,f_classif_top300
1,0.41666666666666663,0.2,0.31799999999999995,0.6923076923076923,0.17942724909253133,0.0,0.4870462190783579,0.9882352941176471,0.9833333333333333,1.8635885015706808,instance,f_classif_top300
1,0.052631578947368474,0.0,0.31799999999999995,0.46153846153846156,0.1801401377475415,0.0,0.4909062529631262,0.9823529411764705,0.9866666666666667,2.0820902630620117,instance,f_classif_top300
1,0.0,0.0,0.31799999999999995,0.5384615384615384,0.1842112403298476,0.0,0.49291779010713777,0.9794117647058823,0.9833333333333333,1.4795149434547312,instance,f_classif_top300
1,0.0,0.0,0.31799999999999995,0.5384615384615384,0.17879360708509573,0.0,0.4730850128707669,0.961764705882353,0.99,1.5966116034891087,instance,f_classif_top300
0,0.6,0.8,0.6819999999999999,0.6923076923076923,0.5432479971342707,0.8571428571428571,0.5117370063235882,1.0,0.99,-0.08958415959997616,instance,f_classif_top300
1,0.0,0.2,0.31799999999999995,0.6923076923076923,0.37560895259793636,0.0,0.4884566673503923,0.9911764705882353,0.9933333333333333,1.3790669563511595,instance,f_classif_top300
1,0.4,0.6,0.31799999999999995,1.0,0.18372431194512828,1.0,0.5012231970899912,1.0,0.99,1.2381377350968072,instance,f_classif_top300
1,0.07692307692307687,0.0,0.31799999999999995,1.0,0.17844067879181347,0.15384615384615385,0.4878352869755437,0.9529411764705882,0.99,1.5910990739099655,instance,f_classif_top300
1,0.0,0.0,0.31799999999999995,0.6923076923076923,0.17804971918806134,0.0,0.4905714326251003,0.961764705882353,0.98,3.1076268932771347,instance,f_classif_top300
1,0.0,0.2,0.31799999999999995,0.6923076923076923,0.17804842522009645,0.0,0.4914632288439782,0.9970588235294118,0.99,3.235005388955386,instance,f_classif_top300
1,0.0,0.8,0.31799999999999995,1.0,0.2768093207628626,0.6666666666666666,0.512261896865944,1.0,0.9766666666666667,2.0012654051959733,instance,f_classif_top300
1,0.5714285714285714,0.4,0.31799999999999995,0.38461538461538464,0.17804799981129565,0.0,0.4978870193879926,0.9970588235294118,0.9833333333333333,2.289138946578752,instance,f_classif_top300
1,0.0,0.0,0.31799999999999995,1.0,0.1780766540768125,0.0,0.49215059256095306,0.9735294117647059,0.9833333333333333,4.212759663719487,instance,f_classif_top300
1,0.46153846153846156,0.4,0.31799999999999995,0.6923076923076923,0.45292605348348947,0.0,0.49582653513187247,0.9941176470588236,0.9666666666666667,-0.319537858309467,instance,f_classif_top300
1,0.0,0.0,0.31799999999999995,1.0,0.4502757514008666,0.0,0.48802113446758943,0.9764705882352941,0.9766666666666667,0.5899888050858363,instance,f_classif_top300
1,0.26315789473684215,0.4,0.31799999999999995,0.5384615384615384,0.3069638600165252,0.45454545454545453,0.5105010672968,1.0,0.9866666666666667,1.9253659860958705,instance,f_classif_top300
1,0.26315789473684215,0.0,0.31799999999999995,1.0,0.18310711126876278,0.25,0.4858058619883846,0.9823529411764705,0.99,2.0606167543939566,instance,f_classif_top300
1,0.26315789473684215,0.4,0.31799999999999995,0.6923076923076923,0.1806855367042387,0.0,0.4960742380155414,0.9941176470588236,0.9866666666666667,1.0731181473604883,instance,f_classif_top300
1,0.07692307692307687,0.0,0.31799999999999995,1.0,0.17805406166480908,0.0,0.4891685430230106,0.9735294117647059,0.98,2.693723503483457,instance,f_classif_top300
1,0.26315789473684215,0.4,0.31799999999999995,1.0,0.18090717388831212,1.0,0.501273785129805,1.0,0.9866666666666667,2.041409277832781,instance,f_classif_top300
1,0.2857142857142857,0.4,0.31799999999999995,0.38461538461538464,0.17815026592869476,0.0,0.490008184112525,0.9941176470588236,0.9866666666666667,1.8832584774608725,instance,f_classif_top300
1,0.26315789473684215,0.0,0.31799999999999995,0.6923076923076923,0.18134296545199502,0.0,0.48543650976947794,0.9588235294117647,0.9833333333333333,2.9549159395602334,instance,f_classif_top300
1,0.26315789473684215,0.0,0.31799999999999995,0.6923076923076923,0.21649808376423307,0.0,0.49446032128009276,0.9852941176470589,0.98,1.0182711452084168,instance,f_classif_top300
1,0.0,0.2,0.31799999999999995,0.38461538461538464,0.3160220262145471,0.0,0.4856478482283286,0.9882352941176471,0.9833333333333333,1.0588207312296585,instance,f_classif_top300
1,0.18181818181818177,0.0,0.31799999999999995,0.6923076923076923,0.17809640981239377,0.0,0.47450461947627076,0.9647058823529412,0.9933333333333333,2.702660480704623,instance,f_classif_top300
1,0.23333333333333328,0.4,0.31799999999999995,0.38461538461538464,0.1784977316674446,0.09375,0.49783844877045,0.9970588235294118,0.9966666666666667,1.7489661727608874,instance,f_classif_top300
1,0.052631578947368474,0.0,0.31799999999999995,1.0,0.17804877405747666,0.0,0.48677496583485935,0.9852941176470589,0.9866666666666667,2.9341931775129018,instance,f_classif_top300
0,0.8181818181818181,0.6,0.6819999999999999,0.46153846153846156,0.5195074662455897,1.0,0.5077778285729793,1.0,0.9833333333333333,1.6270309575219604,instance,f_classif_top300
1,0.40909090909090906,0.2,0.31799999999999995,1.0,0.2131733130920228,0.0,0.49174091526693664,0.9882352941176471,0.99,0.4337629543796423,instance,f_classif_top300
1,0.23333333333333328,0.2,0.31799999999999995,0.46153846153846156,0.1781037760514711,0.0,0.48287649409576805,0.9882352941176471,0.98,3.7477056538649083,instance,f_classif_top300
1,0.0,0.0,0.31799999999999995,0.6923076923076923,0.1784359458667772,0.125,0.4871541794249584,0.9823529411764705,0.9933333333333333,2.2668121342205714,instance,f_classif_top300
1,0.2222222222222222,0.0,0.31799999999999995,1.0,0.18333687274085603,0.0,0.47294222570309064,0.9764705882352941,0.9933333333333333,2.1630997032784616,instance,f_classif_top300
1,0.16666666666666663,0.2,0.31799999999999995,1.0,0.411588038220304,0.0,0.4897792414725257,0.9882352941176471,0.98,1.8739393724552147,instance,f_classif_top300
1,0.052631578947368474,0.6,0.31799999999999995,0.6923076923076923,0.21129068684172098,0.35714285714285715,0.5033788911638926,1.0,0.9933333333333333,1.2529585180583733,instance,f_classif_top300
1,0.33333333333333337,0.4,0.31799999999999995,0.38461538461538464,0.32982216174641205,1.0,0.5095911745894015,1.0,0.9866666666666667,0.368192468107399,instance,f_classif_top300
1,0.0,0.2,0.31799999999999995,1.0,0.17980892755468508,0.2,0.4976240156035098,0.9941176470588236,0.9933333333333333,0.5958335089835337,instance,f_classif_top300
1,0.26315789473684215,0.4,0.31799999999999995,1.0,0.3312842387437481,1.0,0.5034511009906624,1.0,0.9766666666666667,0.963037154856706,instance,f_classif_top300
1,0.5,0.2,0.31799999999999995,1.0,0.17805026162471016,0.3333333333333333,0.49707351087918616,0.9970588235294118,0.9766666666666667,2.908290565079282,instance,f_classif_top300
1,0.052631578947368474,0.4,0.31799999999999995,0.46153846153846156,0.46542491152230625,0.0,0.4974912629243178,0.9970588235294118,0.9833333333333333,0.4499535032237222,instance,f_classif_top300
0,0.9473684210526316,0.8,0.6819999999999999,0.5384615384615384,0.8003065103696366,1.0,0.5058015528428728,1.0,0.9733333333333334,-1.3209079429004469,instance,f_classif_top300
1,0.40909090909090906,0.0,0.31799999999999995,0.6923076923076923,0.24821821636545022,0.0,0.48329747614888485,0.9647058823529412,0.9966666666666667,1.7479096954892719,instance,f_classif_top300
1,0.0,0.0,0.31799999999999995,0.6923076923076923,0.17819182060881228,0.0,0.4905892915583342,0.9794117647058823,0.99,2.0786764663617223,instance,f_classif_top300
1,0.0,0.2,0.31799999999999995,1.0,0.18749776587601763,0.0,0.48902976420448985,0.9882352941176471,0.9766666666666667,2.4243375413374144,instance,f_classif_top300
1,0.0,0.4,0.31799999999999995,0.5384615384615384,0.30128129836975204,0.0,0.493768958753648,0.9911764705882353,0.99,0.5502484508046884,instance,f_classif_top300
1,0.18181818181818177,0.2,0.31799999999999995,1.0,0.33982772620951207,0.0,0.48087219225826383,0.9882352941176471,0.9866666666666667,1.320982924124166,instance,f_classif_top300
1,0.0,0.0,0.31799999999999995,0.5384615384615384,0.19467352409674066,0.0,0.49138411149184147,0.9852941176470589,0.9866666666666667,0.8394429275034385,instance,f_classif_top300
1,0.0,0.2,0.31799999999999995,1.0,0.2938134489354267,0.0,0.4919082706018991,0.9882352941176471,0.9933333333333333,1.9279970641524582,instance,f_classif_top300
1,0.25,0.2,0.31799999999999995,1.0,0.21958089005075954,0.0,0.49654435770455774,0.9911764705882353,0.9866666666666667,1.6545543773861564,instance,f_classif_top300
1,0.0,0.2,0.31799999999999995,0.6923076923076923,0.17826349236136713,0.0,0.48879741787340447,0.9911764705882353,0.99,1.869774254383657,instance,f_classif_top300
1,0.16666666666666663,0.2,0.31799999999999995,1.0,0.3134325325316034,0.0,0.49051749033853576,0.9941176470588236,0.9766666666666667,1.7180713973725588,instance,f_classif_top300
1,0.0,0.2,0.31799999999999995,0.5384615384615384,0.17865128463535074,0.0,0.49768684285584674,0.9970588235294118,0.9833333333333333,2.082646484015755,instance,f_classif_top300
1,0.0,0.2,0.31799999999999995,0.5384615384615384,0.5903774530159157,0.0,0.4954955672637781,0.9882352941176471,0.9866666666666667,-0.41402499925670055,instance,f_classif_top300
1,0.0,0.4,0.31799999999999995,1.0,0.17857757964896592,0.0,0.4977508613449909,0.9970588235294118,0.98,1.9896993721058782,instance,f_classif_top300
1,0.23333333333333328,0.2,0.31799999999999995,1.0,0.33498632866989997,0.0,0.4842939084966673,0.9911764705882353,0.9733333333333334,1.370703579165782,instance,f_classif_top300
1,0.0,0.0,0.31799999999999995,1.0,0.2431084776399436,0.0,0.4822617187253795,0.9735294117647059,0.9866666666666667,1.7679703341538215,instance,f_classif_top300
1,0.26315789473684215,0.0,0.31799999999999995,0.6923076923076923,0.2070373685599588,0.0,0.49603789185959135,0.9852941176470589,0.9866666666666667,1.927887562849902,instance,f_classif_top300
1,0.0,0.0,0.31799999999999995,1.0,0.17928637208826054,0.0,0.4976330685382452,0.9852941176470589,0.9833333333333333,2.7909263684424586,instance,f_classif_top300
1,0.33333333333333337,0.2,0.31799999999999995,0.5384615384615384,0.354667914295104,1.0,0.5014817563515943,1.0,0.98,2.3831769230968765,instance,f_classif_top300
1,0.0,0.2,0.31799999999999995,0.5384615384615384,0.29982280124411087,0.0,0.49901079761567957,0.9941176470588236,0.99,-0.07992285158710129,instance,f_classif_top300
1,0.0,0.2,0.31799999999999995,0.3076923076923077,0.1780511150483055,0.0,0.4828952185188329,0.9882352941176471,0.9833333333333333,2.296791005741899,instance,f_classif_top300
1,0.0,0.4,0.31799999999999995,0.6923076923076923,0.17810869566521248,0.0,0.4986865152753218,0.9941176470588236,0.9733333333333334,2.672350378466264,instance,f_classif_top300
1,0.0,0.2,0.31799999999999995,0.23076923076923078,0.17876678289049125,0.0,0.4820918033846484,0.9882352941176471,0.98,3.3945714424271243,instance,f_classif_top300
1,0.56,0.0,0.31799999999999995,0.5384615384615384,0.3754011985688294,0.0,0.49280927051523127,0.9823529411764705,0.9766666666666667,0.08947162436981919,instance,f_classif_top300
1,0.0,0.2,0.31799999999999995,1.0,0.20860793596419358,1.0,0.5045808365425821,1.0,0.9866666666666667,2.126578002137975,instance,f_classif_top300
1,0.0,0.2,0.31799999999999995,0.6153846153846154,0.1902628713841943,0.0,0.4897605938452626,0.9911764705882353,0.99,2.0257462136850495,instance,f_classif_top300
1,0.23333333333333328,0.2,0.31799999999999995,0.6923076923076923,0.17804845657776713,0.3333333333333333,0.5061109871486076,1.0,0.99,3.4083145253863254,instance,f_classif_top300
1,0.26315789473684215,0.2,0.31799999999999995,0.38461538461538464,0.17806636539733584,0.0,0.4920354551572108,0.9882352941176471,0.9933333333333333,3.2097065579614554,instance,f_classif_top300
1,0.4,0.4,0.31799999999999995,1.0,0.18262657949709382,0.0,0.49865733957647707,0.9970588235294118,0.9866666666666667,1.591124664643176,instance,f_classif_top300
1,0.26315789473684215,0.2,0.31799999999999995,0.6923076923076923,0.1781444755779889,0.0,0.4900888524437952,0.9941176470588236,0.9933333333333333,2.349780992306864,instance,f_classif_top300
1,0.2857142857142857,0.0,0.31799999999999995,0.5384615384615384,0.17833463001693578,0.0,0.4747351987148186,0.9794117647058823,0.98,1.796193195170176,instance,f_classif_top300
1,0.33333333333333337,0.0,0.31799999999999995,1.0,0.1795122904491045,0.0,0.48862174787435975,0.9705882352941176,0.9933333333333333,2.396347911980226,instance,f_classif_top300
1,0.0,0.2,0.31799999999999995,1.0,0.18517233929958887,0.0,0.49590715323085466,0.9941176470588236,0.98,0.6720804118856194,instance,f_classif_top300
1,0.25,0.0,0.31799999999999995,0.6923076923076923,0.17822301443079558,0.0,0.4861557715953513,0.9794117647058823,0.99,1.0050745398925454,instance,f_classif_top300
1,0.4,0.4,0.31799999999999995,0.6153846153846154,0.17824355368963063,0.0,0.4951500987316183,0.9970588235294118,0.9833333333333333,2.407412310341332,instance,f_classif_top300
1,0.25,0.4,0.31799999999999995,1.0,0.2015283059414048,0.25,0.5006028611765573,1.0,0.9966666666666667,2.3541318206783926,instance,f_classif_top300
1,0.4,0.0,0.31799999999999995,0.38461538461538464,0.36348174806906186,0.0,0.47407877572826174,0.9588235294117647,0.9766666666666667,1.717666697688173,instance,f_classif_top300
1,0.23076923076923073,0.2,0.31799999999999995,0.9230769230769231,0.18616619877194684,0.0,0.49437717752286514,0.9911764705882353,0.9766666666666667,0.9324542304264297,instance,f_classif_top300
1,0.40909090909090906,0.2,0.31799999999999995,0.5384615384615384,0.17810541303468536,0.0,0.49612645598621385,0.9941176470588236,0.99,2.071096516277085,instance,f_classif_top300
1,0.5,0.4,0.31799999999999995,1.0,0.17877846480839799,1.0,0.5021276749051109,1.0,0.9866666666666667,1.4059845049972572,instance,f_classif_top300
1,0.56,0.2,0.31799999999999995,0.46153846153846156,0.17993440181008558,0.0,0.49678516557713204,0.9941176470588236,0.99,1.6577670935671796,instance,f_classif_top300
1,0.40909090909090906,0.0,0.31799999999999995,1.0,0.306555300586944,0.0,0.48777037944642,0.9823529411764705,0.99,1.5341268195893787,instance,f_classif_top300
1,0.07692307692307687,0.0,0.31799999999999995,0.5384615384615384,0.17827475253514402,0.0,0.4932152182856856,0.9647058823529412,0.9833333333333333,2.2026303259078697,instance,f_classif_top300
1,0.5833333333333333,0.4,0.31799999999999995,0.6923076923076923,0.49798149155705457,0.375,0.5045482446694107,1.0,0.9966666666666667,1.0224522868711803,instance,f_classif_top300
1,0.07692307692307687,0.0,0.31799999999999995,1.0,0.18685660076159988,0.0,0.4824961241063228,0.9823529411764705,0.99,0.43956950079538637,instance,f_classif_top300
1,0.0,0.0,0.31799999999999995,0.23076923076923078,0.1976380016443935,0.0,0.49236036323664223,0.9735294117647059,0.9833333333333333,1.9942448195252245,instance,f_classif_top300
1,0.0,0.2,0.31799999999999995,1.0,0.17812032461763072,0.0,0.4891998921657814,0.9911764705882353,0.9833333333333333,2.5395880548779957,instance,f_classif_top300
1,0.23333333333333328,0.0,0.31799999999999995,1.0,0.18074532189778897,0.0,0.48663564440448004,0.9794117647058823,0.9933333333333333,2.236159256675208,instance,f_classif_top300
1,0.25,0.4,0.31799999999999995,0.5384615384615384,0.2404590937470611,0.5,0.5035737153000366,1.0,0.9833333333333333,1.7754482406874166,instance,f_classif_top300
1,0.26315789473684215,0.2,0.31799999999999995,1.0,0.17804805973333748,0.0,0.49493380657680197,0.9970588235294118,0.97,1.8242923449665895,instance,f_classif_top300
0,0.7142857142857143,0.8,0.6819999999999999,0.46153846153846156,0.7894278821282097,1.0,0.5123020996110162,1.0,0.99,-1.1670232533612663,instance,f_classif_top300
1,0.33333333333333337,0.0,0.31799999999999995,0.5384615384615384,0.3636236472600175,0.0,0.4894536408394168,0.9852941176470589,0.9866666666666667,2.0978248905272348,instance,f_classif_top300
1,0.23076923076923073,0.0,0.31799999999999995,1.0,0.1782447302561021,0.0,0.4861797736716963,0.9794117647058823,0.9866666666666667,3.8016947219803834,instance,f_classif_top300
1,0.0,0.6,0.31799999999999995,0.5384615384615384,0.17834535615351943,0.0,0.49290509397764826,0.9970588235294118,0.9866666666666667,0.8208435161951317,instance,f_classif_top300
1,0.0,0.2,0.31799999999999995,1.0,0.17804799977117186,0.0,0.4793499645716425,0.9882352941176471,0.96,4.030205734873032,instance,f_classif_top300
1,0.41666666666666663,0.2,0.31799999999999995,0.5384615384615384,0.45995981720540413,0.0,0.49555839648358924,0.9911764705882353,0.9966666666666667,0.10220402283511383,instance,f_classif_top300
1,0.23076923076923073,0.0,0.31799999999999995,0.6923076923076923,0.19714213809482628,0.0,0.48742702413839034,0.9823529411764705,0.9966666666666667,2.613935247453017,instance,f_classif_top300
1,0.0,0.0,0.31799999999999995,0.6923076923076923,0.17902276269187611,0.0,0.48370372007232143,0.95,0.99,1.9163046055170667,instance,f_classif_top300
1,0.07692307692307687,0.2,0.31799999999999995,0.6923076923076923,0.17941337131547258,0.0,0.4935363142209571,0.9911764705882353,0.9933333333333333,1.5413795920096778,instance,f_classif_top300
1,0.33333333333333337,0.2,0.31799999999999995,0.6923076923076923,0.17818324786911982,0.0,0.49954698830314703,0.9970588235294118,0.98,1.5492253935902156,instance,f_classif_top300
1,0.33333333333333337,0.0,0.31799999999999995,0.6923076923076923,0.17875889085092245,0.0,0.49555949121120757,0.9852941176470589,0.9733333333333334,1.4911394519582934,instance,f_classif_top300
1,0.8,0.2,0.31799999999999995,0.23076923076923078,0.20057788490883632,0.0,0.49088756958919744,0.9882352941176471,0.97,1.9736236973034016,instance,f_classif_top300
1,0.0,0.0,0.31799999999999995,0.5384615384615384,0.1781945179718304,0.0,0.4849358242403329,0.9647058823529412,0.97,3.1051988223846934,instance,f_classif_top300
1,0.07692307692307687,0.4,0.31799999999999995,0.6923076923076923,0.17810907938458076,0.0,0.49425724217325806,0.9911764705882353,0.9933333333333333,2.777597090967347,instance,f_classif_top300
0,0.5909090909090908,0.8,0.6819999999999999,0.46153846153846156,0.3976236901246045,1.0,0.5073089135541341,1.0,0.9866666666666667,1.40813437432953,instance,f_classif_top300
1,0.07692307692307687,0.0,0.31799999999999995,0.6923076923076923,0.20151276920128913,0.0,0.4735017824538267,0.9529411764705882,0.9933333333333333,2.9963029863106683,instance,f_classif_top300
1,0.0,0.2,0.31799999999999995,0.6923076923076923,0.18278591588188847,0.0,0.48233394359958115,0.9882352941176471,0.9633333333333334,2.025700376117165,instance,f_classif_top300
1,0.46153846153846156,0.4,0.31799999999999995,0.5384615384615384,0.2646084850223852,1.0,0.5080260654740243,1.0,0.9766666666666667,0.6642147891813068,instance,f_classif_top300
1,0.23076923076923073,0.0,0.31799999999999995,1.0,0.18339479381598306,0.0,0.4970756183390179,0.9823529411764705,0.99,1.1461026281409104,instance,f_classif_top300
1,0.0,0.4,0.31799999999999995,1.0,0.23378423171416934,0.0,0.4984276237740479,0.9911764705882353,0.98,1.896599102240911,instance,f_classif_top300
1,0.23076923076923073,0.2,0.31799999999999995,1.0,0.1783143713703466,0.0,0.4970850933160469,0.9911764705882353,0.9933333333333333,1.3638970933479788,instance,f_classif_top300
1,0.0,0.2,0.31799999999999995,0.5384615384615384,0.178052581663104,0.0,0.4986866423419788,0.9970588235294118,0.9733333333333334,3.718318389015534,instance,f_classif_top300
1,0.052631578947368474,0.0,0.31799999999999995,1.0,0.1781435570373277,0.0,0.4779974413004334,0.9852941176470589,0.9933333333333333,2.268753229826428,instance,f_classif_top300
1,0.052631578947368474,0.4,0.31799999999999995,0.5384615384615384,0.2256181168746051,0.0,0.4955460536637355,0.9970588235294118,0.9766666666666667,1.0767383954668737,instance,f_classif_top300
1,0.26315789473684215,0.4,0.31799999999999995,1.0,0.5818687306595095,1.0,0.5095324259599131,1.0,0.9866666666666667,-0.405322098545943,instance,f_classif_top300
1,0.23333333333333328,0.0,0.31799999999999995,0.5384615384615384,0.19149376208257596,0.0,0.4850445550135837,0.9794117647058823,0.9833333333333333,1.467398032932402,instance,f_classif_top300
1,0.56,0.4,0.31799999999999995,0.6923076923076923,0.30790097831507524,0.0,0.490063952471934,0.9970588235294118,0.97,0.1710083084939381,instance,f_classif_top300
1,0.07692307692307687,0.0,0.31799999999999995,0.6923076923076923,0.17925960878748626,0.0,0.4882584080350927,0.9794117647058823,0.9866666666666667,1.5245619141173725,instance,f_classif_top300
1,0.2222222222222222,0.0,0.31799999999999995,0.6923076923076923,0.3437861769159848,0.0,0.4887955170864533,0.9823529411764705,0.9966666666666667,1.02481729635241,instance,f_classif_top300
1,0.26315789473684215,0.4,0.31799999999999995,1.0,0.18464844671307562,0.0,0.4853912022312128,0.9941176470588236,0.9933333333333333,1.481609863630341,instance,f_classif_top300
1,0.56,0.4,0.31799999999999995,0.38461538461538464,0.17938677392594987,1.0,0.5071666487749977,1.0,0.98,1.8753974177759924,instance,f_classif_top300
0,0.6,0.6,0.6819999999999999,0.5384615384615384,0.5235260063168898,0.0,0.49878745236437616,0.9936708860759493,1.0,0.9478114495763639,instance,f_classif_top300
1,0.0,0.2,0.31799999999999995,0.5384615384615384,0.33362282000174415,0.0,0.4987298173042152,0.9941176470588236,0.98,2.066025905556539,instance,f_classif_top300
1,0.46153846153846156,0.2,0.31799999999999995,0.6923076923076923,0.4288720192924418,1.0,0.5053837582137857,1.0,0.98,2.0605309258890134,instance,f_classif_top300
1,0.2222222222222222,0.2,0.31799999999999995,0.6923076923076923,0.1781737996697969,0.0,0.4991999852744833,0.9970588235294118,0.99,2.447376151458375,instance,f_classif_top300
1,0.0,0.2,0.31799999999999995,1.0,0.1780483125154731,0.0,0.4835346123508565,0.9911764705882353,0.98,4.272748545481971,instance,f_classif_top300
1,0.2222222222222222,0.0,0.31799999999999995,0.6923076923076923,0.3157851578833992,0.0,0.48802408040609246,0.9735294117647059,0.9966666666666667,0.7476867616889467,instance,f_classif_top300
1,0.33333333333333337,0.4,0.31799999999999995,0.6923076923076923,0.19982296493033275,1.0,0.502060985593637,1.0,0.9833333333333333,1.541872639234367,instance,f_classif_top300
1,0.0,0.4,0.31799999999999995,0.6153846153846154,0.32121953882614696,1.0,0.5062718196356119,1.0,0.9866666666666667,1.087043214726035,instance,f_classif_top300
1,0.0,0.2,0.31799999999999995,0.5384615384615384,0.29727323378405757,0.0,0.49852441801645053,0.9941176470588236,0.9933333333333333,0.4716831367363395,instance,f_classif_top300
1,0.5714285714285714,0.2,0.31799999999999995,0.6923076923076923,0.18291030311578815,0.1,0.4956063623709773,0.9911764705882353,0.99,2.483890427724336,instance,f_classif_top300
1,0.46153846153846156,0.0,0.31799999999999995,1.0,0.17916241826539275,0.0,0.48258649576846946,0.9852941176470589,0.99,2.3912307216628848,instance,f_classif_top300
1,0.19999999999999996,0.2,0.31799999999999995,0.6923076923076923,0.3952128332712651,0.0,0.48745267462046615,0.9911764705882353,0.98,1.5311327260128158,instance,f_classif_top300
1,0.0,0.2,0.31799999999999995,0.5384615384615384,0.17806808282032216,0.0,0.48786951254973965,0.9882352941176471,0.9966666666666667,3.611717747939435,instance,f_classif_top300
1,0.0,0.2,0.31799999999999995,0.5384615384615384,0.4674031864653744,0.0,0.4949340357723452,0.9941176470588236,0.9866666666666667,0.6404642804971876,instance,f_classif_top300
1,0.33333333333333337,0.4,0.31799999999999995,0.3076923076923077,0.17805022188655606,0.0,0.49618375181792795,0.9970588235294118,0.98,2.45634366483806,instance,f_classif_top300
1,0.0,0.2,0.31799999999999995,0.6923076923076923,0.1780872940380423,0.0,0.4965210186593386,0.9970588235294118,0.9966666666666667,2.241380384459412,instance,f_classif_top300
1,0.23333333333333328,0.4,0.31799999999999995,0.6923076923076923,0.29520978918906604,0.0,0.4903932522577966,0.9970588235294118,0.9966666666666667,1.215237250282091,instance,f_classif_top300
0,0.6,0.8,0.6819999999999999,0.3076923076923077,0.5209299778155808,1.0,0.511117308264931,1.0,0.9766666666666667,0.09714579670997053,instance,f_classif_top300
1,0.18181818181818177,0.0,0.31799999999999995,0.46153846153846156,0.18010980709958702,0.0,0.49447599312015866,0.9852941176470589,0.9966666666666667,1.5560347762924098,instance,f_classif_top300
0,0.5909090909090908,0.8,0.6819999999999999,0.6923076923076923,0.41561983861075624,1.0,0.51138234503023,1.0,0.9733333333333334,1.0473614881090658,instance,f_classif_top300
1,0.4,0.2,0.31799999999999995,1.0,0.1791268816303696,0.0,0.49074682580599693,0.9941176470588236,0.9933333333333333,1.9983055494671076,instance,f_classif_top300
1,0.0,0.2,0.31799999999999995,0.5384615384615384,0.18235200887011632,0.5,0.5021349210830781,1.0,0.9966666666666667,1.758575337234969,instance,f_classif_top300
1,0.26315789473684215,0.2,0.31799999999999995,0.6923076923076923,0.26948635931260545,0.0,0.49612526307136773,0.9911764705882353,0.9833333333333333,1.6296721399604734,instance,f_classif_top300
1,0.56,0.4,0.31799999999999995,1.0,0.17804803577642103,0.0,0.49322856273770876,0.9970588235294118,0.97,2.414507995994575,instance,f_classif_top300
1,0.40909090909090906,0.2,0.31799999999999995,0.46153846153846156,0.26859084543037337,0.0,0.4916539051408011,0.9882352941176471,0.99,2.0246548506591227,instance,f_classif_top300
1,0.41666666666666663,0.2,0.31799999999999995,0.5384615384615384,0.4225277186963069,0.0,0.4959226644569442,0.9970588235294118,0.9866666666666667,0.6415605029273131,instance,f_classif_top300
1,0.33333333333333337,0.2,0.31799999999999995,0.5384615384615384,0.20368885894226402,0.0,0.49808777548095096,0.9882352941176471,0.9833333333333333,1.321199781604596,instance,f_classif_top300
1,0.46153846153846156,0.2,0.31799999999999995,1.0,0.4052249582455304,0.25,0.4969803910164722,0.9970588235294118,0.9966666666666667,0.7285277948517285,instance,f_classif_top300
1,0.0,0.2,0.31799999999999995,0.6923076923076923,0.2899926525415383,1.0,0.5061291913714288,1.0,0.9933333333333333,2.332008856120984,instance,f_classif_top300
1,0.4,0.0,0.31799999999999995,0.6923076923076923,0.3381415467789838,0.0,0.48330964569575174,0.9823529411764705,0.9866666666666667,0.7313160299160681,instance,f_classif_top300
1,0.4,0.2,0.31799999999999995,1.0,0.1826051405249166,0.0,0.4994604486321491,0.9970588235294118,0.9766666666666667,1.9059114949118172,instance,f_classif_top300
1,0.07692307692307687,0.2,0.31799999999999995,0.46153846153846156,0.3329072301043179,0.0,0.48258270829675787,0.9911764705882353,1.0,0.8043877701086906,instance,f_classif_top300
1,0.0,0.2,0.31799999999999995,0.5384615384615384,0.2583414385157775,1.0,0.5079710185628881,1.0,0.9733333333333334,2.2319687450815993,instance,f_classif_top300
1,0.052631578947368474,0.2,0.31799999999999995,0.5384615384615384,0.18337576446504428,0.0,0.4960554002423563,0.9911764705882353,0.9733333333333334,1.7079569813998694,instance,f_classif_top300
1,0.41666666666666663,0.2,0.31799999999999995,0.9230769230769231,0.17837298316749362,0.0,0.4826402188246349,0.9882352941176471,0.9966666666666667,1.7679125999058425,instance,f_classif_top300
1,0.23333333333333328,0.4,0.31799999999999995,0.6923076923076923,0.1781365850487049,1.0,0.5042162303822928,1.0,0.99,3.06393362498007,instance,f_classif_top300
1,0.40909090909090906,0.6,0.31799999999999995,0.38461538461538464,0.47031563777280455,0.0,0.4933502978470682,0.9941176470588236,1.0,0.8734654207590125,instance,f_classif_top300
1,0.4,0.0,0.31799999999999995,0.5384615384615384,0.3140812406365977,0.0,0.4852955250302987,0.9794117647058823,0.9933333333333333,1.5802909103361482,instance,f_classif_top300
1,0.052631578947368474,0.0,0.31799999999999995,0.6923076923076923,0.2504273341962917,0.0,0.48688003181385764,0.9764705882352941,0.99,1.8752595620908765,instance,f_classif_top300
1,0.23333333333333328,0.0,0.31799999999999995,0.6923076923076923,0.1780481474081319,0.0,0.47243741927920724,0.9764705882352941,0.9666666666666667,6.286003389729143,instance,f_classif_top300
1,0.33333333333333337,0.2,0.31799999999999995,1.0,0.1780619101837531,0.0,0.49905986647484124,0.9970588235294118,0.9833333333333333,2.488798459649989,instance,f_classif_top300
1,0.052631578947368474,0.2,0.31799999999999995,0.5384615384615384,0.18144691534413132,0.0,0.48011047898358494,0.9911764705882353,0.9833333333333333,2.3232789857803104,instance,f_classif_top300
1,0.07692307692307687,0.2,0.31799999999999995,0.3076923076923077,0.17869507551872793,0.0,0.49777104677384254,0.9941176470588236,0.99,1.5225740103355658,instance,f_classif_top300
1,0.0,0.4,0.31799999999999995,0.6923076923076923,0.17902919893160274,0.0,0.4994989525886653,0.9970588235294118,0.9866666666666667,2.1956881248435884,instance,f_classif_top300
1,0.23333333333333328,0.4,0.31799999999999995,1.0,0.21022822409592096,0.0,0.4979956150450332,0.9970588235294118,0.9933333333333333,1.6729953464695915,instance,f_classif_top300
1,0.18181818181818177,0.4,0.31799999999999995,0.6153846153846154,0.1888623752137243,0.2,0.4976088028880449,0.9941176470588236,0.9966666666666667,0.925388137964432,instance,f_classif_top300
0,0.6666666666666667,0.8,0.6819999999999999,0.5384615384615384,0.4650458111925123,0.8,0.5035800913815662,1.0,0.9933333333333333,-0.3426887705537002,instance,f_classif_top300
1,0.18181818181818177,0.2,0.31799999999999995,0.6923076923076923,0.17844718937105586,0.0,0.49258390235044636,0.9882352941176471,0.99,1.1818238101863534,instance,f_classif_top300
1,0.46153846153846156,0.4,0.31799999999999995,0.5384615384615384,0.45666873784659356,0.0,0.49711043621961115,0.9911764705882353,0.9933333333333333,0.5772438491174862,instance,f_classif_top300
1,0.0,0.0,0.31799999999999995,0.6923076923076923,0.17807548184840727,0.0,0.48001670176912803,0.9852941176470589,0.9766666666666667,2.1325671970711664,instance,f_classif_top300
1,0.07692307692307687,0.0,0.31799999999999995,0.5384615384615384,0.20037894151175328,0.0,0.48874842851383604,0.9823529411764705,0.9833333333333333,1.9788218843141774,instance,f_classif_top300
1,0.0,0.0,0.31799999999999995,0.6923076923076923,0.1780815776966489,0.0,0.49358637417788764,0.9794117647058823,0.98,2.909530753826956,instance,f_classif_top300
1,0.07692307692307687,0.0,0.31799999999999995,0.6923076923076923,0.17813538783309368,0.0,0.4861823887860597,0.9647058823529412,0.9933333333333333,2.1656211538822174,instance,f_classif_top300
1,0.23333333333333328,0.2,0.31799999999999995,0.6923076923076923,0.178131745155106,0.0,0.49454768547880545,0.9882352941176471,0.99,2.017871382119007,instance,f_classif_top300
1,0.41666666666666663,0.0,0.31799999999999995,1.0,0.17945075387157167,0.0,0.492468534689792,0.9852941176470589,1.0,1.7279515899680757,instance,f_classif_top300
1,0.40909090909090906,0.2,0.31799999999999995,1.0,0.17893911532712636,0.2,0.49537700173127186,0.9970588235294118,0.9866666666666667,2.068853603651519,instance,f_classif_top300
1,0.0,0.0,0.31799999999999995,0.6923076923076923,0.1781860558566256,0.0,0.48800007640975496,0.9852941176470589,0.9766666666666667,2.5590011439246556,instance,f_classif_top300
1,0.4,0.2,0.31799999999999995,0.38461538461538464,0.18215094316697095,1.0,0.5155806051317595,1.0,0.9866666666666667,1.469294384248517,instance,f_classif_top300
1,0.6875,0.0,0.31799999999999995,1.0,0.18047602021544418,0.5,0.48427868451757716,0.9852941176470589,0.9866666666666667,2.5622626143708422,instance,f_classif_top300
1,0.0,0.2,0.31799999999999995,0.5384615384615384,0.17804804695755916,0.0,0.49543071645883074,0.9882352941176471,0.97,4.108172616380907,instance,f_classif_top300
1,0.5833333333333333,0.0,0.31799999999999995,1.0,0.17953828951937434,0.0,0.48538864680735916,0.9823529411764705,0.9866666666666667,2.4064990693767547,instance,f_classif_top300
1,0.5,0.2,0.31799999999999995,0.38461538461538464,0.17828840381713418,0.0,0.4900842786719324,0.9882352941176471,0.9766666666666667,1.8968588112266354,instance,f_classif_top300
1,0.07692307692307687,0.2,0.31799999999999995,0.6923076923076923,0.17804917839606177,1.0,0.5016150554990053,1.0,0.9766666666666667,2.282134843563074,instance,f_classif_top300
1,0.052631578947368474,0.2,0.31799999999999995,0.6923076923076923,0.24645993097504448,0.14285714285714285,0.48700345725917726,0.9882352941176471,1.0,1.8285959061864767,instance,f_classif_top300
1,0.19999999999999996,0.0,0.31799999999999995,1.0,0.17810452353090916,0.0,0.4920861665433842,0.95,0.9833333333333333,2.618433878403193,instance,f_classif_top300
1,0.0,0.2,0.31799999999999995,0.6923076923076923,0.3140758109416574,0.0,0.4905807481149971,0.9882352941176471,0.98,2.017325404797583,instance,f_classif_top300
1,0.23333333333333328,0.0,0.31799999999999995,0.6923076923076923,0.27119434379193785,0.0,0.4864401178309299,0.9705882352941176,0.9666666666666667,2.8357411307269333,instance,f_classif_top300
1,0.5714285714285714,0.2,0.31799999999999995,0.6923076923076923,0.17809837476462842,1.0,0.5022462275722843,1.0,0.9866666666666667,3.893890858505016,instance,f_classif_top300
1,0.4,0.2,0.31799999999999995,0.6923076923076923,0.17810281821061552,0.0,0.4987529077011762,0.9941176470588236,0.98,2.007488681404493,instance,f_classif_top300
1,0.16666666666666663,0.0,0.31799999999999995,1.0,0.1857547025384112,0.0,0.4806226782399634,0.9676470588235294,0.99,2.3423720331805926,instance,f_classif_top300
1,0.33333333333333337,0.2,0.31799999999999995,0.6923076923076923,0.3949921801242403,0.0,0.4930237106902503,0.9941176470588236,1.0,1.4205488631739698,instance,f_classif_top300
1,0.56,0.2,0.31799999999999995,1.0,0.18104829824848595,1.0,0.5088362246596193,1.0,0.99,1.692021940931843,instance,f_classif_top300
1,0.07692307692307687,0.2,0.31799999999999995,0.6153846153846154,0.17855073178264824,0.0,0.4932997099073466,0.9911764705882353,0.99,1.9482818649693396,instance,f_classif_top300
1,0.0,0.2,0.31799999999999995,0.38461538461538464,0.2973725888143153,0.0,0.490149633451724,0.9911764705882353,0.99,0.29119951201213035,instance,f_classif_top300
1,0.07692307692307687,0.0,0.31799999999999995,0.5384615384615384,0.17811293879423917,0.0,0.48902953224028844,0.9852941176470589,0.9566666666666667,1.5736763861191159,instance,f_classif_top300
1,0.40909090909090906,0.2,0.31799999999999995,0.6923076923076923,0.22038084576401185,0.0,0.4916484391261675,0.9941176470588236,0.9733333333333334,1.456877221021369,instance,f_classif_top300
1,0.5,0.6,0.31799999999999995,1.0,0.31604716837392965,0.5,0.4923461472878521,0.9970588235294118,0.9833333333333333,1.9581889792419056,instance,f_classif_top300
1,0.41666666666666663,0.0,0.31799999999999995,1.0,0.17816419943274464,0.0,0.49159650994155135,0.9852941176470589,0.99,3.163911698566713,instance,f_classif_top300
0,0.0,1.0,0.6819999999999999,0.38461538461538464,0.5325964491356013,1.0,0.5095450022981355,1.0,0.97,-1.1599177286414981,instance,f_classif_top300
1,0.19999999999999996,0.6,0.31799999999999995,0.6923076923076923,0.38004958486659135,0.3333333333333333,0.5005721775011265,1.0,0.99,1.0336755031355422,instance,f_classif_top300
1,0.2857142857142857,0.2,0.31799999999999995,0.6923076923076923,0.1780812423436643,0.0,0.49637925613768064,0.9970588235294118,0.98,2.7455835254871457,instance,f_classif_top300
1,0.5833333333333333,0.4,0.31799999999999995,1.0,0.18083464305760355,1.0,0.5061340110023087,1.0,0.9966666666666667,1.767906023075847,instance,f_classif_top300
1,0.25,0.0,0.31799999999999995,0.6923076923076923,0.17841091629119138,0.0,0.4862822874882784,0.9823529411764705,0.98,4.2730008112828175,instance,f_classif_top300
1,0.2222222222222222,0.0,0.31799999999999995,1.0,0.17834838158336191,0.0,0.4799511207284587,0.9794117647058823,0.9733333333333334,2.5335293681223394,instance,f_classif_top300
1,0.0,0.0,0.31799999999999995,1.0,0.17804800056131853,0.0,0.4878917997512887,0.9735294117647059,0.9966666666666667,2.467592179834748,instance,f_classif_top300
0,0.6666666666666667,1.0,0.6819999999999999,0.5384615384615384,0.4099139497148433,1.0,0.5097385393893941,1.0,0.98,-0.25218397201434745,instance,f_classif_top300
1,0.19999999999999996,0.4,0.31799999999999995,0.9230769230769231,0.19475627182751565,0.5,0.4980093952572884,0.9970588235294118,0.98,0.8668814739160442,instance,f_classif_top300
1,0.23076923076923073,0.4,0.31799999999999995,0.6923076923076923,0.1789128575199248,0.5,0.49068881120964447,0.9911764705882353,0.9933333333333333,1.5270767746882352,instance,f_classif_top300
1,0.07692307692307687,0.0,0.31799999999999995,1.0,0.17804822438185547,0.0,0.4832569074542379,0.9794117647058823,0.9733333333333334,3.4444928747048174,instance,f_classif_top300
1,0.0,0.4,0.31799999999999995,1.0,0.17804800131837017,0.0,0.4869584566391846,0.9911764705882353,0.9733333333333334,2.846490021324438,instance,f_classif_top300
1,0.40909090909090906,0.2,0.31799999999999995,1.0,0.17823250178581052,0.0,0.48368789391766864,0.9882352941176471,0.98,1.3694717716063556,instance,f_classif_top300
1,0.07692307692307687,0.2,0.31799999999999995,0.6923076923076923,0.31138318947825105,1.0,0.506134742727006,1.0,0.98,1.8808521479461406,instance,f_classif_top300
1,0.16666666666666663,0.0,0.31799999999999995,0.9230769230769231,0.26373948767406985,0.0,0.47758341002815796,0.9647058823529412,0.9733333333333334,2.770839755069594,instance,f_classif_top300
1,0.26315789473684215,0.4,0.31799999999999995,0.6923076923076923,0.2252130987786175,0.6666666666666666,0.5061680141676164,1.0,0.9866666666666667,0.879300741351082,instance,f_classif_top300
1,0.0,0.0,0.31799999999999995,0.38461538461538464,0.17805179372532798,0.0,0.4830081767546913,0.9823529411764705,0.9766666666666667,2.7020154901732423,instance,f_classif_top300
1,0.5833333333333333,0.4,0.31799999999999995,0.6923076923076923,0.19980759207416943,1.0,0.5087404534993138,1.0,0.9833333333333333,0.7485501182920821,instance,f_classif_top300
1,0.0,0.2,0.31799999999999995,1.0,0.18466511996105295,0.14285714285714285,0.5119935350216966,1.0,0.99,2.004937850522542,instance,f_classif_top300
1,0.07692307692307687,0.2,0.31799999999999995,1.0,0.1835640265013686,0.0,0.4925849369076085,0.9941176470588236,0.9866666666666667,1.5016374768807483,instance,f_classif_top300
1,0.33333333333333337,0.0,0.31799999999999995,0.6923076923076923,0.1780480493329975,0.0,0.4877610111854218,0.9764705882352941,0.9833333333333333,4.741842510472583,instance,f_classif_top300
1,0.23333333333333328,0.0,0.31799999999999995,0.6923076923076923,0.17829735163644111,0.0,0.49113235049024195,0.9852941176470589,0.9866666666666667,2.0716483731459565,instance,f_classif_top300
1,0.19999999999999996,0.0,0.31799999999999995,0.38461538461538464,0.17881299946847307,0.4,0.4922939767918325,0.9852941176470589,0.9733333333333334,1.6641804738999197,instance,f_classif_top300
1,0.0,0.4,0.31799999999999995,1.0,0.1780479997603776,0.0,0.4953343609243128,0.9970588235294118,0.9866666666666667,4.580295543693965,instance,f_classif_top300
1,0.18181818181818177,0.0,0.31799999999999995,1.0,0.3129136803752119,0.0,0.4899807096884863,0.9794117647058823,0.9766666666666667,2.273873312084287,instance,f_classif_top300
1,0.26315789473684215,0.6,0.31799999999999995,0.5384615384615384,0.33370881086335136,0.4444444444444444,0.4981126076513298,0.9970588235294118,0.9966666666666667,0.6391629216302109,instance,f_classif_top300
1,0.0,0.4,0.31799999999999995,0.46153846153846156,0.4083931789551202,0.0,0.4987336492413904,0.9970588235294118,0.9833333333333333,0.44920160376407303,instance,f_classif_top300
1,0.0,0.0,0.31799999999999995,1.0,0.17831907867299712,0.0,0.48445617084353765,0.9647058823529412,0.9833333333333333,3.3061461055456687,instance,f_classif_top300
1,0.052631578947368474,0.0,0.31799999999999995,1.0,0.17816197820099156,0.0,0.48333850675846923,0.9764705882352941,0.9866666666666667,2.3193684002955823,instance,f_classif_top300
1,0.56,0.2,0.31799999999999995,0.46153846153846156,0.17856276627519857,1.0,0.5040516000075953,1.0,0.9966666666666667,2.1301662473441163,instance,f_classif_top300
