y,Hostility,N1,kDN,subset_k,variables_incluidas,measure,level
0,0.286,0.3618,0.36376,1,f32,Hostility,0
1,0.2176,0.3618,0.36424,1,f32,Hostility,1
dataset,0.2518,0.3618,0.364,1,f32,Hostility,dataset
0,0.2196,0.3088666666666667,0.30552,2,"f32,f30",Hostility,0
1,0.204,0.31253333333333333,0.31536,2,"f32,f30",Hostility,1
dataset,0.2118,0.3107,0.31044,2,"f32,f30",Hostility,dataset
0,0.1208,0.23656666666666665,0.2424,3,"f32,f30,f35",Hostility,0
1,0.1844,0.23030666666666666,0.2336,3,"f32,f30,f35",Hostility,1
dataset,0.1526,0.23343666666666663,0.238,3,"f32,f30,f35",Hostility,dataset
0,0.14,0.2141457142857143,0.22464,4,"f32,f30,f35,f36",Hostility,0
1,0.1892,0.20601333333333333,0.21144000000000002,4,"f32,f30,f35,f36",Hostility,1
dataset,0.1646,0.2100795238095238,0.21804000000000007,4,"f32,f30,f35,f36",Hostility,dataset
0,0.1092,0.19383333333333333,0.20568000000000003,5,"f32,f30,f35,f36,f3",Hostility,0
1,0.1616,0.20324666666666666,0.208,5,"f32,f30,f35,f36,f3",Hostility,1
dataset,0.1354,0.19854,0.20683999999999997,5,"f32,f30,f35,f36,f3",Hostility,dataset
0,0.1,0.16995333333333332,0.16376000000000002,6,"f32,f30,f35,f36,f3,f2",Hostility,0
1,0.1644,0.1732,0.18856,6,"f32,f30,f35,f36,f3,f2",Hostility,1
dataset,0.1322,0.17157666666666666,0.17616,6,"f32,f30,f35,f36,f3,f2",Hostility,dataset
0,0.0972,0.13714095238095236,0.14232,7,"f32,f30,f35,f36,f3,f2,f9",Hostility,0
1,0.1268,0.14900666666666665,0.15712,7,"f32,f30,f35,f36,f3,f2,f9",Hostility,1
dataset,0.112,0.14307380952380952,0.14972,7,"f32,f30,f35,f36,f3,f2,f9",Hostility,dataset
0,0.1056,0.13274666666666668,0.14336000000000002,8,"f32,f30,f35,f36,f3,f2,f9,f6",Hostility,0
1,0.0932,0.14348380952380954,0.15184,8,"f32,f30,f35,f36,f3,f2,f9,f6",Hostility,1
dataset,0.0994,0.1381152380952381,0.1476,8,"f32,f30,f35,f36,f3,f2,f9,f6",Hostility,dataset
0,0.0664,0.10824857142857143,0.11296000000000002,9,"f32,f30,f35,f36,f3,f2,f9,f6,f8",Hostility,0
1,0.0808,0.11439428571428571,0.11848,9,"f32,f30,f35,f36,f3,f2,f9,f6,f8",Hostility,1
dataset,0.0736,0.11132142857142857,0.11572,9,"f32,f30,f35,f36,f3,f2,f9,f6,f8",Hostility,dataset
0,0.09,0.10372,0.11264,10,"f32,f30,f35,f36,f3,f2,f9,f6,f8,f12",Hostility,0
1,0.072,0.10217333333333334,0.11304000000000002,10,"f32,f30,f35,f36,f3,f2,f9,f6,f8,f12",Hostility,1
dataset,0.081,0.10294666666666667,0.11284000000000001,10,"f32,f30,f35,f36,f3,f2,f9,f6,f8,f12",Hostility,dataset
0,0.0812,0.10041714285714286,0.10856000000000002,11,"f32,f30,f35,f36,f3,f2,f9,f6,f8,f12,f0",Hostility,0
1,0.0744,0.10364761904761903,0.11,11,"f32,f30,f35,f36,f3,f2,f9,f6,f8,f12,f0",Hostility,1
dataset,0.0778,0.10203238095238096,0.10928,11,"f32,f30,f35,f36,f3,f2,f9,f6,f8,f12,f0",Hostility,dataset
0,0.0676,0.09742,0.10336000000000001,12,"f32,f30,f35,f36,f3,f2,f9,f6,f8,f12,f0,f7",Hostility,0
1,0.0908,0.1023,0.11376000000000001,12,"f32,f30,f35,f36,f3,f2,f9,f6,f8,f12,f0,f7",Hostility,1
dataset,0.0792,0.09986,0.10855999999999999,12,"f32,f30,f35,f36,f3,f2,f9,f6,f8,f12,f0,f7",Hostility,dataset
0,0.052,0.07394428571428571,0.074,13,"f32,f30,f35,f36,f3,f2,f9,f6,f8,f12,f0,f7,f10",Hostility,0
1,0.0616,0.08624761904761905,0.09392,13,"f32,f30,f35,f36,f3,f2,f9,f6,f8,f12,f0,f7,f10",Hostility,1
dataset,0.0568,0.08009595238095238,0.08396,13,"f32,f30,f35,f36,f3,f2,f9,f6,f8,f12,f0,f7,f10",Hostility,dataset
0,0.066,0.07815,0.08144,14,"f32,f30,f35,f36,f3,f2,f9,f6,f8,f12,f0,f7,f10,f17",Hostility,0
1,0.0516,0.08636380952380952,0.102,14,"f32,f30,f35,f36,f3,f2,f9,f6,f8,f12,f0,f7,f10,f17",Hostility,1
dataset,0.0588,0.08225690476190475,0.09172000000000001,14,"f32,f30,f35,f36,f3,f2,f9,f6,f8,f12,f0,f7,f10,f17",Hostility,dataset
0,0.0748,0.08394809523809524,0.0868,15,"f32,f30,f35,f36,f3,f2,f9,f6,f8,f12,f0,f7,f10,f17,f26",Hostility,0
1,0.076,0.09337809523809523,0.1044,15,"f32,f30,f35,f36,f3,f2,f9,f6,f8,f12,f0,f7,f10,f17,f26",Hostility,1
dataset,0.0754,0.08866309523809524,0.0956,15,"f32,f30,f35,f36,f3,f2,f9,f6,f8,f12,f0,f7,f10,f17,f26",Hostility,dataset
0,0.0476,0.07414333333333332,0.07616,16,"f32,f30,f35,f36,f3,f2,f9,f6,f8,f12,f0,f7,f10,f17,f26,f31",Hostility,0
1,0.076,0.08139523809523809,0.09232,16,"f32,f30,f35,f36,f3,f2,f9,f6,f8,f12,f0,f7,f10,f17,f26,f31",Hostility,1
dataset,0.0618,0.07776928571428571,0.08424,16,"f32,f30,f35,f36,f3,f2,f9,f6,f8,f12,f0,f7,f10,f17,f26,f31",Hostility,dataset
0,0.0568,0.07530523809523809,0.0796,17,"f32,f30,f35,f36,f3,f2,f9,f6,f8,f12,f0,f7,f10,f17,f26,f31,f22",Hostility,0
1,0.0848,0.08570380952380953,0.09816,17,"f32,f30,f35,f36,f3,f2,f9,f6,f8,f12,f0,f7,f10,f17,f26,f31,f22",Hostility,1
dataset,0.0708,0.08050452380952382,0.08888,17,"f32,f30,f35,f36,f3,f2,f9,f6,f8,f12,f0,f7,f10,f17,f26,f31,f22",Hostility,dataset
0,0.0664,0.07687047619047618,0.0808,18,"f32,f30,f35,f36,f3,f2,f9,f6,f8,f12,f0,f7,f10,f17,f26,f31,f22,f21",Hostility,0
1,0.0788,0.0897142857142857,0.10088000000000001,18,"f32,f30,f35,f36,f3,f2,f9,f6,f8,f12,f0,f7,f10,f17,f26,f31,f22,f21",Hostility,1
dataset,0.0726,0.08329238095238095,0.09084,18,"f32,f30,f35,f36,f3,f2,f9,f6,f8,f12,f0,f7,f10,f17,f26,f31,f22,f21",Hostility,dataset
0,0.0696,0.07754761904761905,0.0812,19,"f32,f30,f35,f36,f3,f2,f9,f6,f8,f12,f0,f7,f10,f17,f26,f31,f22,f21,f38",Hostility,0
1,0.0756,0.0892542857142857,0.10072,19,"f32,f30,f35,f36,f3,f2,f9,f6,f8,f12,f0,f7,f10,f17,f26,f31,f22,f21,f38",Hostility,1
dataset,0.0726,0.0834009523809524,0.09096,19,"f32,f30,f35,f36,f3,f2,f9,f6,f8,f12,f0,f7,f10,f17,f26,f31,f22,f21,f38",Hostility,dataset
0,0.0536,0.07537809523809524,0.07552,20,"f32,f30,f35,f36,f3,f2,f9,f6,f8,f12,f0,f7,f10,f17,f26,f31,f22,f21,f38,f34",Hostility,0
1,0.062,0.07714809523809524,0.09072000000000001,20,"f32,f30,f35,f36,f3,f2,f9,f6,f8,f12,f0,f7,f10,f17,f26,f31,f22,f21,f38,f34",Hostility,1
dataset,0.0578,0.07626309523809523,0.08312,20,"f32,f30,f35,f36,f3,f2,f9,f6,f8,f12,f0,f7,f10,f17,f26,f31,f22,f21,f38,f34",Hostility,dataset
0,0.0604,0.0763352380952381,0.07896,21,"f32,f30,f35,f36,f3,f2,f9,f6,f8,f12,f0,f7,f10,f17,f26,f31,f22,f21,f38,f34,f27",Hostility,0
1,0.0832,0.08310380952380952,0.09368000000000001,21,"f32,f30,f35,f36,f3,f2,f9,f6,f8,f12,f0,f7,f10,f17,f26,f31,f22,f21,f38,f34,f27",Hostility,1
dataset,0.0718,0.07971952380952381,0.08632000000000001,21,"f32,f30,f35,f36,f3,f2,f9,f6,f8,f12,f0,f7,f10,f17,f26,f31,f22,f21,f38,f34,f27",Hostility,dataset
0,0.066,0.07268800865800865,0.07728,22,"f32,f30,f35,f36,f3,f2,f9,f6,f8,f12,f0,f7,f10,f17,f26,f31,f22,f21,f38,f34,f27,f37",Hostility,0
1,0.0668,0.0771011111111111,0.08792,22,"f32,f30,f35,f36,f3,f2,f9,f6,f8,f12,f0,f7,f10,f17,f26,f31,f22,f21,f38,f34,f27,f37",Hostility,1
dataset,0.0664,0.07489455988455987,0.0826,22,"f32,f30,f35,f36,f3,f2,f9,f6,f8,f12,f0,f7,f10,f17,f26,f31,f22,f21,f38,f34,f27,f37",Hostility,dataset
0,0.0688,0.07866333333333334,0.07816000000000001,23,"f32,f30,f35,f36,f3,f2,f9,f6,f8,f12,f0,f7,f10,f17,f26,f31,f22,f21,f38,f34,f27,f37,f20",Hostility,0
1,0.0552,0.07999444444444445,0.09112,23,"f32,f30,f35,f36,f3,f2,f9,f6,f8,f12,f0,f7,f10,f17,f26,f31,f22,f21,f38,f34,f27,f37,f20",Hostility,1
dataset,0.062,0.07932888888888888,0.08464,23,"f32,f30,f35,f36,f3,f2,f9,f6,f8,f12,f0,f7,f10,f17,f26,f31,f22,f21,f38,f34,f27,f37,f20",Hostility,dataset
0,0.0524,0.07041095238095238,0.076,24,"f32,f30,f35,f36,f3,f2,f9,f6,f8,f12,f0,f7,f10,f17,f26,f31,f22,f21,f38,f34,f27,f37,f20,f33",Hostility,0
1,0.0556,0.06778051948051948,0.08192,24,"f32,f30,f35,f36,f3,f2,f9,f6,f8,f12,f0,f7,f10,f17,f26,f31,f22,f21,f38,f34,f27,f37,f20,f33",Hostility,1
dataset,0.054,0.06909573593073592,0.07896000000000002,24,"f32,f30,f35,f36,f3,f2,f9,f6,f8,f12,f0,f7,f10,f17,f26,f31,f22,f21,f38,f34,f27,f37,f20,f33",Hostility,dataset
0,0.0452,0.05501414141414141,0.06208000000000001,25,"f32,f30,f35,f36,f3,f2,f9,f6,f8,f12,f0,f7,f10,f17,f26,f31,f22,f21,f38,f34,f27,f37,f20,f33,f13",Hostility,0
1,0.0616,0.052798455988455985,0.06296,25,"f32,f30,f35,f36,f3,f2,f9,f6,f8,f12,f0,f7,f10,f17,f26,f31,f22,f21,f38,f34,f27,f37,f20,f33,f13",Hostility,1
dataset,0.0534,0.05390629870129869,0.06252,25,"f32,f30,f35,f36,f3,f2,f9,f6,f8,f12,f0,f7,f10,f17,f26,f31,f22,f21,f38,f34,f27,f37,f20,f33,f13",Hostility,dataset
0,0.0588,0.05655952380952381,0.06544,26,"f32,f30,f35,f36,f3,f2,f9,f6,f8,f12,f0,f7,f10,f17,f26,f31,f22,f21,f38,f34,f27,f37,f20,f33,f13,f29",Hostility,0
1,0.0464,0.053579999999999996,0.0664,26,"f32,f30,f35,f36,f3,f2,f9,f6,f8,f12,f0,f7,f10,f17,f26,f31,f22,f21,f38,f34,f27,f37,f20,f33,f13,f29",Hostility,1
dataset,0.0526,0.0550697619047619,0.06592,26,"f32,f30,f35,f36,f3,f2,f9,f6,f8,f12,f0,f7,f10,f17,f26,f31,f22,f21,f38,f34,f27,f37,f20,f33,f13,f29",Hostility,dataset
0,0.0596,0.050676349206349204,0.06624,27,"f32,f30,f35,f36,f3,f2,f9,f6,f8,f12,f0,f7,f10,f17,f26,f31,f22,f21,f38,f34,f27,f37,f20,f33,f13,f29,f1",Hostility,0
1,0.0424,0.044364126984126985,0.05808000000000001,27,"f32,f30,f35,f36,f3,f2,f9,f6,f8,f12,f0,f7,f10,f17,f26,f31,f22,f21,f38,f34,f27,f37,f20,f33,f13,f29,f1",Hostility,1
dataset,0.051,0.047520238095238095,0.06216,27,"f32,f30,f35,f36,f3,f2,f9,f6,f8,f12,f0,f7,f10,f17,f26,f31,f22,f21,f38,f34,f27,f37,f20,f33,f13,f29,f1",Hostility,dataset
0,0.054,0.05081907647907648,0.06712,28,"f32,f30,f35,f36,f3,f2,f9,f6,f8,f12,f0,f7,f10,f17,f26,f31,f22,f21,f38,f34,f27,f37,f20,f33,f13,f29,f1,f25",Hostility,0
1,0.0476,0.04983428571428571,0.059120000000000006,28,"f32,f30,f35,f36,f3,f2,f9,f6,f8,f12,f0,f7,f10,f17,f26,f31,f22,f21,f38,f34,f27,f37,f20,f33,f13,f29,f1,f25",Hostility,1
dataset,0.0508,0.0503266810966811,0.06312000000000001,28,"f32,f30,f35,f36,f3,f2,f9,f6,f8,f12,f0,f7,f10,f17,f26,f31,f22,f21,f38,f34,f27,f37,f20,f33,f13,f29,f1,f25",Hostility,dataset
0,0.0488,0.05182539682539682,0.0708,29,"f32,f30,f35,f36,f3,f2,f9,f6,f8,f12,f0,f7,f10,f17,f26,f31,f22,f21,f38,f34,f27,f37,f20,f33,f13,f29,f1,f25,f24",Hostility,0
1,0.0464,0.04929844932844933,0.06328,29,"f32,f30,f35,f36,f3,f2,f9,f6,f8,f12,f0,f7,f10,f17,f26,f31,f22,f21,f38,f34,f27,f37,f20,f33,f13,f29,f1,f25,f24",Hostility,1
dataset,0.0476,0.050561923076923074,0.06704,29,"f32,f30,f35,f36,f3,f2,f9,f6,f8,f12,f0,f7,f10,f17,f26,f31,f22,f21,f38,f34,f27,f37,f20,f33,f13,f29,f1,f25,f24",Hostility,dataset
0,0.056,0.058212096792096796,0.07456,30,"f32,f30,f35,f36,f3,f2,f9,f6,f8,f12,f0,f7,f10,f17,f26,f31,f22,f21,f38,f34,f27,f37,f20,f33,f13,f29,f1,f25,f24,f28",Hostility,0
1,0.0584,0.06063308802308802,0.06536,30,"f32,f30,f35,f36,f3,f2,f9,f6,f8,f12,f0,f7,f10,f17,f26,f31,f22,f21,f38,f34,f27,f37,f20,f33,f13,f29,f1,f25,f24,f28",Hostility,1
dataset,0.0572,0.0594225924075924,0.06996000000000001,30,"f32,f30,f35,f36,f3,f2,f9,f6,f8,f12,f0,f7,f10,f17,f26,f31,f22,f21,f38,f34,f27,f37,f20,f33,f13,f29,f1,f25,f24,f28",Hostility,dataset
0,0.0624,0.06634413586413586,0.08056,31,"f32,f30,f35,f36,f3,f2,f9,f6,f8,f12,f0,f7,f10,f17,f26,f31,f22,f21,f38,f34,f27,f37,f20,f33,f13,f29,f1,f25,f24,f28,f15",Hostility,0
1,0.058,0.05961959099723806,0.06728,31,"f32,f30,f35,f36,f3,f2,f9,f6,f8,f12,f0,f7,f10,f17,f26,f31,f22,f21,f38,f34,f27,f37,f20,f33,f13,f29,f1,f25,f24,f28,f15",Hostility,1
dataset,0.0602,0.06298186343068696,0.07392,31,"f32,f30,f35,f36,f3,f2,f9,f6,f8,f12,f0,f7,f10,f17,f26,f31,f22,f21,f38,f34,f27,f37,f20,f33,f13,f29,f1,f25,f24,f28,f15",Hostility,dataset
0,0.0656,0.061557741702741704,0.0804,32,"f32,f30,f35,f36,f3,f2,f9,f6,f8,f12,f0,f7,f10,f17,f26,f31,f22,f21,f38,f34,f27,f37,f20,f33,f13,f29,f1,f25,f24,f28,f15,f14",Hostility,0
1,0.064,0.058195414585414586,0.06432,32,"f32,f30,f35,f36,f3,f2,f9,f6,f8,f12,f0,f7,f10,f17,f26,f31,f22,f21,f38,f34,f27,f37,f20,f33,f13,f29,f1,f25,f24,f28,f15,f14",Hostility,1
dataset,0.0648,0.059876578144078145,0.07236000000000001,32,"f32,f30,f35,f36,f3,f2,f9,f6,f8,f12,f0,f7,f10,f17,f26,f31,f22,f21,f38,f34,f27,f37,f20,f33,f13,f29,f1,f25,f24,f28,f15,f14",Hostility,dataset
0,0.0608,0.05961896103896104,0.07736,33,"f32,f30,f35,f36,f3,f2,f9,f6,f8,f12,f0,f7,f10,f17,f26,f31,f22,f21,f38,f34,f27,f37,f20,f33,f13,f29,f1,f25,f24,f28,f15,f14,f4",Hostility,0
1,0.0536,0.05219531746031746,0.06224,33,"f32,f30,f35,f36,f3,f2,f9,f6,f8,f12,f0,f7,f10,f17,f26,f31,f22,f21,f38,f34,f27,f37,f20,f33,f13,f29,f1,f25,f24,f28,f15,f14,f4",Hostility,1
dataset,0.0572,0.05590713924963925,0.0698,33,"f32,f30,f35,f36,f3,f2,f9,f6,f8,f12,f0,f7,f10,f17,f26,f31,f22,f21,f38,f34,f27,f37,f20,f33,f13,f29,f1,f25,f24,f28,f15,f14,f4",Hostility,dataset
0,0.0512,0.057451443001442996,0.0788,34,"f32,f30,f35,f36,f3,f2,f9,f6,f8,f12,f0,f7,f10,f17,f26,f31,f22,f21,f38,f34,f27,f37,f20,f33,f13,f29,f1,f25,f24,f28,f15,f14,f4,f23",Hostility,0
1,0.06,0.05662999999999999,0.06288,34,"f32,f30,f35,f36,f3,f2,f9,f6,f8,f12,f0,f7,f10,f17,f26,f31,f22,f21,f38,f34,f27,f37,f20,f33,f13,f29,f1,f25,f24,f28,f15,f14,f4,f23",Hostility,1
dataset,0.0556,0.057040721500721495,0.07084,34,"f32,f30,f35,f36,f3,f2,f9,f6,f8,f12,f0,f7,f10,f17,f26,f31,f22,f21,f38,f34,f27,f37,f20,f33,f13,f29,f1,f25,f24,f28,f15,f14,f4,f23",Hostility,dataset
0,0.0484,0.06321260053955706,0.08192,35,"f32,f30,f35,f36,f3,f2,f9,f6,f8,f12,f0,f7,f10,f17,f26,f31,f22,f21,f38,f34,f27,f37,f20,f33,f13,f29,f1,f25,f24,f28,f15,f14,f4,f23,f18",Hostility,0
1,0.0732,0.06027476190476191,0.064,35,"f32,f30,f35,f36,f3,f2,f9,f6,f8,f12,f0,f7,f10,f17,f26,f31,f22,f21,f38,f34,f27,f37,f20,f33,f13,f29,f1,f25,f24,f28,f15,f14,f4,f23,f18",Hostility,1
dataset,0.0608,0.06174368122215949,0.07296,35,"f32,f30,f35,f36,f3,f2,f9,f6,f8,f12,f0,f7,f10,f17,f26,f31,f22,f21,f38,f34,f27,f37,f20,f33,f13,f29,f1,f25,f24,f28,f15,f14,f4,f23,f18",Hostility,dataset
0,0.072,0.06961772005772006,0.08664,36,"f32,f30,f35,f36,f3,f2,f9,f6,f8,f12,f0,f7,f10,f17,f26,f31,f22,f21,f38,f34,f27,f37,f20,f33,f13,f29,f1,f25,f24,f28,f15,f14,f4,f23,f18,f19",Hostility,0
1,0.0656,0.06400550338550338,0.06432,36,"f32,f30,f35,f36,f3,f2,f9,f6,f8,f12,f0,f7,f10,f17,f26,f31,f22,f21,f38,f34,f27,f37,f20,f33,f13,f29,f1,f25,f24,f28,f15,f14,f4,f23,f18,f19",Hostility,1
dataset,0.0688,0.06681161172161171,0.07547999999999999,36,"f32,f30,f35,f36,f3,f2,f9,f6,f8,f12,f0,f7,f10,f17,f26,f31,f22,f21,f38,f34,f27,f37,f20,f33,f13,f29,f1,f25,f24,f28,f15,f14,f4,f23,f18,f19",Hostility,dataset
0,0.0712,0.06895392385392386,0.0892,37,"f32,f30,f35,f36,f3,f2,f9,f6,f8,f12,f0,f7,f10,f17,f26,f31,f22,f21,f38,f34,f27,f37,f20,f33,f13,f29,f1,f25,f24,f28,f15,f14,f4,f23,f18,f19,f16",Hostility,0
1,0.0584,0.06384158100069864,0.06944,37,"f32,f30,f35,f36,f3,f2,f9,f6,f8,f12,f0,f7,f10,f17,f26,f31,f22,f21,f38,f34,f27,f37,f20,f33,f13,f29,f1,f25,f24,f28,f15,f14,f4,f23,f18,f19,f16",Hostility,1
dataset,0.0648,0.06639775242731125,0.07932,37,"f32,f30,f35,f36,f3,f2,f9,f6,f8,f12,f0,f7,f10,f17,f26,f31,f22,f21,f38,f34,f27,f37,f20,f33,f13,f29,f1,f25,f24,f28,f15,f14,f4,f23,f18,f19,f16",Hostility,dataset
0,0.054,0.06378175047175047,0.08144,38,"f32,f30,f35,f36,f3,f2,f9,f6,f8,f12,f0,f7,f10,f17,f26,f31,f22,f21,f38,f34,f27,f37,f20,f33,f13,f29,f1,f25,f24,f28,f15,f14,f4,f23,f18,f19,f16,f5",Hostility,0
1,0.0592,0.059235236985236986,0.06792000000000001,38,"f32,f30,f35,f36,f3,f2,f9,f6,f8,f12,f0,f7,f10,f17,f26,f31,f22,f21,f38,f34,f27,f37,f20,f33,f13,f29,f1,f25,f24,f28,f15,f14,f4,f23,f18,f19,f16,f5",Hostility,1
dataset,0.0566,0.061508493728493714,0.07468,38,"f32,f30,f35,f36,f3,f2,f9,f6,f8,f12,f0,f7,f10,f17,f26,f31,f22,f21,f38,f34,f27,f37,f20,f33,f13,f29,f1,f25,f24,f28,f15,f14,f4,f23,f18,f19,f16,f5",Hostility,dataset
0,0.054,0.06379452380952381,0.08023999999999999,39,"f32,f30,f35,f36,f3,f2,f9,f6,f8,f12,f0,f7,f10,f17,f26,f31,f22,f21,f38,f34,f27,f37,f20,f33,f13,f29,f1,f25,f24,f28,f15,f14,f4,f23,f18,f19,f16,f5,f11",Hostility,0
1,0.0456,0.05602698108086855,0.06008000000000001,39,"f32,f30,f35,f36,f3,f2,f9,f6,f8,f12,f0,f7,f10,f17,f26,f31,f22,f21,f38,f34,f27,f37,f20,f33,f13,f29,f1,f25,f24,f28,f15,f14,f4,f23,f18,f19,f16,f5,f11",Hostility,1
dataset,0.0498,0.05991075244519618,0.07016,39,"f32,f30,f35,f36,f3,f2,f9,f6,f8,f12,f0,f7,f10,f17,f26,f31,f22,f21,f38,f34,f27,f37,f20,f33,f13,f29,f1,f25,f24,f28,f15,f14,f4,f23,f18,f19,f16,f5,f11",Hostility,dataset
0,0.286,0.3618,0.36376,1,f32,N1,0
1,0.2176,0.3618,0.36424,1,f32,N1,1
dataset,0.2518,0.3618,0.364,1,f32,N1,dataset
0,0.2196,0.3088666666666667,0.30552,2,"f32,f30",N1,0
1,0.204,0.31253333333333333,0.31536,2,"f32,f30",N1,1
dataset,0.2118,0.3107,0.31044,2,"f32,f30",N1,dataset
0,0.2164,0.30374666666666666,0.3032,3,"f32,f30,f3",N1,0
1,0.2172,0.30379333333333336,0.3068,3,"f32,f30,f3",N1,1
dataset,0.2168,0.30377,0.305,3,"f32,f30,f3",N1,dataset
0,0.1268,0.23898666666666668,0.23824,4,"f32,f30,f3,f0",N1,0
1,0.2056,0.24338,0.25224,4,"f32,f30,f3,f0",N1,1
dataset,0.1662,0.2411833333333333,0.24523999999999996,4,"f32,f30,f3,f0",N1,dataset
0,0.118,0.18918666666666667,0.19792,5,"f32,f30,f3,f0,f6",N1,0
1,0.192,0.19876666666666667,0.20048,5,"f32,f30,f3,f0,f6",N1,1
dataset,0.155,0.19397666666666663,0.1992,5,"f32,f30,f3,f0,f6",N1,dataset
0,0.0976,0.16024000000000002,0.15072,6,"f32,f30,f3,f0,f6,f2",N1,0
1,0.144,0.17198,0.17776,6,"f32,f30,f3,f0,f6,f2",N1,1
dataset,0.1208,0.16610999999999998,0.16424,6,"f32,f30,f3,f0,f6,f2",N1,dataset
0,0.084,0.13233333333333333,0.13232,7,"f32,f30,f3,f0,f6,f2,f9",N1,0
1,0.116,0.13524666666666668,0.146,7,"f32,f30,f3,f0,f6,f2,f9",N1,1
dataset,0.1,0.13379,0.13915999999999998,7,"f32,f30,f3,f0,f6,f2,f9",N1,dataset
0,0.0776,0.13023047619047617,0.13344,8,"f32,f30,f3,f0,f6,f2,f9,f36",N1,0
1,0.1348,0.14397333333333334,0.15112,8,"f32,f30,f3,f0,f6,f2,f9,f36",N1,1
dataset,0.1062,0.13710190476190479,0.14228000000000002,8,"f32,f30,f3,f0,f6,f2,f9,f36",N1,dataset
0,0.0732,0.09971333333333333,0.1072,9,"f32,f30,f3,f0,f6,f2,f9,f36,f8",N1,0
1,0.0936,0.11285999999999999,0.11584000000000001,9,"f32,f30,f3,f0,f6,f2,f9,f36,f8",N1,1
dataset,0.0834,0.10628666666666665,0.11152000000000001,9,"f32,f30,f3,f0,f6,f2,f9,f36,f8",N1,dataset
0,0.0968,0.10478,0.10768,10,"f32,f30,f3,f0,f6,f2,f9,f36,f8,f35",N1,0
1,0.088,0.11104095238095238,0.11807999999999999,10,"f32,f30,f3,f0,f6,f2,f9,f36,f8,f35",N1,1
dataset,0.0924,0.1079104761904762,0.11288,10,"f32,f30,f3,f0,f6,f2,f9,f36,f8,f35",N1,dataset
0,0.0812,0.10041714285714286,0.10856000000000002,11,"f32,f30,f3,f0,f6,f2,f9,f36,f8,f35,f12",N1,0
1,0.0744,0.10364761904761903,0.11,11,"f32,f30,f3,f0,f6,f2,f9,f36,f8,f35,f12",N1,1
dataset,0.0778,0.10203238095238096,0.10928,11,"f32,f30,f3,f0,f6,f2,f9,f36,f8,f35,f12",N1,dataset
0,0.0704,0.07599809523809523,0.07472000000000001,12,"f32,f30,f3,f0,f6,f2,f9,f36,f8,f35,f12,f10",N1,0
1,0.0488,0.0867247619047619,0.09096,12,"f32,f30,f3,f0,f6,f2,f9,f36,f8,f35,f12,f10",N1,1
dataset,0.0596,0.08136142857142857,0.08284,12,"f32,f30,f3,f0,f6,f2,f9,f36,f8,f35,f12,f10",N1,dataset
0,0.0512,0.06734095238095238,0.06984,13,"f32,f30,f3,f0,f6,f2,f9,f36,f8,f35,f12,f10,f31",N1,0
1,0.0624,0.07186063492063492,0.08424,13,"f32,f30,f3,f0,f6,f2,f9,f36,f8,f35,f12,f10,f31",N1,1
dataset,0.0568,0.06960079365079364,0.07704,13,"f32,f30,f3,f0,f6,f2,f9,f36,f8,f35,f12,f10,f31",N1,dataset
0,0.0552,0.05871761904761905,0.06576,14,"f32,f30,f3,f0,f6,f2,f9,f36,f8,f35,f12,f10,f31,f11",N1,0
1,0.0456,0.06176428571428571,0.0732,14,"f32,f30,f3,f0,f6,f2,f9,f36,f8,f35,f12,f10,f31,f11",N1,1
dataset,0.0504,0.060240952380952374,0.06948,14,"f32,f30,f3,f0,f6,f2,f9,f36,f8,f35,f12,f10,f31,f11",N1,dataset
0,0.0512,0.058271428571428564,0.06056,15,"f32,f30,f3,f0,f6,f2,f9,f36,f8,f35,f12,f10,f31,f11,f7",N1,0
1,0.0416,0.06641031746031746,0.07256,15,"f32,f30,f3,f0,f6,f2,f9,f36,f8,f35,f12,f10,f31,f11,f7",N1,1
dataset,0.0464,0.06234087301587301,0.06656000000000001,15,"f32,f30,f3,f0,f6,f2,f9,f36,f8,f35,f12,f10,f31,f11,f7",N1,dataset
0,0.0448,0.05816190476190476,0.060239999999999995,16,"f32,f30,f3,f0,f6,f2,f9,f36,f8,f35,f12,f10,f31,f11,f7,f38",N1,0
1,0.0364,0.06684555555555555,0.07272,16,"f32,f30,f3,f0,f6,f2,f9,f36,f8,f35,f12,f10,f31,f11,f7,f38",N1,1
dataset,0.0406,0.06250373015873015,0.06648000000000001,16,"f32,f30,f3,f0,f6,f2,f9,f36,f8,f35,f12,f10,f31,f11,f7,f38",N1,dataset
0,0.044,0.06294142857142856,0.06544,17,"f32,f30,f3,f0,f6,f2,f9,f36,f8,f35,f12,f10,f31,f11,f7,f38,f18",N1,0
1,0.0496,0.06952142857142857,0.07448,17,"f32,f30,f3,f0,f6,f2,f9,f36,f8,f35,f12,f10,f31,f11,f7,f38,f18",N1,1
dataset,0.0468,0.06623142857142857,0.06996000000000001,17,"f32,f30,f3,f0,f6,f2,f9,f36,f8,f35,f12,f10,f31,f11,f7,f38,f18",N1,dataset
0,0.038,0.050108571428571426,0.06184,18,"f32,f30,f3,f0,f6,f2,f9,f36,f8,f35,f12,f10,f31,f11,f7,f38,f18,f4",N1,0
1,0.036,0.05100190476190476,0.05952,18,"f32,f30,f3,f0,f6,f2,f9,f36,f8,f35,f12,f10,f31,f11,f7,f38,f18,f4",N1,1
dataset,0.037,0.05055523809523809,0.060680000000000005,18,"f32,f30,f3,f0,f6,f2,f9,f36,f8,f35,f12,f10,f31,f11,f7,f38,f18,f4",N1,dataset
0,0.0364,0.049648571428571424,0.0592,19,"f32,f30,f3,f0,f6,f2,f9,f36,f8,f35,f12,f10,f31,f11,f7,f38,f18,f4,f33",N1,0
1,0.0408,0.04768380952380952,0.05328000000000001,19,"f32,f30,f3,f0,f6,f2,f9,f36,f8,f35,f12,f10,f31,f11,f7,f38,f18,f4,f33",N1,1
dataset,0.0386,0.04866619047619047,0.05624000000000001,19,"f32,f30,f3,f0,f6,f2,f9,f36,f8,f35,f12,f10,f31,f11,f7,f38,f18,f4,f33",N1,dataset
0,0.0328,0.04572333333333334,0.057920000000000006,20,"f32,f30,f3,f0,f6,f2,f9,f36,f8,f35,f12,f10,f31,f11,f7,f38,f18,f4,f33,f5",N1,0
1,0.0356,0.04376952380952381,0.053360000000000005,20,"f32,f30,f3,f0,f6,f2,f9,f36,f8,f35,f12,f10,f31,f11,f7,f38,f18,f4,f33,f5",N1,1
dataset,0.0342,0.04474642857142857,0.055639999999999995,20,"f32,f30,f3,f0,f6,f2,f9,f36,f8,f35,f12,f10,f31,f11,f7,f38,f18,f4,f33,f5",N1,dataset
0,0.0276,0.03820333333333333,0.052160000000000005,21,"f32,f30,f3,f0,f6,f2,f9,f36,f8,f35,f12,f10,f31,f11,f7,f38,f18,f4,f33,f5,f1",N1,0
1,0.0252,0.03988984126984127,0.044640000000000006,21,"f32,f30,f3,f0,f6,f2,f9,f36,f8,f35,f12,f10,f31,f11,f7,f38,f18,f4,f33,f5,f1",N1,1
dataset,0.0264,0.0390465873015873,0.0484,21,"f32,f30,f3,f0,f6,f2,f9,f36,f8,f35,f12,f10,f31,f11,f7,f38,f18,f4,f33,f5,f1",N1,dataset
0,0.0256,0.04138365079365079,0.057120000000000004,22,"f32,f30,f3,f0,f6,f2,f9,f36,f8,f35,f12,f10,f31,f11,f7,f38,f18,f4,f33,f5,f1,f24",N1,0
1,0.0344,0.04063857142857143,0.04936,22,"f32,f30,f3,f0,f6,f2,f9,f36,f8,f35,f12,f10,f31,f11,f7,f38,f18,f4,f33,f5,f1,f24",N1,1
dataset,0.03,0.04101111111111111,0.05324000000000001,22,"f32,f30,f3,f0,f6,f2,f9,f36,f8,f35,f12,f10,f31,f11,f7,f38,f18,f4,f33,f5,f1,f24",N1,dataset
0,0.0312,0.039727619047619046,0.0568,23,"f32,f30,f3,f0,f6,f2,f9,f36,f8,f35,f12,f10,f31,f11,f7,f38,f18,f4,f33,f5,f1,f24,f37",N1,0
1,0.036,0.040396190476190474,0.049120000000000004,23,"f32,f30,f3,f0,f6,f2,f9,f36,f8,f35,f12,f10,f31,f11,f7,f38,f18,f4,f33,f5,f1,f24,f37",N1,1
dataset,0.0336,0.04006190476190476,0.05296,23,"f32,f30,f3,f0,f6,f2,f9,f36,f8,f35,f12,f10,f31,f11,f7,f38,f18,f4,f33,f5,f1,f24,f37",N1,dataset
0,0.036,0.043574126984126986,0.06,24,"f32,f30,f3,f0,f6,f2,f9,f36,f8,f35,f12,f10,f31,f11,f7,f38,f18,f4,f33,f5,f1,f24,f37,f17",N1,0
1,0.038,0.04174571428571429,0.0508,24,"f32,f30,f3,f0,f6,f2,f9,f36,f8,f35,f12,f10,f31,f11,f7,f38,f18,f4,f33,f5,f1,f24,f37,f17",N1,1
dataset,0.037,0.04265992063492064,0.0554,24,"f32,f30,f3,f0,f6,f2,f9,f36,f8,f35,f12,f10,f31,f11,f7,f38,f18,f4,f33,f5,f1,f24,f37,f17",N1,dataset
0,0.0356,0.043024761904761906,0.05504,25,"f32,f30,f3,f0,f6,f2,f9,f36,f8,f35,f12,f10,f31,f11,f7,f38,f18,f4,f33,f5,f1,f24,f37,f17,f14",N1,0
1,0.0332,0.03929285714285714,0.04888,25,"f32,f30,f3,f0,f6,f2,f9,f36,f8,f35,f12,f10,f31,f11,f7,f38,f18,f4,f33,f5,f1,f24,f37,f17,f14",N1,1
dataset,0.0344,0.04115880952380952,0.05196,25,"f32,f30,f3,f0,f6,f2,f9,f36,f8,f35,f12,f10,f31,f11,f7,f38,f18,f4,f33,f5,f1,f24,f37,f17,f14",N1,dataset
0,0.0404,0.04356412698412698,0.055760000000000004,26,"f32,f30,f3,f0,f6,f2,f9,f36,f8,f35,f12,f10,f31,f11,f7,f38,f18,f4,f33,f5,f1,f24,f37,f17,f14,f27",N1,0
1,0.0312,0.04047428571428571,0.0512,26,"f32,f30,f3,f0,f6,f2,f9,f36,f8,f35,f12,f10,f31,f11,f7,f38,f18,f4,f33,f5,f1,f24,f37,f17,f14,f27",N1,1
dataset,0.0358,0.04201920634920634,0.05347999999999999,26,"f32,f30,f3,f0,f6,f2,f9,f36,f8,f35,f12,f10,f31,f11,f7,f38,f18,f4,f33,f5,f1,f24,f37,f17,f14,f27",N1,dataset
0,0.042,0.04451159174159174,0.058,27,"f32,f30,f3,f0,f6,f2,f9,f36,f8,f35,f12,f10,f31,f11,f7,f38,f18,f4,f33,f5,f1,f24,f37,f17,f14,f27,f20",N1,0
1,0.0416,0.039677142857142855,0.05416,27,"f32,f30,f3,f0,f6,f2,f9,f36,f8,f35,f12,f10,f31,f11,f7,f38,f18,f4,f33,f5,f1,f24,f37,f17,f14,f27,f20",N1,1
dataset,0.0418,0.042094367299367295,0.05608,27,"f32,f30,f3,f0,f6,f2,f9,f36,f8,f35,f12,f10,f31,f11,f7,f38,f18,f4,f33,f5,f1,f24,f37,f17,f14,f27,f20",N1,dataset
0,0.0308,0.03394410256410257,0.05016,28,"f32,f30,f3,f0,f6,f2,f9,f36,f8,f35,f12,f10,f31,f11,f7,f38,f18,f4,f33,f5,f1,f24,f37,f17,f14,f27,f20,f13",N1,0
1,0.0296,0.03152809523809524,0.040240000000000005,28,"f32,f30,f3,f0,f6,f2,f9,f36,f8,f35,f12,f10,f31,f11,f7,f38,f18,f4,f33,f5,f1,f24,f37,f17,f14,f27,f20,f13",N1,1
dataset,0.0302,0.0327360989010989,0.0452,28,"f32,f30,f3,f0,f6,f2,f9,f36,f8,f35,f12,f10,f31,f11,f7,f38,f18,f4,f33,f5,f1,f24,f37,f17,f14,f27,f20,f13",N1,dataset
0,0.0388,0.0394284126984127,0.053520000000000005,29,"f32,f30,f3,f0,f6,f2,f9,f36,f8,f35,f12,f10,f31,f11,f7,f38,f18,f4,f33,f5,f1,f24,f37,f17,f14,f27,f20,f13,f29",N1,0
1,0.0312,0.03289761904761905,0.044160000000000005,29,"f32,f30,f3,f0,f6,f2,f9,f36,f8,f35,f12,f10,f31,f11,f7,f38,f18,f4,f33,f5,f1,f24,f37,f17,f14,f27,f20,f13,f29",N1,1
dataset,0.035,0.036163015873015875,0.04884,29,"f32,f30,f3,f0,f6,f2,f9,f36,f8,f35,f12,f10,f31,f11,f7,f38,f18,f4,f33,f5,f1,f24,f37,f17,f14,f27,f20,f13,f29",N1,dataset
0,0.0388,0.04303301587301587,0.0572,30,"f32,f30,f3,f0,f6,f2,f9,f36,f8,f35,f12,f10,f31,f11,f7,f38,f18,f4,f33,f5,f1,f24,f37,f17,f14,f27,f20,f13,f29,f19",N1,0
1,0.0384,0.036526190476190476,0.04664,30,"f32,f30,f3,f0,f6,f2,f9,f36,f8,f35,f12,f10,f31,f11,f7,f38,f18,f4,f33,f5,f1,f24,f37,f17,f14,f27,f20,f13,f29,f19",N1,1
dataset,0.0386,0.039779603174603176,0.05192000000000001,30,"f32,f30,f3,f0,f6,f2,f9,f36,f8,f35,f12,f10,f31,f11,f7,f38,f18,f4,f33,f5,f1,f24,f37,f17,f14,f27,f20,f13,f29,f19",N1,dataset
0,0.0356,0.04028431457431457,0.0608,31,"f32,f30,f3,f0,f6,f2,f9,f36,f8,f35,f12,f10,f31,f11,f7,f38,f18,f4,f33,f5,f1,f24,f37,f17,f14,f27,f20,f13,f29,f19,f21",N1,0
1,0.0416,0.04065875901875902,0.04912,31,"f32,f30,f3,f0,f6,f2,f9,f36,f8,f35,f12,f10,f31,f11,f7,f38,f18,f4,f33,f5,f1,f24,f37,f17,f14,f27,f20,f13,f29,f19,f21",N1,1
dataset,0.0386,0.0404715367965368,0.05496,31,"f32,f30,f3,f0,f6,f2,f9,f36,f8,f35,f12,f10,f31,f11,f7,f38,f18,f4,f33,f5,f1,f24,f37,f17,f14,f27,f20,f13,f29,f19,f21",N1,dataset
0,0.0564,0.0451325974025974,0.06392,32,"f32,f30,f3,f0,f6,f2,f9,f36,f8,f35,f12,f10,f31,f11,f7,f38,f18,f4,f33,f5,f1,f24,f37,f17,f14,f27,f20,f13,f29,f19,f21,f26",N1,0
1,0.0464,0.04100541125541126,0.0528,32,"f32,f30,f3,f0,f6,f2,f9,f36,f8,f35,f12,f10,f31,f11,f7,f38,f18,f4,f33,f5,f1,f24,f37,f17,f14,f27,f20,f13,f29,f19,f21,f26",N1,1
dataset,0.0514,0.043069004329004325,0.05836,32,"f32,f30,f3,f0,f6,f2,f9,f36,f8,f35,f12,f10,f31,f11,f7,f38,f18,f4,f33,f5,f1,f24,f37,f17,f14,f27,f20,f13,f29,f19,f21,f26",N1,dataset
0,0.0476,0.04965560661560661,0.06536,33,"f32,f30,f3,f0,f6,f2,f9,f36,f8,f35,f12,f10,f31,f11,f7,f38,f18,f4,f33,f5,f1,f24,f37,f17,f14,f27,f20,f13,f29,f19,f21,f26,f25",N1,0
1,0.0508,0.04368261627261627,0.053360000000000005,33,"f32,f30,f3,f0,f6,f2,f9,f36,f8,f35,f12,f10,f31,f11,f7,f38,f18,f4,f33,f5,f1,f24,f37,f17,f14,f27,f20,f13,f29,f19,f21,f26,f25",N1,1
dataset,0.0492,0.04666911144411145,0.05936,33,"f32,f30,f3,f0,f6,f2,f9,f36,f8,f35,f12,f10,f31,f11,f7,f38,f18,f4,f33,f5,f1,f24,f37,f17,f14,f27,f20,f13,f29,f19,f21,f26,f25",N1,dataset
0,0.048,0.04814269841269841,0.06928000000000001,34,"f32,f30,f3,f0,f6,f2,f9,f36,f8,f35,f12,f10,f31,f11,f7,f38,f18,f4,f33,f5,f1,f24,f37,f17,f14,f27,f20,f13,f29,f19,f21,f26,f25,f23",N1,0
1,0.0632,0.04553065157065157,0.054560000000000004,34,"f32,f30,f3,f0,f6,f2,f9,f36,f8,f35,f12,f10,f31,f11,f7,f38,f18,f4,f33,f5,f1,f24,f37,f17,f14,f27,f20,f13,f29,f19,f21,f26,f25,f23",N1,1
dataset,0.0556,0.04683667499167499,0.06192,34,"f32,f30,f3,f0,f6,f2,f9,f36,f8,f35,f12,f10,f31,f11,f7,f38,f18,f4,f33,f5,f1,f24,f37,f17,f14,f27,f20,f13,f29,f19,f21,f26,f25,f23",N1,dataset
0,0.0524,0.04432308802308802,0.06776,35,"f32,f30,f3,f0,f6,f2,f9,f36,f8,f35,f12,f10,f31,f11,f7,f38,f18,f4,f33,f5,f1,f24,f37,f17,f14,f27,f20,f13,f29,f19,f21,f26,f25,f23,f34",N1,0
1,0.0412,0.041644660894660894,0.05384,35,"f32,f30,f3,f0,f6,f2,f9,f36,f8,f35,f12,f10,f31,f11,f7,f38,f18,f4,f33,f5,f1,f24,f37,f17,f14,f27,f20,f13,f29,f19,f21,f26,f25,f23,f34",N1,1
dataset,0.0468,0.04298387445887446,0.0608,35,"f32,f30,f3,f0,f6,f2,f9,f36,f8,f35,f12,f10,f31,f11,f7,f38,f18,f4,f33,f5,f1,f24,f37,f17,f14,f27,f20,f13,f29,f19,f21,f26,f25,f23,f34",N1,dataset
0,0.0592,0.05154300865800866,0.06728,36,"f32,f30,f3,f0,f6,f2,f9,f36,f8,f35,f12,f10,f31,f11,f7,f38,f18,f4,f33,f5,f1,f24,f37,f17,f14,f27,f20,f13,f29,f19,f21,f26,f25,f23,f34,f15",N1,0
1,0.0488,0.0445377155008734,0.05632,36,"f32,f30,f3,f0,f6,f2,f9,f36,f8,f35,f12,f10,f31,f11,f7,f38,f18,f4,f33,f5,f1,f24,f37,f17,f14,f27,f20,f13,f29,f19,f21,f26,f25,f23,f34,f15",N1,1
dataset,0.054,0.048040362079441026,0.0618,36,"f32,f30,f3,f0,f6,f2,f9,f36,f8,f35,f12,f10,f31,f11,f7,f38,f18,f4,f33,f5,f1,f24,f37,f17,f14,f27,f20,f13,f29,f19,f21,f26,f25,f23,f34,f15",N1,dataset
0,0.0568,0.0551770374070374,0.07008,37,"f32,f30,f3,f0,f6,f2,f9,f36,f8,f35,f12,f10,f31,f11,f7,f38,f18,f4,f33,f5,f1,f24,f37,f17,f14,f27,f20,f13,f29,f19,f21,f26,f25,f23,f34,f15,f22",N1,0
1,0.056,0.050067259994907055,0.05632,37,"f32,f30,f3,f0,f6,f2,f9,f36,f8,f35,f12,f10,f31,f11,f7,f38,f18,f4,f33,f5,f1,f24,f37,f17,f14,f27,f20,f13,f29,f19,f21,f26,f25,f23,f34,f15,f22",N1,1
dataset,0.0564,0.05262214870097223,0.0632,37,"f32,f30,f3,f0,f6,f2,f9,f36,f8,f35,f12,f10,f31,f11,f7,f38,f18,f4,f33,f5,f1,f24,f37,f17,f14,f27,f20,f13,f29,f19,f21,f26,f25,f23,f34,f15,f22",N1,dataset
0,0.0508,0.0577295670995671,0.0748,38,"f32,f30,f3,f0,f6,f2,f9,f36,f8,f35,f12,f10,f31,f11,f7,f38,f18,f4,f33,f5,f1,f24,f37,f17,f14,f27,f20,f13,f29,f19,f21,f26,f25,f23,f34,f15,f22,f16",N1,0
1,0.0504,0.050343592956750845,0.05952,38,"f32,f30,f3,f0,f6,f2,f9,f36,f8,f35,f12,f10,f31,f11,f7,f38,f18,f4,f33,f5,f1,f24,f37,f17,f14,f27,f20,f13,f29,f19,f21,f26,f25,f23,f34,f15,f22,f16",N1,1
dataset,0.0506,0.05403658002815897,0.06716,38,"f32,f30,f3,f0,f6,f2,f9,f36,f8,f35,f12,f10,f31,f11,f7,f38,f18,f4,f33,f5,f1,f24,f37,f17,f14,f27,f20,f13,f29,f19,f21,f26,f25,f23,f34,f15,f22,f16",N1,dataset
0,0.054,0.06379452380952381,0.08023999999999999,39,"f32,f30,f3,f0,f6,f2,f9,f36,f8,f35,f12,f10,f31,f11,f7,f38,f18,f4,f33,f5,f1,f24,f37,f17,f14,f27,f20,f13,f29,f19,f21,f26,f25,f23,f34,f15,f22,f16,f28",N1,0
1,0.0456,0.05602698108086855,0.06008000000000001,39,"f32,f30,f3,f0,f6,f2,f9,f36,f8,f35,f12,f10,f31,f11,f7,f38,f18,f4,f33,f5,f1,f24,f37,f17,f14,f27,f20,f13,f29,f19,f21,f26,f25,f23,f34,f15,f22,f16,f28",N1,1
dataset,0.0498,0.05991075244519618,0.07016,39,"f32,f30,f3,f0,f6,f2,f9,f36,f8,f35,f12,f10,f31,f11,f7,f38,f18,f4,f33,f5,f1,f24,f37,f17,f14,f27,f20,f13,f29,f19,f21,f26,f25,f23,f34,f15,f22,f16,f28",N1,dataset
0,0.286,0.3618,0.36376,1,f32,kDN,0
1,0.2176,0.3618,0.36424,1,f32,kDN,1
dataset,0.2518,0.3618,0.364,1,f32,kDN,dataset
0,0.2196,0.3088666666666667,0.30552,2,"f32,f30",kDN,0
1,0.204,0.31253333333333333,0.31536,2,"f32,f30",kDN,1
dataset,0.2118,0.3107,0.31044,2,"f32,f30",kDN,dataset
0,0.2164,0.30374666666666666,0.3032,3,"f32,f30,f3",kDN,0
1,0.2172,0.30379333333333336,0.3068,3,"f32,f30,f3",kDN,1
dataset,0.2168,0.30377,0.305,3,"f32,f30,f3",kDN,dataset
0,0.1268,0.23898666666666668,0.23824,4,"f32,f30,f3,f0",kDN,0
1,0.2056,0.24338,0.25224,4,"f32,f30,f3,f0",kDN,1
dataset,0.1662,0.2411833333333333,0.24523999999999996,4,"f32,f30,f3,f0",kDN,dataset
0,0.1372,0.19874,0.20752000000000004,5,"f32,f30,f3,f0,f2",kDN,0
1,0.1552,0.21695714285714285,0.22536,5,"f32,f30,f3,f0,f2",kDN,1
dataset,0.1462,0.2078485714285714,0.21644000000000005,5,"f32,f30,f3,f0,f2",kDN,dataset
0,0.0976,0.16024000000000002,0.15072,6,"f32,f30,f3,f0,f2,f6",kDN,0
1,0.144,0.17198,0.17776,6,"f32,f30,f3,f0,f2,f6",kDN,1
dataset,0.1208,0.16610999999999998,0.16424,6,"f32,f30,f3,f0,f2,f6",kDN,dataset
0,0.084,0.13233333333333333,0.13232,7,"f32,f30,f3,f0,f2,f6,f9",kDN,0
1,0.116,0.13524666666666668,0.146,7,"f32,f30,f3,f0,f2,f6,f9",kDN,1
dataset,0.1,0.13379,0.13915999999999998,7,"f32,f30,f3,f0,f2,f6,f9",kDN,dataset
0,0.1044,0.12918380952380953,0.1352,8,"f32,f30,f3,f0,f2,f6,f9,f35",kDN,0
1,0.098,0.13522,0.14248,8,"f32,f30,f3,f0,f2,f6,f9,f35",kDN,1
dataset,0.1012,0.13220190476190477,0.13884000000000002,8,"f32,f30,f3,f0,f2,f6,f9,f35",kDN,dataset
0,0.092,0.10355047619047618,0.10792,9,"f32,f30,f3,f0,f2,f6,f9,f35,f8",kDN,0
1,0.0756,0.10879666666666667,0.11528,9,"f32,f30,f3,f0,f2,f6,f9,f35,f8",kDN,1
dataset,0.0838,0.10617357142857142,0.1116,9,"f32,f30,f3,f0,f2,f6,f9,f35,f8",kDN,dataset
0,0.0968,0.10478,0.10768,10,"f32,f30,f3,f0,f2,f6,f9,f35,f8,f36",kDN,0
1,0.088,0.11104095238095238,0.11807999999999999,10,"f32,f30,f3,f0,f2,f6,f9,f35,f8,f36",kDN,1
dataset,0.0924,0.1079104761904762,0.11288,10,"f32,f30,f3,f0,f2,f6,f9,f35,f8,f36",kDN,dataset
0,0.0812,0.10041714285714286,0.10856000000000002,11,"f32,f30,f3,f0,f2,f6,f9,f35,f8,f36,f12",kDN,0
1,0.0744,0.10364761904761903,0.11,11,"f32,f30,f3,f0,f2,f6,f9,f35,f8,f36,f12",kDN,1
dataset,0.0778,0.10203238095238096,0.10928,11,"f32,f30,f3,f0,f2,f6,f9,f35,f8,f36,f12",kDN,dataset
0,0.0704,0.07599809523809523,0.07472000000000001,12,"f32,f30,f3,f0,f2,f6,f9,f35,f8,f36,f12,f10",kDN,0
1,0.0488,0.0867247619047619,0.09096,12,"f32,f30,f3,f0,f2,f6,f9,f35,f8,f36,f12,f10",kDN,1
dataset,0.0596,0.08136142857142857,0.08284,12,"f32,f30,f3,f0,f2,f6,f9,f35,f8,f36,f12,f10",kDN,dataset
0,0.0512,0.06734095238095238,0.06984,13,"f32,f30,f3,f0,f2,f6,f9,f35,f8,f36,f12,f10,f31",kDN,0
1,0.0624,0.07186063492063492,0.08424,13,"f32,f30,f3,f0,f2,f6,f9,f35,f8,f36,f12,f10,f31",kDN,1
dataset,0.0568,0.06960079365079364,0.07704,13,"f32,f30,f3,f0,f2,f6,f9,f35,f8,f36,f12,f10,f31",kDN,dataset
0,0.0552,0.05871761904761905,0.06576,14,"f32,f30,f3,f0,f2,f6,f9,f35,f8,f36,f12,f10,f31,f11",kDN,0
1,0.0456,0.06176428571428571,0.0732,14,"f32,f30,f3,f0,f2,f6,f9,f35,f8,f36,f12,f10,f31,f11",kDN,1
dataset,0.0504,0.060240952380952374,0.06948,14,"f32,f30,f3,f0,f2,f6,f9,f35,f8,f36,f12,f10,f31,f11",kDN,dataset
0,0.0512,0.058271428571428564,0.06056,15,"f32,f30,f3,f0,f2,f6,f9,f35,f8,f36,f12,f10,f31,f11,f7",kDN,0
1,0.0416,0.06641031746031746,0.07256,15,"f32,f30,f3,f0,f2,f6,f9,f35,f8,f36,f12,f10,f31,f11,f7",kDN,1
dataset,0.0464,0.06234087301587301,0.06656000000000001,15,"f32,f30,f3,f0,f2,f6,f9,f35,f8,f36,f12,f10,f31,f11,f7",kDN,dataset
0,0.0448,0.05816190476190476,0.060239999999999995,16,"f32,f30,f3,f0,f2,f6,f9,f35,f8,f36,f12,f10,f31,f11,f7,f38",kDN,0
1,0.0364,0.06684555555555555,0.07272,16,"f32,f30,f3,f0,f2,f6,f9,f35,f8,f36,f12,f10,f31,f11,f7,f38",kDN,1
dataset,0.0406,0.06250373015873015,0.06648000000000001,16,"f32,f30,f3,f0,f2,f6,f9,f35,f8,f36,f12,f10,f31,f11,f7,f38",kDN,dataset
0,0.044,0.062323333333333335,0.06608000000000001,17,"f32,f30,f3,f0,f2,f6,f9,f35,f8,f36,f12,f10,f31,f11,f7,f38,f21",kDN,0
1,0.052,0.06644571428571427,0.07728,17,"f32,f30,f3,f0,f2,f6,f9,f35,f8,f36,f12,f10,f31,f11,f7,f38,f21",kDN,1
dataset,0.048,0.06438452380952381,0.07168,17,"f32,f30,f3,f0,f2,f6,f9,f35,f8,f36,f12,f10,f31,f11,f7,f38,f21",kDN,dataset
0,0.0472,0.05675333333333333,0.0672,18,"f32,f30,f3,f0,f2,f6,f9,f35,f8,f36,f12,f10,f31,f11,f7,f38,f21,f1",kDN,0
1,0.0488,0.05446603174603174,0.0648,18,"f32,f30,f3,f0,f2,f6,f9,f35,f8,f36,f12,f10,f31,f11,f7,f38,f21,f1",kDN,1
dataset,0.048,0.055609682539682535,0.066,18,"f32,f30,f3,f0,f2,f6,f9,f35,f8,f36,f12,f10,f31,f11,f7,f38,f21,f1",kDN,dataset
0,0.0396,0.05176047619047618,0.06576,19,"f32,f30,f3,f0,f2,f6,f9,f35,f8,f36,f12,f10,f31,f11,f7,f38,f21,f1,f37",kDN,0
1,0.0336,0.04868904761904762,0.058,19,"f32,f30,f3,f0,f2,f6,f9,f35,f8,f36,f12,f10,f31,f11,f7,f38,f21,f1,f37",kDN,1
dataset,0.0366,0.0502247619047619,0.06188,19,"f32,f30,f3,f0,f2,f6,f9,f35,f8,f36,f12,f10,f31,f11,f7,f38,f21,f1,f37",kDN,dataset
0,0.0508,0.06029380952380952,0.06768,20,"f32,f30,f3,f0,f2,f6,f9,f35,f8,f36,f12,f10,f31,f11,f7,f38,f21,f1,f37,f18",kDN,0
1,0.0568,0.05332698412698412,0.06064,20,"f32,f30,f3,f0,f2,f6,f9,f35,f8,f36,f12,f10,f31,f11,f7,f38,f21,f1,f37,f18",kDN,1
dataset,0.0538,0.05681039682539682,0.06416000000000001,20,"f32,f30,f3,f0,f2,f6,f9,f35,f8,f36,f12,f10,f31,f11,f7,f38,f21,f1,f37,f18",kDN,dataset
0,0.0456,0.05853333333333334,0.07008,21,"f32,f30,f3,f0,f2,f6,f9,f35,f8,f36,f12,f10,f31,f11,f7,f38,f21,f1,f37,f18,f22",kDN,0
1,0.0464,0.04802142857142857,0.06184,21,"f32,f30,f3,f0,f2,f6,f9,f35,f8,f36,f12,f10,f31,f11,f7,f38,f21,f1,f37,f18,f22",kDN,1
dataset,0.046,0.05327738095238095,0.06596000000000002,21,"f32,f30,f3,f0,f2,f6,f9,f35,f8,f36,f12,f10,f31,f11,f7,f38,f21,f1,f37,f18,f22",kDN,dataset
0,0.0396,0.04427920634920635,0.0584,22,"f32,f30,f3,f0,f2,f6,f9,f35,f8,f36,f12,f10,f31,f11,f7,f38,f21,f1,f37,f18,f22,f13",kDN,0
1,0.0424,0.03885539682539683,0.04728,22,"f32,f30,f3,f0,f2,f6,f9,f35,f8,f36,f12,f10,f31,f11,f7,f38,f21,f1,f37,f18,f22,f13",kDN,1
dataset,0.041,0.04156730158730158,0.05284000000000001,22,"f32,f30,f3,f0,f2,f6,f9,f35,f8,f36,f12,f10,f31,f11,f7,f38,f21,f1,f37,f18,f22,f13",kDN,dataset
0,0.0328,0.041240952380952385,0.05192000000000001,23,"f32,f30,f3,f0,f2,f6,f9,f35,f8,f36,f12,f10,f31,f11,f7,f38,f21,f1,f37,f18,f22,f13,f5",kDN,0
1,0.0396,0.04014142857142857,0.044640000000000006,23,"f32,f30,f3,f0,f2,f6,f9,f35,f8,f36,f12,f10,f31,f11,f7,f38,f21,f1,f37,f18,f22,f13,f5",kDN,1
dataset,0.0362,0.04069119047619048,0.04828,23,"f32,f30,f3,f0,f2,f6,f9,f35,f8,f36,f12,f10,f31,f11,f7,f38,f21,f1,f37,f18,f22,f13,f5",kDN,dataset
0,0.0328,0.037596421356421356,0.04888,24,"f32,f30,f3,f0,f2,f6,f9,f35,f8,f36,f12,f10,f31,f11,f7,f38,f21,f1,f37,f18,f22,f13,f5,f33",kDN,0
1,0.0324,0.03625147186147186,0.03984,24,"f32,f30,f3,f0,f2,f6,f9,f35,f8,f36,f12,f10,f31,f11,f7,f38,f21,f1,f37,f18,f22,f13,f5,f33",kDN,1
dataset,0.0326,0.03692394660894661,0.044360000000000004,24,"f32,f30,f3,f0,f2,f6,f9,f35,f8,f36,f12,f10,f31,f11,f7,f38,f21,f1,f37,f18,f22,f13,f5,f33",kDN,dataset
0,0.0328,0.04156095238095238,0.0504,25,"f32,f30,f3,f0,f2,f6,f9,f35,f8,f36,f12,f10,f31,f11,f7,f38,f21,f1,f37,f18,f22,f13,f5,f33,f20",kDN,0
1,0.0348,0.03683380952380952,0.04376,25,"f32,f30,f3,f0,f2,f6,f9,f35,f8,f36,f12,f10,f31,f11,f7,f38,f21,f1,f37,f18,f22,f13,f5,f33,f20",kDN,1
dataset,0.0338,0.03919738095238095,0.047080000000000004,25,"f32,f30,f3,f0,f2,f6,f9,f35,f8,f36,f12,f10,f31,f11,f7,f38,f21,f1,f37,f18,f22,f13,f5,f33,f20",kDN,dataset
0,0.0432,0.03991269841269841,0.0532,26,"f32,f30,f3,f0,f2,f6,f9,f35,f8,f36,f12,f10,f31,f11,f7,f38,f21,f1,f37,f18,f22,f13,f5,f33,f20,f23",kDN,0
1,0.0324,0.03837761904761905,0.0468,26,"f32,f30,f3,f0,f2,f6,f9,f35,f8,f36,f12,f10,f31,f11,f7,f38,f21,f1,f37,f18,f22,f13,f5,f33,f20,f23",kDN,1
dataset,0.0378,0.039145158730158724,0.05,26,"f32,f30,f3,f0,f2,f6,f9,f35,f8,f36,f12,f10,f31,f11,f7,f38,f21,f1,f37,f18,f22,f13,f5,f33,f20,f23",kDN,dataset
0,0.0344,0.04316296069943129,0.05864,27,"f32,f30,f3,f0,f2,f6,f9,f35,f8,f36,f12,f10,f31,f11,f7,f38,f21,f1,f37,f18,f22,f13,f5,f33,f20,f23,f17",kDN,0
1,0.0472,0.0394247619047619,0.04816,27,"f32,f30,f3,f0,f2,f6,f9,f35,f8,f36,f12,f10,f31,f11,f7,f38,f21,f1,f37,f18,f22,f13,f5,f33,f20,f23,f17",kDN,1
dataset,0.0408,0.04129386130209659,0.0534,27,"f32,f30,f3,f0,f2,f6,f9,f35,f8,f36,f12,f10,f31,f11,f7,f38,f21,f1,f37,f18,f22,f13,f5,f33,f20,f23,f17",kDN,dataset
0,0.046,0.046397936507936506,0.06192,28,"f32,f30,f3,f0,f2,f6,f9,f35,f8,f36,f12,f10,f31,f11,f7,f38,f21,f1,f37,f18,f22,f13,f5,f33,f20,f23,f17,f24",kDN,0
1,0.036,0.04364177489177489,0.05008,28,"f32,f30,f3,f0,f2,f6,f9,f35,f8,f36,f12,f10,f31,f11,f7,f38,f21,f1,f37,f18,f22,f13,f5,f33,f20,f23,f17,f24",kDN,1
dataset,0.041,0.0450198556998557,0.056,28,"f32,f30,f3,f0,f2,f6,f9,f35,f8,f36,f12,f10,f31,f11,f7,f38,f21,f1,f37,f18,f22,f13,f5,f33,f20,f23,f17,f24",kDN,dataset
0,0.0304,0.0441080463980464,0.0564,29,"f32,f30,f3,f0,f2,f6,f9,f35,f8,f36,f12,f10,f31,f11,f7,f38,f21,f1,f37,f18,f22,f13,f5,f33,f20,f23,f17,f24,f34",kDN,0
1,0.0432,0.04101333333333333,0.04888,29,"f32,f30,f3,f0,f2,f6,f9,f35,f8,f36,f12,f10,f31,f11,f7,f38,f21,f1,f37,f18,f22,f13,f5,f33,f20,f23,f17,f24,f34",kDN,1
dataset,0.0368,0.042560689865689866,0.05264,29,"f32,f30,f3,f0,f2,f6,f9,f35,f8,f36,f12,f10,f31,f11,f7,f38,f21,f1,f37,f18,f22,f13,f5,f33,f20,f23,f17,f24,f34",kDN,dataset
0,0.0424,0.047121746031746035,0.05888000000000001,30,"f32,f30,f3,f0,f2,f6,f9,f35,f8,f36,f12,f10,f31,f11,f7,f38,f21,f1,f37,f18,f22,f13,f5,f33,f20,f23,f17,f24,f34,f27",kDN,0
1,0.042,0.03986761904761905,0.05016,30,"f32,f30,f3,f0,f2,f6,f9,f35,f8,f36,f12,f10,f31,f11,f7,f38,f21,f1,f37,f18,f22,f13,f5,f33,f20,f23,f17,f24,f34,f27",kDN,1
dataset,0.0422,0.043494682539682535,0.054520000000000006,30,"f32,f30,f3,f0,f2,f6,f9,f35,f8,f36,f12,f10,f31,f11,f7,f38,f21,f1,f37,f18,f22,f13,f5,f33,f20,f23,f17,f24,f34,f27",kDN,dataset
0,0.0476,0.050461962481962476,0.0628,31,"f32,f30,f3,f0,f2,f6,f9,f35,f8,f36,f12,f10,f31,f11,f7,f38,f21,f1,f37,f18,f22,f13,f5,f33,f20,f23,f17,f24,f34,f27,f26",kDN,0
1,0.036,0.04735333333333333,0.052480000000000006,31,"f32,f30,f3,f0,f2,f6,f9,f35,f8,f36,f12,f10,f31,f11,f7,f38,f21,f1,f37,f18,f22,f13,f5,f33,f20,f23,f17,f24,f34,f27,f26",kDN,1
dataset,0.0418,0.04890764790764791,0.05764000000000001,31,"f32,f30,f3,f0,f2,f6,f9,f35,f8,f36,f12,f10,f31,f11,f7,f38,f21,f1,f37,f18,f22,f13,f5,f33,f20,f23,f17,f24,f34,f27,f26",kDN,dataset
0,0.0484,0.0531715873015873,0.066,32,"f32,f30,f3,f0,f2,f6,f9,f35,f8,f36,f12,f10,f31,f11,f7,f38,f21,f1,f37,f18,f22,f13,f5,f33,f20,f23,f17,f24,f34,f27,f26,f29",kDN,0
1,0.0432,0.046595425685425684,0.05512,32,"f32,f30,f3,f0,f2,f6,f9,f35,f8,f36,f12,f10,f31,f11,f7,f38,f21,f1,f37,f18,f22,f13,f5,f33,f20,f23,f17,f24,f34,f27,f26,f29",kDN,1
dataset,0.0458,0.049883506493506494,0.06056,32,"f32,f30,f3,f0,f2,f6,f9,f35,f8,f36,f12,f10,f31,f11,f7,f38,f21,f1,f37,f18,f22,f13,f5,f33,f20,f23,f17,f24,f34,f27,f26,f29",kDN,dataset
0,0.052,0.053963030303030304,0.06752000000000001,33,"f32,f30,f3,f0,f2,f6,f9,f35,f8,f36,f12,f10,f31,f11,f7,f38,f21,f1,f37,f18,f22,f13,f5,f33,f20,f23,f17,f24,f34,f27,f26,f29,f25",kDN,0
1,0.0452,0.04814972804972805,0.056720000000000007,33,"f32,f30,f3,f0,f2,f6,f9,f35,f8,f36,f12,f10,f31,f11,f7,f38,f21,f1,f37,f18,f22,f13,f5,f33,f20,f23,f17,f24,f34,f27,f26,f29,f25",kDN,1
dataset,0.0486,0.051056379176379174,0.06212,33,"f32,f30,f3,f0,f2,f6,f9,f35,f8,f36,f12,f10,f31,f11,f7,f38,f21,f1,f37,f18,f22,f13,f5,f33,f20,f23,f17,f24,f34,f27,f26,f29,f25",kDN,dataset
0,0.0424,0.056415151515151515,0.07152,34,"f32,f30,f3,f0,f2,f6,f9,f35,f8,f36,f12,f10,f31,f11,f7,f38,f21,f1,f37,f18,f22,f13,f5,f33,f20,f23,f17,f24,f34,f27,f26,f29,f25,f15",kDN,0
1,0.0628,0.05409388500388501,0.0592,34,"f32,f30,f3,f0,f2,f6,f9,f35,f8,f36,f12,f10,f31,f11,f7,f38,f21,f1,f37,f18,f22,f13,f5,f33,f20,f23,f17,f24,f34,f27,f26,f29,f25,f15",kDN,1
dataset,0.0526,0.05525451825951825,0.06536,34,"f32,f30,f3,f0,f2,f6,f9,f35,f8,f36,f12,f10,f31,f11,f7,f38,f21,f1,f37,f18,f22,f13,f5,f33,f20,f23,f17,f24,f34,f27,f26,f29,f25,f15",kDN,dataset
0,0.0488,0.05004287157287157,0.06928000000000001,35,"f32,f30,f3,f0,f2,f6,f9,f35,f8,f36,f12,f10,f31,f11,f7,f38,f21,f1,f37,f18,f22,f13,f5,f33,f20,f23,f17,f24,f34,f27,f26,f29,f25,f15,f4",kDN,0
1,0.0352,0.04740853701853702,0.053680000000000005,35,"f32,f30,f3,f0,f2,f6,f9,f35,f8,f36,f12,f10,f31,f11,f7,f38,f21,f1,f37,f18,f22,f13,f5,f33,f20,f23,f17,f24,f34,f27,f26,f29,f25,f15,f4",kDN,1
dataset,0.042,0.048725704295704296,0.06147999999999999,35,"f32,f30,f3,f0,f2,f6,f9,f35,f8,f36,f12,f10,f31,f11,f7,f38,f21,f1,f37,f18,f22,f13,f5,f33,f20,f23,f17,f24,f34,f27,f26,f29,f25,f15,f4",kDN,dataset
0,0.0564,0.04980937950937951,0.06752000000000001,36,"f32,f30,f3,f0,f2,f6,f9,f35,f8,f36,f12,f10,f31,f11,f7,f38,f21,f1,f37,f18,f22,f13,f5,f33,f20,f23,f17,f24,f34,f27,f26,f29,f25,f15,f4,f14",kDN,0
1,0.0352,0.04355309523809524,0.054880000000000005,36,"f32,f30,f3,f0,f2,f6,f9,f35,f8,f36,f12,f10,f31,f11,f7,f38,f21,f1,f37,f18,f22,f13,f5,f33,f20,f23,f17,f24,f34,f27,f26,f29,f25,f15,f4,f14",kDN,1
dataset,0.0458,0.046681237373737375,0.0612,36,"f32,f30,f3,f0,f2,f6,f9,f35,f8,f36,f12,f10,f31,f11,f7,f38,f21,f1,f37,f18,f22,f13,f5,f33,f20,f23,f17,f24,f34,f27,f26,f29,f25,f15,f4,f14",kDN,dataset
0,0.0692,0.05329718614718614,0.07304,37,"f32,f30,f3,f0,f2,f6,f9,f35,f8,f36,f12,f10,f31,f11,f7,f38,f21,f1,f37,f18,f22,f13,f5,f33,f20,f23,f17,f24,f34,f27,f26,f29,f25,f15,f4,f14,f16",kDN,0
1,0.042,0.04720308802308802,0.05624,37,"f32,f30,f3,f0,f2,f6,f9,f35,f8,f36,f12,f10,f31,f11,f7,f38,f21,f1,f37,f18,f22,f13,f5,f33,f20,f23,f17,f24,f34,f27,f26,f29,f25,f15,f4,f14,f16",kDN,1
dataset,0.0556,0.050250137085137085,0.06464,37,"f32,f30,f3,f0,f2,f6,f9,f35,f8,f36,f12,f10,f31,f11,f7,f38,f21,f1,f37,f18,f22,f13,f5,f33,f20,f23,f17,f24,f34,f27,f26,f29,f25,f15,f4,f14,f16",kDN,dataset
0,0.0508,0.0577295670995671,0.0748,38,"f32,f30,f3,f0,f2,f6,f9,f35,f8,f36,f12,f10,f31,f11,f7,f38,f21,f1,f37,f18,f22,f13,f5,f33,f20,f23,f17,f24,f34,f27,f26,f29,f25,f15,f4,f14,f16,f19",kDN,0
1,0.0504,0.050343592956750845,0.05952,38,"f32,f30,f3,f0,f2,f6,f9,f35,f8,f36,f12,f10,f31,f11,f7,f38,f21,f1,f37,f18,f22,f13,f5,f33,f20,f23,f17,f24,f34,f27,f26,f29,f25,f15,f4,f14,f16,f19",kDN,1
dataset,0.0506,0.05403658002815897,0.06716,38,"f32,f30,f3,f0,f2,f6,f9,f35,f8,f36,f12,f10,f31,f11,f7,f38,f21,f1,f37,f18,f22,f13,f5,f33,f20,f23,f17,f24,f34,f27,f26,f29,f25,f15,f4,f14,f16,f19",kDN,dataset
0,0.054,0.06379452380952381,0.08023999999999999,39,"f32,f30,f3,f0,f2,f6,f9,f35,f8,f36,f12,f10,f31,f11,f7,f38,f21,f1,f37,f18,f22,f13,f5,f33,f20,f23,f17,f24,f34,f27,f26,f29,f25,f15,f4,f14,f16,f19,f28",kDN,0
1,0.0456,0.05602698108086855,0.06008000000000001,39,"f32,f30,f3,f0,f2,f6,f9,f35,f8,f36,f12,f10,f31,f11,f7,f38,f21,f1,f37,f18,f22,f13,f5,f33,f20,f23,f17,f24,f34,f27,f26,f29,f25,f15,f4,f14,f16,f19,f28",kDN,1
dataset,0.0498,0.05991075244519618,0.07016,39,"f32,f30,f3,f0,f2,f6,f9,f35,f8,f36,f12,f10,f31,f11,f7,f38,f21,f1,f37,f18,f22,f13,f5,f33,f20,f23,f17,f24,f34,f27,f26,f29,f25,f15,f4,f14,f16,f19,f28",kDN,dataset
