measure,subset_k,model,variables_incluidas,mean_acc,std_acc,mean_gps,std_gps,mean_acc_class_0,mean_acc_class_1,std_acc_class_0,std_acc_class_1
Hostility,1,LogReg,f12,0.756,0.025768197453450273,0.7550059829061565,0.02580549860611471,0.766,0.746,0.06755738301621815,0.05219195340279955
Hostility,1,SVM-linear,f12,0.751,0.02879236009777596,0.7500693840928706,0.028521349714563028,0.77,0.732,0.06465291950097846,0.05153639490690049
Hostility,1,SVM-rbf,f12,0.75,0.03255764119219944,0.748901824728463,0.03240300761720096,0.772,0.728,0.07110555533852471,0.05381449618829483
Hostility,1,RandomForest,f12,0.6699999999999999,0.046475800154488996,0.6678635921457231,0.04711892595956491,0.682,0.658,0.07922120928135344,0.07717512552629896
Hostility,1,KNN,f12,0.711,0.03477067730142741,0.709568471922124,0.03507314934483922,0.71,0.712,0.073348483283569,0.06209669878504008
Hostility,1,NaiveBayes,f12,0.7529999999999999,0.02865309756378883,0.7520393506312486,0.028392591292964224,0.782,0.724,0.06095900261651269,0.04882622246293479
Hostility,1,DecisionTree,f12,0.6699999999999999,0.046475800154488996,0.6678635921457231,0.04711892595956491,0.682,0.658,0.07922120928135344,0.07717512552629896
Hostility,1,XGBoost,f12,0.709,0.0350570962859162,0.7076236362063113,0.035448982671245834,0.738,0.6799999999999999,0.06477653896280659,0.05513619500836089
Hostility,2,LogReg,"f12,f8",0.8039999999999999,0.03638681079732049,0.803313635873538,0.03706546695015001,0.812,0.796,0.05075431016179806,0.06740919818541087
Hostility,2,SVM-linear,"f12,f8",0.817,0.03606937759374285,0.816581259459868,0.036472203823131086,0.8320000000000001,0.8019999999999999,0.042142615011410964,0.05827520913733387
Hostility,2,SVM-rbf,"f12,f8",0.798,0.025999999999999985,0.7970235305390161,0.02662539577155516,0.8220000000000001,0.774,0.05015974481593781,0.06873136110975832
Hostility,2,RandomForest,"f12,f8",0.7790000000000001,0.03477067730142742,0.778350165134227,0.034874990075772536,0.8000000000000002,0.7580000000000001,0.046475800154488996,0.06225752966509351
Hostility,2,KNN,"f12,f8",0.7910000000000001,0.024677925358506127,0.7905847969329913,0.024857381012981492,0.818,0.764,0.03515679166249387,0.03878143885933065
Hostility,2,NaiveBayes,"f12,f8",0.7380000000000001,0.03600000000000003,0.7366500970025246,0.03583335573893634,0.78,0.696,0.06324555320336757,0.05425863986500215
Hostility,2,DecisionTree,"f12,f8",0.733,0.03257299494980469,0.7316791879631448,0.0335450463358052,0.72,0.746,0.0651152823843988,0.06327716807822549
Hostility,2,XGBoost,"f12,f8",0.764,0.028354893757515674,0.7628616685476202,0.02815973111245956,0.78,0.748,0.060000000000000005,0.07110555533852471
Hostility,3,LogReg,"f12,f8,f9",0.865,0.019104973174542815,0.8647329830810191,0.019021024924387377,0.8640000000000001,0.866,0.03555277766926234,0.055892754449928486
Hostility,3,SVM-linear,"f12,f8,f9",0.8739999999999999,0.024576411454889036,0.8737727595590521,0.024493866361139965,0.8640000000000001,0.884,0.0332264954516723,0.05919459434779499
Hostility,3,SVM-rbf,"f12,f8,f9",0.867,0.019000000000000017,0.8668191920656753,0.018916090734994135,0.86,0.874,0.03098386676965934,0.047370877129308056
Hostility,3,RandomForest,"f12,f8,f9",0.866,0.018547236990991423,0.8657876538201726,0.018430529658760773,0.8700000000000001,0.8620000000000001,0.03376388603226827,0.05095095681142799
Hostility,3,KNN,"f12,f8,f9",0.853,0.021470910553583886,0.852738069775063,0.02142828908387987,0.858,0.8480000000000001,0.036276714294434104,0.052306787322488064
Hostility,3,NaiveBayes,"f12,f8,f9",0.8149999999999998,0.029068883707497245,0.8145165785915184,0.028979120988779895,0.8300000000000001,0.8,0.04494441010848846,0.06131883886702355
Hostility,3,DecisionTree,"f12,f8,f9",0.8240000000000001,0.03199999999999998,0.8236226563265815,0.03198304506687429,0.8160000000000001,0.8320000000000001,0.06248199740725323,0.04214261501141095
Hostility,3,XGBoost,"f12,f8,f9",0.8710000000000001,0.013747727084867533,0.8705889687551174,0.013973099720044995,0.86,0.882,0.05366563145999496,0.04935585071701226
Hostility,4,LogReg,"f12,f8,f9,f2",0.869,0.023000000000000024,0.8687351224005395,0.022958636012542537,0.8619999999999999,0.876,0.039446165846632034,0.05642694391866353
Hostility,4,SVM-linear,"f12,f8,f9,f2",0.8699999999999999,0.024899799195977488,0.8697964730297432,0.024844235116914623,0.858,0.8819999999999999,0.037363083384538795,0.050950956811427986
Hostility,4,SVM-rbf,"f12,f8,f9,f2",0.883,0.02193171219946133,0.8827917509469753,0.02192535672341384,0.858,0.9080000000000001,0.037363083384538795,0.04019950248448355
Hostility,4,RandomForest,"f12,f8,f9,f2",0.8720000000000001,0.02521904042583698,0.8716701819108039,0.02528108916959997,0.866,0.8779999999999999,0.040049968789001585,0.06415605972938176
Hostility,4,KNN,"f12,f8,f9,f2",0.8639999999999999,0.022891046284519184,0.8637681326560689,0.02288391952962158,0.8640000000000001,0.8640000000000001,0.04079215610874227,0.048826222462934804
Hostility,4,NaiveBayes,"f12,f8,f9,f2",0.873,0.020024984394500806,0.8727664963880647,0.020018322871106477,0.858,0.8879999999999999,0.03026549190084311,0.05230678732248808
Hostility,4,DecisionTree,"f12,f8,f9,f2",0.8119999999999999,0.029933259094191516,0.8111187418488823,0.030177480220098335,0.7979999999999999,0.826,0.06477653896280659,0.06696267617113282
Hostility,4,XGBoost,"f12,f8,f9,f2",0.858,0.023151673805580444,0.8577343373389305,0.02304608951191761,0.8440000000000001,0.8719999999999999,0.03878143885933064,0.05153639490690048
Hostility,5,LogReg,"f12,f8,f9,f2,f14",0.869,0.023000000000000024,0.8687351224005395,0.022958636012542537,0.8619999999999999,0.876,0.039446165846632034,0.05642694391866353
Hostility,5,SVM-linear,"f12,f8,f9,f2,f14",0.8699999999999999,0.024899799195977488,0.8697964730297432,0.024844235116914623,0.858,0.8819999999999999,0.037363083384538795,0.050950956811427986
Hostility,5,SVM-rbf,"f12,f8,f9,f2,f14",0.882,0.024413111231467426,0.8818124939850005,0.024410361407321293,0.86,0.9039999999999999,0.03794733192202054,0.04176122603564219
Hostility,5,RandomForest,"f12,f8,f9,f2,f14",0.868,0.02925747767665559,0.8677352617814927,0.02917950001922533,0.8620000000000001,0.874,0.0384187454245971,0.06390618123468182
Hostility,5,KNN,"f12,f8,f9,f2,f14",0.8720000000000001,0.02227105745132011,0.8718140636746075,0.022285782631970535,0.8700000000000001,0.874,0.045825756949558406,0.03799999999999999
Hostility,5,NaiveBayes,"f12,f8,f9,f2,f14",0.875,0.0196214168703486,0.8748185988199305,0.019670325967094275,0.8640000000000001,0.8859999999999999,0.02939387691339814,0.04651881339845202
Hostility,5,DecisionTree,"f12,f8,f9,f2,f14",0.8099999999999999,0.035496478698597685,0.8091183708428857,0.036645304325526804,0.806,0.8140000000000001,0.041999999999999996,0.08101851640211638
Hostility,5,XGBoost,"f12,f8,f9,f2,f14",0.857,0.034365680554879166,0.8566744756254211,0.03428789397915087,0.844,0.8699999999999999,0.03773592452822642,0.07056911505750939
Hostility,6,LogReg,"f12,f8,f9,f2,f14,f7",0.8889999999999999,0.032388269481403296,0.8887017438348919,0.032548955181539094,0.892,0.8859999999999999,0.04749736834815167,0.06390618123468182
Hostility,6,SVM-linear,"f12,f8,f9,f2,f14,f7",0.8869999999999999,0.03318132004607412,0.8866740255611847,0.033452875581604806,0.8880000000000001,0.8859999999999999,0.044000000000000004,0.06696267617113282
Hostility,6,SVM-rbf,"f12,f8,f9,f2,f14,f7",0.905,0.026172504656604787,0.9048026881175731,0.026234608738989532,0.8959999999999999,0.9139999999999999,0.04715930449020638,0.04983974317750844
Hostility,6,RandomForest,"f12,f8,f9,f2,f14,f7",0.885,0.029410882339705492,0.8847206946175425,0.029450533517294774,0.8760000000000001,0.8940000000000001,0.04079215610874229,0.0645290632196067
Hostility,6,KNN,"f12,f8,f9,f2,f14,f7",0.891,0.02385372088375315,0.8907553449766945,0.024043160458663206,0.9039999999999999,0.8779999999999999,0.03322649545167229,0.05546169849544819
Hostility,6,NaiveBayes,"f12,f8,f9,f2,f14,f7",0.8879999999999999,0.023151673805580447,0.887820309653609,0.023315705833836017,0.8779999999999999,0.898,0.0351567916624939,0.045122056690713896
Hostility,6,DecisionTree,"f12,f8,f9,f2,f14,f7",0.8380000000000001,0.03627671429443411,0.8374233423825019,0.03648013533156281,0.836,0.8400000000000001,0.04963869458396341,0.07536577472566708
Hostility,6,XGBoost,"f12,f8,f9,f2,f14,f7",0.8920000000000001,0.034292856398964504,0.8917873999369099,0.03435145461682777,0.892,0.892,0.041182520563948,0.06273754856543248
Hostility,7,LogReg,"f12,f8,f9,f2,f14,f7,f4",0.917,0.010999999999999987,0.9169205813454535,0.010961952308448175,0.906,0.9280000000000002,0.023748684174075826,0.037094473981982796
Hostility,7,SVM-linear,"f12,f8,f9,f2,f14,f7,f4",0.9129999999999999,0.01552417469626002,0.9129008163156136,0.01550242005606592,0.9000000000000001,0.9260000000000002,0.02966479394838264,0.039038442591886255
Hostility,7,SVM-rbf,"f12,f8,f9,f2,f14,f7,f4",0.938,0.008717797887081314,0.9379146574636404,0.00874666511865095,0.93,0.9460000000000001,0.036055512754639876,0.03469870314579493
Hostility,7,RandomForest,"f12,f8,f9,f2,f14,f7,f4",0.9099999999999999,0.0167332005306815,0.9098989370546748,0.016725646452794517,0.908,0.9120000000000001,0.031240998703626604,0.04118252056394799
Hostility,7,KNN,"f12,f8,f9,f2,f14,f7,f4",0.9099999999999999,0.01732050807568879,0.9097211882616731,0.017778056163450177,0.916,0.9039999999999999,0.041761226035642196,0.05499090833947007
Hostility,7,NaiveBayes,"f12,f8,f9,f2,f14,f7,f4",0.89,0.024494897427831775,0.8898582683201288,0.02460192178413566,0.8779999999999999,0.9019999999999999,0.0351567916624939,0.04044749683231335
Hostility,7,DecisionTree,"f12,f8,f9,f2,f14,f7,f4",0.8630000000000001,0.03377869150810908,0.8627553209970193,0.03388233860917804,0.852,0.874,0.04749736834815167,0.05141984052872976
Hostility,7,XGBoost,"f12,f8,f9,f2,f14,f7,f4",0.93,0.01843908891458575,0.9298912008835265,0.018495577908769177,0.9259999999999999,0.9339999999999998,0.04476605857119878,0.03469870314579493
Hostility,8,LogReg,"f12,f8,f9,f2,f14,f7,f4,f6",0.9269999999999999,0.016763054614240186,0.9269008164611996,0.0167774895345308,0.9279999999999999,0.9260000000000002,0.027129319932501048,0.04903060268852505
Hostility,8,SVM-linear,"f12,f8,f9,f2,f14,f7,f4,f6",0.9279999999999999,0.017204650534085222,0.9279100205085566,0.017235359271833936,0.93,0.9260000000000002,0.02569046515733023,0.046518813398452014
Hostility,8,SVM-rbf,"f12,f8,f9,f2,f14,f7,f4,f6",0.9469999999999998,0.010999999999999977,0.9469501326359675,0.011020792263250034,0.9560000000000001,0.9380000000000001,0.02939387691339812,0.03026549190084309
Hostility,8,RandomForest,"f12,f8,f9,f2,f14,f7,f4,f6",0.9349999999999999,0.009219544457292847,0.9349458335006116,0.009201962208755314,0.9339999999999999,0.9359999999999999,0.0269072480941474,0.03322649545167228
Hostility,8,KNN,"f12,f8,f9,f2,f14,f7,f4,f6",0.942,0.013999999999999969,0.9419507749763962,0.014005108924214362,0.9540000000000001,0.9299999999999999,0.031048349392520033,0.027202941017470866
Hostility,8,NaiveBayes,"f12,f8,f9,f2,f14,f7,f4,f6",0.8900000000000002,0.017320508075688787,0.8897804000869247,0.017374501527528948,0.876,0.9039999999999999,0.036660605559646724,0.04799999999999998
Hostility,8,DecisionTree,"f12,f8,f9,f2,f14,f7,f4,f6",0.8880000000000001,0.025612496949731417,0.8878397425975194,0.025591907494705638,0.8879999999999999,0.8880000000000001,0.03919183588453085,0.049152822909778016
Hostility,8,XGBoost,"f12,f8,f9,f2,f14,f7,f4,f6",0.945,0.014999999999999968,0.9449632837732519,0.015022626458167838,0.95,0.9400000000000002,0.016124515496597092,0.03577708763999662
Hostility,9,LogReg,"f12,f8,f9,f2,f14,f7,f4,f6,f10",0.9259999999999999,0.0162480768092719,0.925902617970501,0.016258892341865058,0.9279999999999999,0.924,0.027129319932501048,0.047999999999999994
Hostility,9,SVM-linear,"f12,f8,f9,f2,f14,f7,f4,f6,f10",0.9259999999999999,0.016852299546352686,0.9259142354712548,0.0168789966584398,0.9299999999999999,0.9219999999999999,0.02569046515733023,0.04422668877499195
Hostility,9,SVM-rbf,"f12,f8,f9,f2,f14,f7,f4,f6,f10",0.9499999999999998,0.011832159566199206,0.9499646111028248,0.0118301564850408,0.96,0.9399999999999998,0.03098386676965932,0.02366431913239844
Hostility,9,RandomForest,"f12,f8,f9,f2,f14,f7,f4,f6,f10",0.931,0.016999999999999973,0.9309229338449315,0.017040667911387218,0.9339999999999999,0.9280000000000002,0.0269072480941474,0.04118252056394799
Hostility,9,KNN,"f12,f8,f9,f2,f14,f7,f4,f6,f10",0.9339999999999999,0.01019803902718553,0.9339149183292011,0.010219611296838705,0.954,0.914,0.028354893757515653,0.031048349392520037
Hostility,9,NaiveBayes,"f12,f8,f9,f2,f14,f7,f4,f6,f10",0.8920000000000001,0.016613247725836167,0.8917844312005752,0.016684312187530453,0.876,0.9080000000000001,0.036660605559646724,0.04578209256903837
Hostility,9,DecisionTree,"f12,f8,f9,f2,f14,f7,f4,f6,f10",0.882,0.025612496949731417,0.881723994392042,0.02581398662107529,0.8800000000000001,0.884,0.035777087639996645,0.06053098380168622
Hostility,9,XGBoost,"f12,f8,f9,f2,f14,f7,f4,f6,f10",0.9479999999999998,0.013266499161421596,0.9479465420227802,0.01329398070400278,0.9519999999999997,0.9440000000000002,0.02712931993250106,0.03666060555964671
Hostility,10,LogReg,"f12,f8,f9,f2,f14,f7,f4,f6,f10,f3",0.933,0.018999999999999972,0.9329183386796054,0.01906782385610065,0.938,0.9280000000000002,0.025999999999999978,0.04399999999999999
Hostility,10,SVM-linear,"f12,f8,f9,f2,f14,f7,f4,f6,f10,f3",0.9390000000000001,0.01972308292331599,0.938932665742039,0.019762186647532768,0.9499999999999998,0.9279999999999999,0.022360679774997887,0.04308131845707602
Hostility,10,SVM-rbf,"f12,f8,f9,f2,f14,f7,f4,f6,f10,f3",0.9559999999999998,0.01428285685708569,0.9559506521281076,0.014302970604074277,0.9719999999999999,0.9400000000000001,0.028565713714171402,0.03224903099319418
Hostility,10,RandomForest,"f12,f8,f9,f2,f14,f7,f4,f6,f10,f3",0.9299999999999999,0.02190890230020663,0.9299298087631518,0.0219030198213943,0.9339999999999999,0.9260000000000002,0.03231098884280701,0.042941821107167766
Hostility,10,KNN,"f12,f8,f9,f2,f14,f7,f4,f6,f10,f3",0.9440000000000002,0.013564659966250506,0.9439454446508538,0.01358090761763873,0.9579999999999999,0.93,0.032802438933713436,0.025690465157330228
Hostility,10,NaiveBayes,"f12,f8,f9,f2,f14,f7,f4,f6,f10,f3",0.8910000000000002,0.01757839583124696,0.8907888114209592,0.017666167792314776,0.8720000000000001,0.9100000000000001,0.03249615361854385,0.045825756949558386
Hostility,10,DecisionTree,"f12,f8,f9,f2,f14,f7,f4,f6,f10,f3",0.884,0.01685229954635273,0.8838548340095838,0.016821062997320675,0.876,0.892,0.03200000000000001,0.04214261501141097
Hostility,10,XGBoost,"f12,f8,f9,f2,f14,f7,f4,f6,f10,f3",0.9550000000000001,0.014999999999999987,0.9549717353073028,0.015017570608631636,0.966,0.9440000000000002,0.015620499351813323,0.03199999999999998
Hostility,11,LogReg,"f12,f8,f9,f2,f14,f7,f4,f6,f10,f3,f13",0.938,0.018330302779823327,0.9379530134596635,0.018330678925004566,0.944,0.932,0.026532998322843185,0.037094473981982796
Hostility,11,SVM-linear,"f12,f8,f9,f2,f14,f7,f4,f6,f10,f3,f13",0.944,0.019078784028338888,0.9439385429184066,0.019091514671662497,0.9579999999999999,0.93,0.027495454169735034,0.039242833740697154
Hostility,11,SVM-rbf,"f12,f8,f9,f2,f14,f7,f4,f6,f10,f3,f13",0.9700000000000001,0.007745966692414842,0.9699871737952259,0.007750320295250724,0.976,0.9640000000000001,0.021540659228538032,0.01959591794226544
Hostility,11,RandomForest,"f12,f8,f9,f2,f14,f7,f4,f6,f10,f3,f13",0.945,0.01857417562100669,0.9449433956869662,0.018599817213394036,0.952,0.938,0.03249615361854383,0.03627671429443409
Hostility,11,KNN,"f12,f8,f9,f2,f14,f7,f4,f6,f10,f3,f13",0.9629999999999999,0.017916472867168937,0.9629743807525106,0.01792445187475584,0.976,0.9499999999999998,0.0265329983228432,0.028635642126552695
Hostility,11,NaiveBayes,"f12,f8,f9,f2,f14,f7,f4,f6,f10,f3,f13",0.8879999999999999,0.015362291495737231,0.8878170591276604,0.015406857759249763,0.8720000000000001,0.9039999999999999,0.028565713714171402,0.044542114902640165
Hostility,11,DecisionTree,"f12,f8,f9,f2,f14,f7,f4,f6,f10,f3,f13",0.8969999999999999,0.03348133808556643,0.8968591984478929,0.033458186597651575,0.8880000000000001,0.906,0.02856571371417141,0.06452906321960672
Hostility,11,XGBoost,"f12,f8,f9,f2,f14,f7,f4,f6,f10,f3,f13",0.96,0.014832396974191317,0.9599607931265661,0.014883904559568034,0.9640000000000001,0.9559999999999998,0.019595917942265416,0.03666060555964671
Hostility,12,LogReg,"f12,f8,f9,f2,f14,f7,f4,f6,f10,f3,f13,f17",0.9349999999999999,0.0168819430161341,0.9349400078621788,0.01687608693068072,0.9380000000000001,0.932,0.03155946767611898,0.037094473981982796
Hostility,12,SVM-linear,"f12,f8,f9,f2,f14,f7,f4,f6,f10,f3,f13,f17",0.942,0.019899748742132368,0.9419468863566092,0.019906809071132788,0.952,0.932,0.02561249694973139,0.041182520563947986
Hostility,12,SVM-rbf,"f12,f8,f9,f2,f14,f7,f4,f6,f10,f3,f13,f17",0.9710000000000001,0.011357816691600556,0.9709791502742323,0.011384953756270298,0.982,0.9600000000000002,0.014000000000000012,0.028284271247461905
Hostility,12,RandomForest,"f12,f8,f9,f2,f14,f7,f4,f6,f10,f3,f13,f17",0.9460000000000001,0.022449944320643626,0.9459720250377744,0.022459939464809186,0.95,0.942,0.02569046515733024,0.03515679166249388
Hostility,12,KNN,"f12,f8,f9,f2,f14,f7,f4,f6,f10,f3,f13,f17",0.9610000000000001,0.012206555615733713,0.9609571059034014,0.012228203849770265,0.982,0.9399999999999998,0.022715633383201084,0.028284271247461888
Hostility,12,NaiveBayes,"f12,f8,f9,f2,f14,f7,f4,f6,f10,f3,f13,f17",0.8969999999999999,0.023259406699226014,0.8968492659114105,0.0233060602063248,0.89,0.9039999999999999,0.03,0.05122499389946278
Hostility,12,DecisionTree,"f12,f8,f9,f2,f14,f7,f4,f6,f10,f3,f13,f17",0.898,0.021354156504062617,0.8978525914954336,0.021372057374881088,0.898,0.898,0.034,0.048538644398046386
Hostility,12,XGBoost,"f12,f8,f9,f2,f14,f7,f4,f6,f10,f3,f13,f17",0.9560000000000001,0.009165151389911688,0.9559472303389434,0.009221792993915044,0.9620000000000001,0.95,0.028913664589601904,0.03376388603226825
Hostility,13,LogReg,"f12,f8,f9,f2,f14,f7,f4,f6,f10,f3,f13,f17,f11",0.9390000000000001,0.016999999999999963,0.9389530704052553,0.01700605081296553,0.946,0.932,0.02374868417407582,0.037094473981982796
Hostility,13,SVM-linear,"f12,f8,f9,f2,f14,f7,f4,f6,f10,f3,f13,f17,f11",0.946,0.020099751242241753,0.9459617636944891,0.020116174124362268,0.9579999999999999,0.9339999999999999,0.020880613017821098,0.03583294573433781
Hostility,13,SVM-rbf,"f12,f8,f9,f2,f14,f7,f4,f6,f10,f3,f13,f17,f11",0.9690000000000001,0.009433981132056613,0.9689855608296494,0.009442248751529256,0.9739999999999999,0.9640000000000001,0.02200000000000002,0.02154065922853801
Hostility,13,RandomForest,"f12,f8,f9,f2,f14,f7,f4,f6,f10,f3,f13,f17,f11",0.945,0.013601470508735423,0.9449427942209585,0.013618510477688354,0.95,0.9400000000000002,0.03376388603226825,0.03224903099319418
Hostility,13,KNN,"f12,f8,f9,f2,f14,f7,f4,f6,f10,f3,f13,f17,f11",0.959,0.012206555615733713,0.9589607207201534,0.0122307364922725,0.9719999999999999,0.946,0.027129319932501065,0.028354893757515636
Hostility,13,NaiveBayes,"f12,f8,f9,f2,f14,f7,f4,f6,f10,f3,f13,f17,f11",0.8969999999999999,0.025709920264364867,0.8968514575113062,0.0257623019503713,0.89,0.9039999999999999,0.032557641192199414,0.05122499389946278
Hostility,13,DecisionTree,"f12,f8,f9,f2,f14,f7,f4,f6,f10,f3,f13,f17,f11",0.897,0.023685438564654042,0.8968456084697705,0.023778787995612404,0.9000000000000001,0.8939999999999999,0.020000000000000018,0.05660388679233961
Hostility,13,XGBoost,"f12,f8,f9,f2,f14,f7,f4,f6,f10,f3,f13,f17,f11",0.959,0.013747727084867533,0.9589586489603361,0.013795063709257965,0.968,0.95,0.018330302779823376,0.036055512754639876
Hostility,14,LogReg,"f12,f8,f9,f2,f14,f7,f4,f6,f10,f3,f13,f17,f11,f16",0.9390000000000001,0.016999999999999963,0.9389530704052553,0.01700605081296553,0.946,0.932,0.02374868417407582,0.037094473981982796
Hostility,14,SVM-linear,"f12,f8,f9,f2,f14,f7,f4,f6,f10,f3,f13,f17,f11,f16",0.9439999999999997,0.019595917942265395,0.9439517678978266,0.019619336919108003,0.9559999999999998,0.932,0.021540659228538015,0.038157568056677804
Hostility,14,SVM-rbf,"f12,f8,f9,f2,f14,f7,f4,f6,f10,f3,f13,f17,f11,f16",0.97,0.008944271909999166,0.9699888634180439,0.008943629873922528,0.9759999999999998,0.9640000000000001,0.023323807579381222,0.017435595774162708
Hostility,14,RandomForest,"f12,f8,f9,f2,f14,f7,f4,f6,f10,f3,f13,f17,f11,f16",0.953,0.025317977802344304,0.9529533240628748,0.025352830135045197,0.958,0.9480000000000001,0.030265491900843117,0.04214261501141094
Hostility,14,KNN,"f12,f8,f9,f2,f14,f7,f4,f6,f10,f3,f13,f17,f11,f16",0.9650000000000001,0.0206155281280883,0.9649488588317938,0.02066088472664116,0.978,0.952,0.03515679166249389,0.034871191548325374
Hostility,14,NaiveBayes,"f12,f8,f9,f2,f14,f7,f4,f6,f10,f3,f13,f17,f11,f16",0.9029999999999999,0.022825424421026655,0.9028523188641792,0.022888505091590784,0.9,0.9059999999999999,0.02966479394838264,0.05219195340279956
Hostility,14,DecisionTree,"f12,f8,f9,f2,f14,f7,f4,f6,f10,f3,f13,f17,f11,f16",0.8870000000000001,0.0260959767013998,0.8868258101708875,0.026213422328709015,0.8880000000000001,0.8859999999999999,0.039191835884530846,0.04737087712930803
Hostility,14,XGBoost,"f12,f8,f9,f2,f14,f7,f4,f6,f10,f3,f13,f17,f11,f16",0.96,0.013416407864998751,0.9599438447249392,0.013472809170101742,0.9640000000000001,0.9559999999999998,0.03322649545167229,0.03555277766926235
Hostility,15,LogReg,"f12,f8,f9,f2,f14,f7,f4,f6,f10,f3,f13,f17,f11,f16,f1",0.9390000000000001,0.016999999999999963,0.9389530704052553,0.01700605081296553,0.946,0.932,0.02374868417407582,0.037094473981982796
Hostility,15,SVM-linear,"f12,f8,f9,f2,f14,f7,f4,f6,f10,f3,f13,f17,f11,f16,f1",0.9439999999999997,0.019595917942265395,0.9439517678978266,0.019619336919108003,0.9559999999999998,0.932,0.021540659228538015,0.038157568056677804
Hostility,15,SVM-rbf,"f12,f8,f9,f2,f14,f7,f4,f6,f10,f3,f13,f17,f11,f16,f1",0.97,0.008944271909999166,0.9699888634180439,0.008943629873922528,0.9759999999999998,0.9640000000000001,0.023323807579381222,0.017435595774162708
Hostility,15,RandomForest,"f12,f8,f9,f2,f14,f7,f4,f6,f10,f3,f13,f17,f11,f16,f1",0.9490000000000001,0.024269322199023183,0.9489286153152783,0.02431263543389696,0.95,0.9480000000000001,0.03714835124201342,0.04308131845707602
Hostility,15,KNN,"f12,f8,f9,f2,f14,f7,f4,f6,f10,f3,f13,f17,f11,f16,f1",0.9620000000000001,0.023151673805580437,0.9619526088008239,0.023190374036488392,0.974,0.95,0.031048349392520047,0.039242833740697154
Hostility,15,NaiveBayes,"f12,f8,f9,f2,f14,f7,f4,f6,f10,f3,f13,f17,f11,f16,f1",0.9019999999999999,0.01777638883463117,0.9018493037271957,0.017827728769172414,0.898,0.9059999999999999,0.028913664589601925,0.04903060268852505
Hostility,15,DecisionTree,"f12,f8,f9,f2,f14,f7,f4,f6,f10,f3,f13,f17,f11,f16,f1",0.8870000000000001,0.032878564445547216,0.8868242921037177,0.03294296990190822,0.892,0.882,0.03709447398198283,0.057584720195551865
Hostility,15,XGBoost,"f12,f8,f9,f2,f14,f7,f4,f6,f10,f3,f13,f17,f11,f16,f1",0.96,0.015491933384829681,0.9599552973121648,0.015530395605101156,0.968,0.952,0.02856571371417141,0.03487119154832538
Hostility,16,LogReg,"f12,f8,f9,f2,f14,f7,f4,f6,f10,f3,f13,f17,f11,f16,f1,f15",0.938,0.01720465053408522,0.9379488439281018,0.017211350738762773,0.944,0.932,0.026532998322843185,0.037094473981982796
Hostility,16,SVM-linear,"f12,f8,f9,f2,f14,f7,f4,f6,f10,f3,f13,f17,f11,f16,f1,f15",0.9470000000000001,0.022383029285599366,0.9469684253517977,0.022390479754056197,0.9579999999999999,0.9359999999999999,0.025999999999999992,0.034409301068170486
Hostility,16,SVM-rbf,"f12,f8,f9,f2,f14,f7,f4,f6,f10,f3,f13,f17,f11,f16,f1,f15",0.9689999999999998,0.009433981132056611,0.9689849717119035,0.009438870756225978,0.9759999999999998,0.9620000000000001,0.023323807579381222,0.020880613017821098
Hostility,16,RandomForest,"f12,f8,f9,f2,f14,f7,f4,f6,f10,f3,f13,f17,f11,f16,f1,f15",0.953,0.0179164728671689,0.9529560494120297,0.0179332894811152,0.9620000000000001,0.9440000000000002,0.03155946767611899,0.03322649545167229
Hostility,16,KNN,"f12,f8,f9,f2,f14,f7,f4,f6,f10,f3,f13,f17,f11,f16,f1,f15",0.9650000000000001,0.018574175621006706,0.9649522966764728,0.01861755680274391,0.9800000000000001,0.95,0.026832815729997475,0.037148351242013405
Hostility,16,NaiveBayes,"f12,f8,f9,f2,f14,f7,f4,f6,f10,f3,f13,f17,f11,f16,f1,f15",0.898,0.01720465053408527,0.8978256681328333,0.017267874901980805,0.8960000000000001,0.9,0.03878143885933064,0.04472135954999581
Hostility,16,DecisionTree,"f12,f8,f9,f2,f14,f7,f4,f6,f10,f3,f13,f17,f11,f16,f1,f15",0.884,0.022891046284519215,0.8838422253608856,0.02295535459544588,0.882,0.8860000000000001,0.03155946767611903,0.048207883172775794
Hostility,16,XGBoost,"f12,f8,f9,f2,f14,f7,f4,f6,f10,f3,f13,f17,f11,f16,f1,f15",0.959,0.012206555615733715,0.9589615853680125,0.012228058213286666,0.9600000000000002,0.958,0.03346640106136302,0.027495454169735024
Hostility,17,LogReg,"f12,f8,f9,f2,f14,f7,f4,f6,f10,f3,f13,f17,f11,f16,f1,f15,f5",0.9389999999999998,0.015132745950421519,0.9389725053429319,0.015125931903515168,0.938,0.9399999999999998,0.02088061301782107,0.03098386676965931
Hostility,17,SVM-linear,"f12,f8,f9,f2,f14,f7,f4,f6,f10,f3,f13,f17,f11,f16,f1,f15,f5",0.944,0.020591260281973976,0.9439728078672245,0.020593319111847842,0.9480000000000001,0.9400000000000001,0.022271057451320065,0.03577708763999662
Hostility,17,SVM-rbf,"f12,f8,f9,f2,f14,f7,f4,f6,f10,f3,f13,f17,f11,f16,f1,f15,f5",0.9810000000000001,0.012206555615733713,0.9809943716290259,0.012208145211856335,0.986,0.9760000000000002,0.0200997512422418,0.01959591794226544
Hostility,17,RandomForest,"f12,f8,f9,f2,f14,f7,f4,f6,f10,f3,f13,f17,f11,f16,f1,f15,f5",0.96,0.015491933384829681,0.9599665346474632,0.0155097470053754,0.966,0.954,0.02835489375751564,0.03104834939252003
Hostility,17,KNN,"f12,f8,f9,f2,f14,f7,f4,f6,f10,f3,f13,f17,f11,f16,f1,f15,f5",0.967,0.01552417469626004,0.9669890083961263,0.015532069047819326,0.9719999999999999,0.9620000000000001,0.023999999999999997,0.020880613017821095
Hostility,17,NaiveBayes,"f12,f8,f9,f2,f14,f7,f4,f6,f10,f3,f13,f17,f11,f16,f1,f15,f5",0.9029999999999999,0.021,0.9028204220621069,0.021159924074633796,0.9019999999999999,0.9039999999999999,0.030265491900843114,0.05276362383309167
Hostility,17,DecisionTree,"f12,f8,f9,f2,f14,f7,f4,f6,f10,f3,f13,f17,f11,f16,f1,f15,f5",0.897,0.02758622844826745,0.8967712147492202,0.02770467490423155,0.9099999999999999,0.884,0.03376388603226825,0.06118823416311342
Hostility,17,XGBoost,"f12,f8,f9,f2,f14,f7,f4,f6,f10,f3,f13,f17,f11,f16,f1,f15,f5",0.9650000000000001,0.01284523257866514,0.9649620882173722,0.012876843810299975,0.97,0.9600000000000002,0.028635642126552712,0.03346640106136301
Hostility,18,LogReg,"f12,f8,f9,f2,f14,f7,f4,f6,f10,f3,f13,f17,f11,f16,f1,f15,f5,f0",0.9710000000000001,0.016401219466856715,0.9709939101408098,0.016401811703496944,0.97,0.9720000000000001,0.022360679774997894,0.022271057451320107
Hostility,18,SVM-linear,"f12,f8,f9,f2,f14,f7,f4,f6,f10,f3,f13,f17,f11,f16,f1,f15,f5,f0",0.9690000000000001,0.014456832294800973,0.9689801156738642,0.014480358184785236,0.96,0.978,0.028284271247461888,0.018867962264113223
Hostility,18,SVM-rbf,"f12,f8,f9,f2,f14,f7,f4,f6,f10,f3,f13,f17,f11,f16,f1,f15,f5,f0",0.986,0.008000000000000007,0.9859981646396676,0.008001124526340515,0.982,0.99,0.014000000000000012,0.010000000000000009
Hostility,18,RandomForest,"f12,f8,f9,f2,f14,f7,f4,f6,f10,f3,f13,f17,f11,f16,f1,f15,f5,f0",0.958,0.01939071942966531,0.9579655208763391,0.01942088993347484,0.9620000000000001,0.954,0.02749545416973503,0.03469870314579493
Hostility,18,KNN,"f12,f8,f9,f2,f14,f7,f4,f6,f10,f3,f13,f17,f11,f16,f1,f15,f5,f0",0.9720000000000001,0.015362291495737231,0.971988280976554,0.01537418649728062,0.9800000000000001,0.9640000000000001,0.012649110640673528,0.027999999999999987
Hostility,18,NaiveBayes,"f12,f8,f9,f2,f14,f7,f4,f6,f10,f3,f13,f17,f11,f16,f1,f15,f5,f0",0.907,0.016155494421403526,0.9068233323462621,0.01629357832832914,0.9099999999999999,0.9039999999999999,0.03492849839314595,0.04799999999999998
Hostility,18,DecisionTree,"f12,f8,f9,f2,f14,f7,f4,f6,f10,f3,f13,f17,f11,f16,f1,f15,f5,f0",0.898,0.029257477676655586,0.897881955848524,0.02925757843230445,0.9000000000000001,0.8960000000000001,0.0322490309931942,0.05351635264103861
Hostility,18,XGBoost,"f12,f8,f9,f2,f14,f7,f4,f6,f10,f3,f13,f17,f11,f16,f1,f15,f5,f0",0.968,0.014696938456699081,0.967988549837288,0.014702173292905914,0.968,0.968,0.024000000000000025,0.022271057451320082
N1,1,LogReg,f12,0.756,0.025768197453450273,0.7550059829061565,0.02580549860611471,0.766,0.746,0.06755738301621815,0.05219195340279955
N1,1,SVM-linear,f12,0.751,0.02879236009777596,0.7500693840928706,0.028521349714563028,0.77,0.732,0.06465291950097846,0.05153639490690049
N1,1,SVM-rbf,f12,0.75,0.03255764119219944,0.748901824728463,0.03240300761720096,0.772,0.728,0.07110555533852471,0.05381449618829483
N1,1,RandomForest,f12,0.6699999999999999,0.046475800154488996,0.6678635921457231,0.04711892595956491,0.682,0.658,0.07922120928135344,0.07717512552629896
N1,1,KNN,f12,0.711,0.03477067730142741,0.709568471922124,0.03507314934483922,0.71,0.712,0.073348483283569,0.06209669878504008
N1,1,NaiveBayes,f12,0.7529999999999999,0.02865309756378883,0.7520393506312486,0.028392591292964224,0.782,0.724,0.06095900261651269,0.04882622246293479
N1,1,DecisionTree,f12,0.6699999999999999,0.046475800154488996,0.6678635921457231,0.04711892595956491,0.682,0.658,0.07922120928135344,0.07717512552629896
N1,1,XGBoost,f12,0.709,0.0350570962859162,0.7076236362063113,0.035448982671245834,0.738,0.6799999999999999,0.06477653896280659,0.05513619500836089
N1,2,LogReg,"f12,f8",0.8039999999999999,0.03638681079732049,0.803313635873538,0.03706546695015001,0.812,0.796,0.05075431016179806,0.06740919818541087
N1,2,SVM-linear,"f12,f8",0.817,0.03606937759374285,0.816581259459868,0.036472203823131086,0.8320000000000001,0.8019999999999999,0.042142615011410964,0.05827520913733387
N1,2,SVM-rbf,"f12,f8",0.798,0.025999999999999985,0.7970235305390161,0.02662539577155516,0.8220000000000001,0.774,0.05015974481593781,0.06873136110975832
N1,2,RandomForest,"f12,f8",0.7790000000000001,0.03477067730142742,0.778350165134227,0.034874990075772536,0.8000000000000002,0.7580000000000001,0.046475800154488996,0.06225752966509351
N1,2,KNN,"f12,f8",0.7910000000000001,0.024677925358506127,0.7905847969329913,0.024857381012981492,0.818,0.764,0.03515679166249387,0.03878143885933065
N1,2,NaiveBayes,"f12,f8",0.7380000000000001,0.03600000000000003,0.7366500970025246,0.03583335573893634,0.78,0.696,0.06324555320336757,0.05425863986500215
N1,2,DecisionTree,"f12,f8",0.733,0.03257299494980469,0.7316791879631448,0.0335450463358052,0.72,0.746,0.0651152823843988,0.06327716807822549
N1,2,XGBoost,"f12,f8",0.764,0.028354893757515674,0.7628616685476202,0.02815973111245956,0.78,0.748,0.060000000000000005,0.07110555533852471
N1,3,LogReg,"f12,f8,f2",0.8109999999999999,0.02773084924772408,0.8106195652079888,0.028052185802985907,0.8160000000000001,0.806,0.041761226035642196,0.05063595560468866
N1,3,SVM-linear,"f12,f8,f2",0.8130000000000001,0.03287856444554718,0.8124911609328495,0.033318612259164146,0.828,0.7979999999999999,0.045782092569038396,0.05758472019555186
N1,3,SVM-rbf,"f12,f8,f2",0.8160000000000001,0.030066592756745805,0.8154796079778647,0.03057385056807014,0.834,0.798,0.045650848842053324,0.053999999999999986
N1,3,RandomForest,"f12,f8,f2",0.796,0.02107130750570546,0.7952966793788201,0.021670812183187473,0.812,0.78,0.03599999999999999,0.06324555320336757
N1,3,KNN,"f12,f8,f2",0.7939999999999999,0.022891046284519198,0.7934035762253737,0.02359162353412721,0.8140000000000001,0.774,0.031048349392520026,0.056603886792339596
N1,3,NaiveBayes,"f12,f8,f2",0.795,0.030083217912982636,0.7941366122055105,0.030589230235926374,0.8160000000000001,0.774,0.04882622246293481,0.06814690014960327
N1,3,DecisionTree,"f12,f8,f2",0.764,0.03800000000000002,0.7638272500198872,0.03794748738132307,0.752,0.776,0.01833030277982338,0.05919459434779496
N1,3,XGBoost,"f12,f8,f2",0.783,0.0374299345444258,0.7822826408496178,0.037831390116561246,0.784,0.782,0.06740919818541086,0.05399999999999999
N1,4,LogReg,"f12,f8,f2,f9",0.869,0.023000000000000024,0.8687351224005395,0.022958636012542537,0.8619999999999999,0.876,0.039446165846632034,0.05642694391866353
N1,4,SVM-linear,"f12,f8,f2,f9",0.8699999999999999,0.024899799195977488,0.8697964730297432,0.024844235116914623,0.858,0.8819999999999999,0.037363083384538795,0.050950956811427986
N1,4,SVM-rbf,"f12,f8,f2,f9",0.883,0.02193171219946133,0.8827917509469753,0.02192535672341384,0.858,0.9080000000000001,0.037363083384538795,0.04019950248448355
N1,4,RandomForest,"f12,f8,f2,f9",0.875,0.021095023109729005,0.874736375694248,0.02095060464146621,0.866,0.884,0.04103656905736639,0.057131427428342776
N1,4,KNN,"f12,f8,f2,f9",0.8639999999999999,0.022891046284519184,0.8637681326560689,0.02288391952962158,0.8640000000000001,0.8640000000000001,0.04079215610874227,0.048826222462934804
N1,4,NaiveBayes,"f12,f8,f2,f9",0.873,0.020024984394500806,0.8727664963880647,0.020018322871106477,0.858,0.8879999999999999,0.03026549190084311,0.05230678732248808
N1,4,DecisionTree,"f12,f8,f2,f9",0.8099999999999999,0.03768288736283353,0.8092350128620047,0.03784322422231823,0.796,0.8240000000000001,0.059866518188383074,0.07255342858886822
N1,4,XGBoost,"f12,f8,f2,f9",0.858,0.023151673805580444,0.8577121123576459,0.02299232414506446,0.842,0.874,0.0384187454245971,0.05444263035526477
N1,5,LogReg,"f12,f8,f2,f9,f7",0.8889999999999999,0.032388269481403296,0.8887017438348919,0.032548955181539094,0.892,0.8859999999999999,0.04749736834815167,0.06390618123468182
N1,5,SVM-linear,"f12,f8,f2,f9,f7",0.8859999999999999,0.03292415526630865,0.8856532891299779,0.03319769967744228,0.8860000000000001,0.8859999999999999,0.046518813398452034,0.06696267617113282
N1,5,SVM-rbf,"f12,f8,f2,f9,f7",0.9030000000000001,0.023259406699226007,0.9027917937073425,0.023346900207128665,0.8939999999999999,0.9119999999999999,0.049030602688525056,0.044899888641287286
N1,5,RandomForest,"f12,f8,f2,f9,f7",0.8859999999999999,0.024979991993593593,0.8856939792609662,0.02502985463520435,0.884,0.8879999999999999,0.0454312667664022,0.061449165982948854
N1,5,KNN,"f12,f8,f2,f9,f7",0.8859999999999999,0.025768197453450273,0.8857955638230655,0.025873456666187674,0.9,0.8720000000000001,0.0322490309931942,0.05230678732248808
N1,5,NaiveBayes,"f12,f8,f2,f9,f7",0.8860000000000001,0.018547236990991423,0.8857808190810046,0.018607816759702966,0.8699999999999999,0.9020000000000001,0.02720294101747088,0.05325410782277738
N1,5,DecisionTree,"f12,f8,f2,f9,f7",0.8400000000000001,0.03974921382870357,0.8394541276313185,0.0401730414879534,0.836,0.844,0.04079215610874228,0.07939773296511682
N1,5,XGBoost,"f12,f8,f2,f9,f7",0.897,0.03226453160980335,0.8968329762096843,0.03225498289780611,0.892,0.9019999999999998,0.04308131845707604,0.05688585061331157
N1,6,LogReg,"f12,f8,f2,f9,f7,f14",0.8889999999999999,0.032388269481403296,0.8887017438348919,0.032548955181539094,0.892,0.8859999999999999,0.04749736834815167,0.06390618123468182
N1,6,SVM-linear,"f12,f8,f2,f9,f7,f14",0.8869999999999999,0.03318132004607412,0.8866740255611847,0.033452875581604806,0.8880000000000001,0.8859999999999999,0.044000000000000004,0.06696267617113282
N1,6,SVM-rbf,"f12,f8,f2,f9,f7,f14",0.905,0.026172504656604787,0.9048026881175731,0.026234608738989532,0.8959999999999999,0.9139999999999999,0.04715930449020638,0.04983974317750844
N1,6,RandomForest,"f12,f8,f2,f9,f7,f14",0.885,0.024186773244895644,0.8847577891030418,0.024209935159463618,0.8819999999999999,0.8879999999999999,0.04044749683231338,0.05670978751503129
N1,6,KNN,"f12,f8,f2,f9,f7,f14",0.891,0.02385372088375315,0.8907553449766945,0.024043160458663206,0.9039999999999999,0.8779999999999999,0.03322649545167229,0.05546169849544819
N1,6,NaiveBayes,"f12,f8,f2,f9,f7,f14",0.8879999999999999,0.023151673805580447,0.887820309653609,0.023315705833836017,0.8779999999999999,0.898,0.0351567916624939,0.045122056690713896
N1,6,DecisionTree,"f12,f8,f2,f9,f7,f14",0.835,0.03201562118716424,0.8344244841090344,0.03222331018941689,0.836,0.8340000000000002,0.04363484845854284,0.07485986908885163
N1,6,XGBoost,"f12,f8,f2,f9,f7,f14",0.8920000000000001,0.034292856398964504,0.8917873999369099,0.03435145461682777,0.892,0.892,0.041182520563948,0.06273754856543248
N1,7,LogReg,"f12,f8,f2,f9,f7,f14,f13",0.9129999999999999,0.026476404589747444,0.9129435730031661,0.026498043966620314,0.916,0.9099999999999998,0.03072458299147442,0.039242833740697154
N1,7,SVM-linear,"f12,f8,f2,f9,f7,f14,f13",0.9119999999999999,0.02749545416973503,0.9119308078089411,0.027525236279016294,0.9119999999999999,0.9120000000000001,0.0370944739819828,0.03815756805667782
N1,7,SVM-rbf,"f12,f8,f2,f9,f7,f14,f13",0.938,0.019390719429665287,0.9379159123034546,0.019456713647286114,0.9279999999999999,0.9480000000000001,0.04019950248448355,0.03249615361854383
N1,7,RandomForest,"f12,f8,f2,f9,f7,f14,f13",0.906,0.024166091947189126,0.9058978143017858,0.024189454060267672,0.9,0.9120000000000001,0.028284271247461905,0.047497368348151665
N1,7,KNN,"f12,f8,f2,f9,f7,f14,f13",0.923,0.023685438564654007,0.9228703630096359,0.02375874147782345,0.9339999999999999,0.9120000000000001,0.02835489375751563,0.053065996645686404
N1,7,NaiveBayes,"f12,f8,f2,f9,f7,f14,f13",0.889,0.018138357147217073,0.8888603106945718,0.018234970939749556,0.876,0.9019999999999999,0.028000000000000025,0.03944616584663201
N1,7,DecisionTree,"f12,f8,f2,f9,f7,f14,f13",0.8619999999999999,0.018867962264113223,0.8616109769611547,0.018766853164433116,0.8700000000000001,0.8540000000000001,0.051575187832910506,0.055172456896534876
N1,7,XGBoost,"f12,f8,f2,f9,f7,f14,f13",0.922,0.026381811916545827,0.921919832529186,0.026395923179179062,0.9179999999999999,0.9260000000000002,0.03155946767611899,0.048207883172775794
N1,8,LogReg,"f12,f8,f2,f9,f7,f14,f13,f15",0.9119999999999999,0.025612496949731393,0.9119393465260126,0.025630690824853274,0.914,0.9099999999999998,0.031048349392520033,0.039242833740697154
N1,8,SVM-linear,"f12,f8,f2,f9,f7,f14,f13,f15",0.916,0.025768197453450235,0.9159363498798097,0.025792715499235865,0.9199999999999999,0.9120000000000001,0.02828427124746188,0.04214261501141095
N1,8,SVM-rbf,"f12,f8,f2,f9,f7,f14,f13,f15",0.9390000000000001,0.01757839583124691,0.9389240559853012,0.0176378969824259,0.932,0.9460000000000001,0.03815756805667781,0.03231098884280701
N1,8,RandomForest,"f12,f8,f2,f9,f7,f14,f13,f15",0.908,0.023999999999999987,0.9079120026016854,0.02397902054665438,0.8979999999999999,0.9179999999999999,0.03627671429443412,0.03944616584663203
N1,8,KNN,"f12,f8,f2,f9,f7,f14,f13,f15",0.923,0.01676305461424019,0.922885981490617,0.016855418023736527,0.9359999999999999,0.9099999999999999,0.02799999999999998,0.04219004621945797
N1,8,NaiveBayes,"f12,f8,f2,f9,f7,f14,f13,f15",0.8880000000000001,0.021354156504062614,0.8878392139236564,0.021506905640492936,0.8799999999999999,0.8960000000000001,0.03098386676965934,0.044542114902640165
N1,8,DecisionTree,"f12,f8,f2,f9,f7,f14,f13,f15",0.865,0.024999999999999998,0.8647528730825116,0.025009533558063804,0.8739999999999999,0.8560000000000001,0.03583294573433784,0.054990908339470075
N1,8,XGBoost,"f12,f8,f2,f9,f7,f14,f13,f15",0.9149999999999998,0.023345235059857493,0.9149466467909523,0.0233297413646742,0.914,0.916,0.03352610922848041,0.035552777669262334
N1,9,LogReg,"f12,f8,f2,f9,f7,f14,f13,f15,f1",0.9139999999999999,0.02576819745345024,0.9139448090971092,0.025791471036609524,0.916,0.9120000000000001,0.03072458299147442,0.03815756805667782
N1,9,SVM-linear,"f12,f8,f2,f9,f7,f14,f13,f15,f1",0.9149999999999998,0.026925824035672504,0.9149420277093607,0.026943679594991932,0.9179999999999999,0.9120000000000001,0.028913664589601894,0.04214261501141095
N1,9,SVM-rbf,"f12,f8,f2,f9,f7,f14,f13,f15,f1",0.9410000000000001,0.016401219466856697,0.9409375772299736,0.01643499536268601,0.9359999999999999,0.9460000000000001,0.03199999999999997,0.035832945734337825
N1,9,RandomForest,"f12,f8,f2,f9,f7,f14,f13,f15,f1",0.9189999999999999,0.015132745950421538,0.9189125744170974,0.015143818845421786,0.9119999999999999,0.9260000000000002,0.028565713714171388,0.03903844259188626
N1,9,KNN,"f12,f8,f2,f9,f7,f14,f13,f15,f1",0.9190000000000002,0.021656407827707697,0.9188728521090874,0.021739866462452784,0.932,0.906,0.03249615361854382,0.04476605857119878
N1,9,NaiveBayes,"f12,f8,f2,f9,f7,f14,f13,f15,f1",0.8869999999999999,0.01951922129594315,0.8868330226649539,0.019666513499989872,0.876,0.898,0.026532998322843223,0.045999999999999985
N1,9,DecisionTree,"f12,f8,f2,f9,f7,f14,f13,f15,f1",0.86,0.02932575659723036,0.8596711220803955,0.029279356474291595,0.8640000000000001,0.8560000000000001,0.045431266766402204,0.062481997407253236
N1,9,XGBoost,"f12,f8,f2,f9,f7,f14,f13,f15,f1",0.917,0.02758622844826743,0.9169333193411244,0.027584207850261614,0.9120000000000001,0.922,0.039191835884530846,0.039446165846632034
N1,10,LogReg,"f12,f8,f2,f9,f7,f14,f13,f15,f1,f0",0.9209999999999999,0.022113344387495966,0.9209641801384819,0.022134449196640822,0.9199999999999999,0.9219999999999999,0.02828427124746188,0.0302654919008431
N1,10,SVM-linear,"f12,f8,f2,f9,f7,f14,f13,f15,f1,f0",0.9189999999999999,0.023430749027719952,0.9189679031489902,0.02345527677299721,0.9219999999999999,0.916,0.0289136645896019,0.02939387691339813
N1,10,SVM-rbf,"f12,f8,f2,f9,f7,f14,f13,f15,f1,f0",0.9460000000000001,0.019595917942265395,0.9459457992547703,0.019636180846165047,0.938,0.954,0.03280243893371343,0.033526109228480414
N1,10,RandomForest,"f12,f8,f2,f9,f7,f14,f13,f15,f1,f0",0.921,0.01868154169226938,0.9208761443952802,0.018724539969612528,0.9079999999999998,0.9339999999999999,0.03487119154832539,0.043863424398922615
N1,10,KNN,"f12,f8,f2,f9,f7,f14,f13,f15,f1,f0",0.9289999999999999,0.036455452267116356,0.928793243430745,0.036690301870122184,0.9460000000000001,0.9120000000000001,0.03231098884280702,0.06764613810115104
N1,10,NaiveBayes,"f12,f8,f2,f9,f7,f14,f13,f15,f1,f0",0.891,0.01757839583124696,0.8907951497411881,0.017760700170725403,0.8779999999999999,0.9039999999999999,0.03280243893371346,0.046303347611160874
N1,10,DecisionTree,"f12,f8,f2,f9,f7,f14,f13,f15,f1,f0",0.873,0.025709920264364902,0.8727329940667239,0.02586058008322919,0.8780000000000001,0.868,0.04142463035441595,0.0530659966456864
N1,10,XGBoost,"f12,f8,f2,f9,f7,f14,f13,f15,f1,f0",0.933,0.022383029285599366,0.93292432729529,0.022405208881004092,0.93,0.9359999999999999,0.03376388603226825,0.042708313008125234
N1,11,LogReg,"f12,f8,f2,f9,f7,f14,f13,f15,f1,f0,f4",0.942,0.014696938456699038,0.9419399002685396,0.014716570719432796,0.9400000000000001,0.944,0.03687817782917154,0.030724582991474406
N1,11,SVM-linear,"f12,f8,f2,f9,f7,f14,f13,f15,f1,f0,f4",0.944,0.016248076809271896,0.943948905929353,0.016281754247608367,0.942,0.9460000000000001,0.0373630833845388,0.02537715508089902
N1,11,SVM-rbf,"f12,f8,f2,f9,f7,f14,f13,f15,f1,f0,f4",0.9600000000000002,0.007745966692414841,0.959969126162239,0.007771610714637166,0.952,0.968,0.02856571371417139,0.022271057451320082
N1,11,RandomForest,"f12,f8,f2,f9,f7,f14,f13,f15,f1,f0,f4",0.9289999999999999,0.020712315177207948,0.928914133477187,0.020763603634835356,0.9279999999999999,0.93,0.031240998703626593,0.044045431091090485
N1,11,KNN,"f12,f8,f2,f9,f7,f14,f13,f15,f1,f0,f4",0.9430000000000002,0.020999999999999974,0.9428849745979914,0.02108826377254497,0.938,0.9480000000000001,0.04237924020083417,0.04578209256903838
N1,11,NaiveBayes,"f12,f8,f2,f9,f7,f14,f13,f15,f1,f0,f4",0.8920000000000001,0.018867962264113223,0.8917961388608717,0.019049623982156344,0.8779999999999999,0.906,0.03280243893371346,0.046518813398452014
N1,11,DecisionTree,"f12,f8,f2,f9,f7,f14,f13,f15,f1,f0,f4",0.875,0.034423828956117015,0.8748171792947226,0.034585027673546494,0.8619999999999999,0.8879999999999999,0.048538644398046386,0.044000000000000004
N1,11,XGBoost,"f12,f8,f2,f9,f7,f14,f13,f15,f1,f0,f4",0.9469999999999998,0.0161554944214035,0.9469049442028101,0.016254018584257228,0.9339999999999998,0.9600000000000002,0.04476605857119878,0.028284271247461888
N1,12,LogReg,"f12,f8,f2,f9,f7,f14,f13,f15,f1,f0,f4,f10",0.9399999999999998,0.014142135623730918,0.939937584593558,0.014167459998924511,0.9400000000000001,0.9400000000000001,0.03687817782917154,0.029664793948382628
N1,12,SVM-linear,"f12,f8,f2,f9,f7,f14,f13,f15,f1,f0,f4,f10",0.9410000000000001,0.019209372712298514,0.9409422276963367,0.019259529573333777,0.9399999999999998,0.9420000000000002,0.04098780306383838,0.024413111231467378
N1,12,SVM-rbf,"f12,f8,f2,f9,f7,f14,f13,f15,f1,f0,f4,f10",0.9610000000000001,0.011357816691600527,0.9609657381740414,0.01140742366374895,0.952,0.97,0.032496153618543834,0.018439088914585792
N1,12,RandomForest,"f12,f8,f2,f9,f7,f14,f13,f15,f1,f0,f4,f10",0.9289999999999999,0.02773084924772407,0.9289257916170872,0.027776840065770133,0.9239999999999998,0.9339999999999999,0.034409301068170486,0.04476605857119878
N1,12,KNN,"f12,f8,f2,f9,f7,f14,f13,f15,f1,f0,f4,f10",0.9380000000000001,0.021354156504062596,0.937925580664196,0.021385442412467072,0.9400000000000001,0.9359999999999999,0.03898717737923584,0.03878143885933062
N1,12,NaiveBayes,"f12,f8,f2,f9,f7,f14,f13,f15,f1,f0,f4,f10",0.891,0.020712315177207997,0.8908141341026408,0.02088244858800596,0.876,0.906,0.029393876913398165,0.046518813398452014
N1,12,DecisionTree,"f12,f8,f2,f9,f7,f14,f13,f15,f1,f0,f4,f10",0.876,0.034117444218463945,0.8759518158963445,0.034122570340195064,0.868,0.884,0.041182520563948,0.03440930106817052
N1,12,XGBoost,"f12,f8,f2,f9,f7,f14,f13,f15,f1,f0,f4,f10",0.95,0.017320508075688763,0.9499396015665724,0.017355439003764055,0.9480000000000001,0.952,0.03487119154832538,0.036
N1,13,LogReg,"f12,f8,f2,f9,f7,f14,f13,f15,f1,f0,f4,f10,f11",0.9389999999999998,0.014456832294800923,0.9389416817149063,0.014482369814024341,0.9380000000000001,0.9400000000000001,0.03515679166249388,0.029664793948382628
N1,13,SVM-linear,"f12,f8,f2,f9,f7,f14,f13,f15,f1,f0,f4,f10,f11",0.942,0.01886796226411318,0.9419549476014575,0.01889897625973369,0.942,0.9420000000000002,0.0373630833845388,0.024413111231467378
N1,13,SVM-rbf,"f12,f8,f2,f9,f7,f14,f13,f15,f1,f0,f4,f10,f11",0.9579999999999999,0.010770329614268988,0.9579641630619203,0.010813892052273628,0.9499999999999998,0.966,0.03255764119219941,0.0200997512422418
N1,13,RandomForest,"f12,f8,f2,f9,f7,f14,f13,f15,f1,f0,f4,f10,f11",0.9279999999999999,0.02227105745132006,0.9279135840675787,0.02231621277530175,0.9139999999999999,0.942,0.026907248094147407,0.04422668877499197
N1,13,KNN,"f12,f8,f2,f9,f7,f14,f13,f15,f1,f0,f4,f10,f11",0.9269999999999999,0.02899999999999998,0.9269240274617754,0.029014077659996557,0.9279999999999999,0.9260000000000002,0.04118252056394799,0.04476605857119877
N1,13,NaiveBayes,"f12,f8,f2,f9,f7,f14,f13,f15,f1,f0,f4,f10,f11",0.8950000000000001,0.026551836094703494,0.894827100850538,0.026705927339419604,0.884,0.9059999999999999,0.03555277766926235,0.048207883172775766
N1,13,DecisionTree,"f12,f8,f2,f9,f7,f14,f13,f15,f1,f0,f4,f10,f11",0.8800000000000001,0.03924283374069716,0.8798655899440538,0.03925764893263968,0.868,0.892,0.05381449618829482,0.04489988864128729
N1,13,XGBoost,"f12,f8,f2,f9,f7,f14,f13,f15,f1,f0,f4,f10,f11",0.944,0.015620499351813285,0.9439185259250028,0.015676701179849768,0.9339999999999999,0.954,0.04004996878900156,0.03231098884280702
N1,14,LogReg,"f12,f8,f2,f9,f7,f14,f13,f15,f1,f0,f4,f10,f11,f6",0.9530000000000001,0.016763054614240203,0.9529752737368256,0.016777449403244167,0.9559999999999998,0.95,0.02497999199359359,0.028635642126552688
N1,14,SVM-linear,"f12,f8,f2,f9,f7,f14,f13,f15,f1,f0,f4,f10,f11,f6",0.9489999999999998,0.019209372712298525,0.9489692651968766,0.019221367598167616,0.952,0.9460000000000001,0.027129319932501075,0.032310988842807004
N1,14,SVM-rbf,"f12,f8,f2,f9,f7,f14,f13,f15,f1,f0,f4,f10,f11,f6",0.9730000000000001,0.004582575694955844,0.9729887711687647,0.004586374444029879,0.9780000000000001,0.968,0.02088061301782112,0.018330302779823376
N1,14,RandomForest,"f12,f8,f2,f9,f7,f14,f13,f15,f1,f0,f4,f10,f11,f6",0.9540000000000001,0.014966629547095742,0.953939592918171,0.015034700019184312,0.9579999999999999,0.95,0.02441311123146739,0.041231056256176596
N1,14,KNN,"f12,f8,f2,f9,f7,f14,f13,f15,f1,f0,f4,f10,f11,f6",0.9550000000000001,0.01857417562100669,0.9549239010138753,0.018657976127071162,0.968,0.9419999999999998,0.027129319932501058,0.04422668877499195
N1,14,NaiveBayes,"f12,f8,f2,f9,f7,f14,f13,f15,f1,f0,f4,f10,f11,f6",0.8950000000000001,0.02247220505424423,0.8948561604409558,0.022561987358236037,0.8859999999999999,0.9039999999999999,0.03693237062523877,0.04079215610874227
N1,14,DecisionTree,"f12,f8,f2,f9,f7,f14,f13,f15,f1,f0,f4,f10,f11,f6",0.8879999999999999,0.021817424229271448,0.8878862166445469,0.021874501313705334,0.884,0.892,0.01959591794226544,0.04749736834815165
N1,14,XGBoost,"f12,f8,f2,f9,f7,f14,f13,f15,f1,f0,f4,f10,f11,f6",0.9600000000000002,0.014832396974191317,0.9599614977111074,0.014877100345371623,0.9620000000000001,0.958,0.020880613017821098,0.0362767142944341
N1,15,LogReg,"f12,f8,f2,f9,f7,f14,f13,f15,f1,f0,f4,f10,f11,f6,f17",0.9530000000000001,0.014866068747318502,0.9529791417317289,0.014876636311395883,0.954,0.952,0.023748684174075833,0.02561249694973138
N1,15,SVM-linear,"f12,f8,f2,f9,f7,f14,f13,f15,f1,f0,f4,f10,f11,f6,f17",0.9570000000000001,0.014177446878757816,0.9569824475228526,0.014183444101279346,0.9640000000000001,0.95,0.02154065922853801,0.024083189157584572
N1,15,SVM-rbf,"f12,f8,f2,f9,f7,f14,f13,f15,f1,f0,f4,f10,f11,f6,f17",0.974,0.004898979485566361,0.9739924007191776,0.004898521490467956,0.9780000000000001,0.97,0.018867962264113223,0.016124515496597113
N1,15,RandomForest,"f12,f8,f2,f9,f7,f14,f13,f15,f1,f0,f4,f10,f11,f6,f17",0.954,0.020591260281973976,0.9539545350001895,0.020639536263447104,0.962,0.9460000000000001,0.02088061301782112,0.040049968789001564
N1,15,KNN,"f12,f8,f2,f9,f7,f14,f13,f15,f1,f0,f4,f10,f11,f6,f17",0.9550000000000001,0.01910497317454279,0.9549264669058234,0.0191858832837989,0.968,0.9419999999999998,0.027129319932501058,0.04422668877499195
N1,15,NaiveBayes,"f12,f8,f2,f9,f7,f14,f13,f15,f1,f0,f4,f10,f11,f6,f17",0.901,0.018138357147217073,0.9008683897052826,0.018221418208280778,0.898,0.9039999999999999,0.027495454169735038,0.0454312667664022
N1,15,DecisionTree,"f12,f8,f2,f9,f7,f14,f13,f15,f1,f0,f4,f10,f11,f6,f17",0.8869999999999999,0.01951922129594315,0.8868659069606849,0.019587519418567602,0.8840000000000001,0.89,0.02653299832284322,0.044944410108488445
N1,15,XGBoost,"f12,f8,f2,f9,f7,f14,f13,f15,f1,f0,f4,f10,f11,f6,f17",0.96,0.014142135623730963,0.9599583535964177,0.014189632082471702,0.962,0.958,0.022715633383201095,0.0362767142944341
N1,16,LogReg,"f12,f8,f2,f9,f7,f14,f13,f15,f1,f0,f4,f10,f11,f6,f17,f3",0.9489999999999998,0.00943398113205659,0.9489565638787448,0.009440391734208693,0.954,0.944,0.02973213749463699,0.02939387691339812
N1,16,SVM-linear,"f12,f8,f2,f9,f7,f14,f13,f15,f1,f0,f4,f10,f11,f6,f17,f3",0.9530000000000001,0.0100498756211209,0.9529663084848256,0.010063898941412831,0.968,0.938,0.018330302779823376,0.025999999999999975
N1,16,SVM-rbf,"f12,f8,f2,f9,f7,f14,f13,f15,f1,f0,f4,f10,f11,f6,f17,f3",0.974,0.008000000000000007,0.9739861094622638,0.008014325126673452,0.982,0.966,0.018867962264113223,0.021999999999999995
N1,16,RandomForest,"f12,f8,f2,f9,f7,f14,f13,f15,f1,f0,f4,f10,f11,f6,f17,f3",0.9540000000000001,0.02374868417407582,0.953956117800805,0.02378055280432422,0.9640000000000001,0.944,0.026532998322843202,0.04079215610874227
N1,16,KNN,"f12,f8,f2,f9,f7,f14,f13,f15,f1,f0,f4,f10,f11,f6,f17,f3",0.9640000000000001,0.017435595774162687,0.9639664634649605,0.017485110746176372,0.974,0.9540000000000001,0.015620499351813321,0.035832945734337825
N1,16,NaiveBayes,"f12,f8,f2,f9,f7,f14,f13,f15,f1,f0,f4,f10,f11,f6,f17,f3",0.899,0.01813835714721707,0.8988582439694941,0.018213025145145507,0.8960000000000001,0.9019999999999999,0.02939387691339814,0.046000000000000006
N1,16,DecisionTree,"f12,f8,f2,f9,f7,f14,f13,f15,f1,f0,f4,f10,f11,f6,f17,f3",0.889,0.025079872407968926,0.8887602564243569,0.025285152993484168,0.8859999999999999,0.892,0.03469870314579496,0.05810335618533579
N1,16,XGBoost,"f12,f8,f2,f9,f7,f14,f13,f15,f1,f0,f4,f10,f11,f6,f17,f3",0.9620000000000001,0.011661903789690611,0.9619706694553358,0.011693103368573482,0.9640000000000001,0.96,0.01959591794226544,0.032249030993194185
N1,17,LogReg,"f12,f8,f2,f9,f7,f14,f13,f15,f1,f0,f4,f10,f11,f6,f17,f3,f5",0.9720000000000001,0.017204650534085243,0.9719946257803658,0.0172058431452519,0.97,0.974,0.022360679774997894,0.02200000000000002
N1,17,SVM-linear,"f12,f8,f2,f9,f7,f14,f13,f15,f1,f0,f4,f10,f11,f6,f17,f3,f5",0.9690000000000001,0.014456832294800973,0.9689801156738642,0.014480358184785236,0.96,0.978,0.028284271247461888,0.018867962264113223
N1,17,SVM-rbf,"f12,f8,f2,f9,f7,f14,f13,f15,f1,f0,f4,f10,f11,f6,f17,f3,f5",0.9870000000000001,0.007810249675906661,0.9869980636193624,0.007811597660265845,0.984,0.99,0.014966629547095779,0.010000000000000009
N1,17,RandomForest,"f12,f8,f2,f9,f7,f14,f13,f15,f1,f0,f4,f10,f11,f6,f17,f3,f5",0.962,0.020880613017821098,0.9619566716023049,0.020928792442664098,0.9700000000000001,0.9540000000000001,0.022360679774997894,0.041036569057366364
N1,17,KNN,"f12,f8,f2,f9,f7,f14,f13,f15,f1,f0,f4,f10,f11,f6,f17,f3,f5",0.974,0.012806248474865708,0.9739887575630263,0.012817359249293806,0.984,0.9640000000000001,0.01200000000000001,0.024979991993593596
N1,17,NaiveBayes,"f12,f8,f2,f9,f7,f14,f13,f15,f1,f0,f4,f10,f11,f6,f17,f3,f5",0.909,0.02256102834535695,0.908825415336838,0.02272159452543782,0.9179999999999999,0.9,0.03399999999999999,0.04979959839195491
N1,17,DecisionTree,"f12,f8,f2,f9,f7,f14,f13,f15,f1,f0,f4,f10,f11,f6,f17,f3,f5",0.9030000000000001,0.02368543856465402,0.9029148750605251,0.023694833588094873,0.9040000000000001,0.9020000000000001,0.03440930106817049,0.039446165846632034
N1,17,XGBoost,"f12,f8,f2,f9,f7,f14,f13,f15,f1,f0,f4,f10,f11,f6,f17,f3,f5",0.969,0.013000000000000012,0.9689848508365373,0.013012586964677556,0.97,0.968,0.020493901531919215,0.025612496949731375
N1,18,LogReg,"f12,f8,f2,f9,f7,f14,f13,f15,f1,f0,f4,f10,f11,f6,f17,f3,f5,f16",0.9710000000000001,0.016401219466856715,0.9709939101408098,0.016401811703496944,0.97,0.9720000000000001,0.022360679774997894,0.022271057451320107
N1,18,SVM-linear,"f12,f8,f2,f9,f7,f14,f13,f15,f1,f0,f4,f10,f11,f6,f17,f3,f5,f16",0.9690000000000001,0.014456832294800973,0.9689801156738642,0.014480358184785236,0.96,0.978,0.028284271247461888,0.018867962264113223
N1,18,SVM-rbf,"f12,f8,f2,f9,f7,f14,f13,f15,f1,f0,f4,f10,f11,f6,f17,f3,f5,f16",0.986,0.008000000000000007,0.9859981646396676,0.008001124526340515,0.982,0.99,0.014000000000000012,0.010000000000000009
N1,18,RandomForest,"f12,f8,f2,f9,f7,f14,f13,f15,f1,f0,f4,f10,f11,f6,f17,f3,f5,f16",0.9650000000000001,0.01802775637731994,0.9649666985515651,0.01807066970624831,0.9720000000000001,0.958,0.023999999999999997,0.033999999999999996
N1,18,KNN,"f12,f8,f2,f9,f7,f14,f13,f15,f1,f0,f4,f10,f11,f6,f17,f3,f5,f16",0.9720000000000001,0.015362291495737231,0.971988280976554,0.01537418649728062,0.9800000000000001,0.9640000000000001,0.012649110640673528,0.027999999999999987
N1,18,NaiveBayes,"f12,f8,f2,f9,f7,f14,f13,f15,f1,f0,f4,f10,f11,f6,f17,f3,f5,f16",0.907,0.016155494421403526,0.9068233323462621,0.01629357832832914,0.9099999999999999,0.9039999999999999,0.03492849839314595,0.04799999999999998
N1,18,DecisionTree,"f12,f8,f2,f9,f7,f14,f13,f15,f1,f0,f4,f10,f11,f6,f17,f3,f5,f16",0.9,0.02898275349237888,0.8999605171453882,0.02896535949412219,0.8960000000000001,0.9039999999999999,0.02497999199359358,0.04363484845854285
N1,18,XGBoost,"f12,f8,f2,f9,f7,f14,f13,f15,f1,f0,f4,f10,f11,f6,f17,f3,f5,f16",0.967,0.014177446878757837,0.9669892622367563,0.014182958085117114,0.966,0.968,0.02200000000000002,0.022271057451320082
kDN,1,LogReg,f12,0.756,0.025768197453450273,0.7550059829061565,0.02580549860611471,0.766,0.746,0.06755738301621815,0.05219195340279955
kDN,1,SVM-linear,f12,0.751,0.02879236009777596,0.7500693840928706,0.028521349714563028,0.77,0.732,0.06465291950097846,0.05153639490690049
kDN,1,SVM-rbf,f12,0.75,0.03255764119219944,0.748901824728463,0.03240300761720096,0.772,0.728,0.07110555533852471,0.05381449618829483
kDN,1,RandomForest,f12,0.6699999999999999,0.046475800154488996,0.6678635921457231,0.04711892595956491,0.682,0.658,0.07922120928135344,0.07717512552629896
kDN,1,KNN,f12,0.711,0.03477067730142741,0.709568471922124,0.03507314934483922,0.71,0.712,0.073348483283569,0.06209669878504008
kDN,1,NaiveBayes,f12,0.7529999999999999,0.02865309756378883,0.7520393506312486,0.028392591292964224,0.782,0.724,0.06095900261651269,0.04882622246293479
kDN,1,DecisionTree,f12,0.6699999999999999,0.046475800154488996,0.6678635921457231,0.04711892595956491,0.682,0.658,0.07922120928135344,0.07717512552629896
kDN,1,XGBoost,f12,0.709,0.0350570962859162,0.7076236362063113,0.035448982671245834,0.738,0.6799999999999999,0.06477653896280659,0.05513619500836089
kDN,2,LogReg,"f12,f8",0.8039999999999999,0.03638681079732049,0.803313635873538,0.03706546695015001,0.812,0.796,0.05075431016179806,0.06740919818541087
kDN,2,SVM-linear,"f12,f8",0.817,0.03606937759374285,0.816581259459868,0.036472203823131086,0.8320000000000001,0.8019999999999999,0.042142615011410964,0.05827520913733387
kDN,2,SVM-rbf,"f12,f8",0.798,0.025999999999999985,0.7970235305390161,0.02662539577155516,0.8220000000000001,0.774,0.05015974481593781,0.06873136110975832
kDN,2,RandomForest,"f12,f8",0.7790000000000001,0.03477067730142742,0.778350165134227,0.034874990075772536,0.8000000000000002,0.7580000000000001,0.046475800154488996,0.06225752966509351
kDN,2,KNN,"f12,f8",0.7910000000000001,0.024677925358506127,0.7905847969329913,0.024857381012981492,0.818,0.764,0.03515679166249387,0.03878143885933065
kDN,2,NaiveBayes,"f12,f8",0.7380000000000001,0.03600000000000003,0.7366500970025246,0.03583335573893634,0.78,0.696,0.06324555320336757,0.05425863986500215
kDN,2,DecisionTree,"f12,f8",0.733,0.03257299494980469,0.7316791879631448,0.0335450463358052,0.72,0.746,0.0651152823843988,0.06327716807822549
kDN,2,XGBoost,"f12,f8",0.764,0.028354893757515674,0.7628616685476202,0.02815973111245956,0.78,0.748,0.060000000000000005,0.07110555533852471
kDN,3,LogReg,"f12,f8,f9",0.865,0.019104973174542815,0.8647329830810191,0.019021024924387377,0.8640000000000001,0.866,0.03555277766926234,0.055892754449928486
kDN,3,SVM-linear,"f12,f8,f9",0.8739999999999999,0.024576411454889036,0.8737727595590521,0.024493866361139965,0.8640000000000001,0.884,0.0332264954516723,0.05919459434779499
kDN,3,SVM-rbf,"f12,f8,f9",0.867,0.019000000000000017,0.8668191920656753,0.018916090734994135,0.86,0.874,0.03098386676965934,0.047370877129308056
kDN,3,RandomForest,"f12,f8,f9",0.866,0.018547236990991423,0.8657876538201726,0.018430529658760773,0.8700000000000001,0.8620000000000001,0.03376388603226827,0.05095095681142799
kDN,3,KNN,"f12,f8,f9",0.853,0.021470910553583886,0.852738069775063,0.02142828908387987,0.858,0.8480000000000001,0.036276714294434104,0.052306787322488064
kDN,3,NaiveBayes,"f12,f8,f9",0.8149999999999998,0.029068883707497245,0.8145165785915184,0.028979120988779895,0.8300000000000001,0.8,0.04494441010848846,0.06131883886702355
kDN,3,DecisionTree,"f12,f8,f9",0.8240000000000001,0.03199999999999998,0.8236226563265815,0.03198304506687429,0.8160000000000001,0.8320000000000001,0.06248199740725323,0.04214261501141095
kDN,3,XGBoost,"f12,f8,f9",0.8710000000000001,0.013747727084867533,0.8705889687551174,0.013973099720044995,0.86,0.882,0.05366563145999496,0.04935585071701226
kDN,4,LogReg,"f12,f8,f9,f2",0.869,0.023000000000000024,0.8687351224005395,0.022958636012542537,0.8619999999999999,0.876,0.039446165846632034,0.05642694391866353
kDN,4,SVM-linear,"f12,f8,f9,f2",0.8699999999999999,0.024899799195977488,0.8697964730297432,0.024844235116914623,0.858,0.8819999999999999,0.037363083384538795,0.050950956811427986
kDN,4,SVM-rbf,"f12,f8,f9,f2",0.883,0.02193171219946133,0.8827917509469753,0.02192535672341384,0.858,0.9080000000000001,0.037363083384538795,0.04019950248448355
kDN,4,RandomForest,"f12,f8,f9,f2",0.8720000000000001,0.02521904042583698,0.8716701819108039,0.02528108916959997,0.866,0.8779999999999999,0.040049968789001585,0.06415605972938176
kDN,4,KNN,"f12,f8,f9,f2",0.8639999999999999,0.022891046284519184,0.8637681326560689,0.02288391952962158,0.8640000000000001,0.8640000000000001,0.04079215610874227,0.048826222462934804
kDN,4,NaiveBayes,"f12,f8,f9,f2",0.873,0.020024984394500806,0.8727664963880647,0.020018322871106477,0.858,0.8879999999999999,0.03026549190084311,0.05230678732248808
kDN,4,DecisionTree,"f12,f8,f9,f2",0.8119999999999999,0.029933259094191516,0.8111187418488823,0.030177480220098335,0.7979999999999999,0.826,0.06477653896280659,0.06696267617113282
kDN,4,XGBoost,"f12,f8,f9,f2",0.858,0.023151673805580444,0.8577343373389305,0.02304608951191761,0.8440000000000001,0.8719999999999999,0.03878143885933064,0.05153639490690048
kDN,5,LogReg,"f12,f8,f9,f2,f14",0.869,0.023000000000000024,0.8687351224005395,0.022958636012542537,0.8619999999999999,0.876,0.039446165846632034,0.05642694391866353
kDN,5,SVM-linear,"f12,f8,f9,f2,f14",0.8699999999999999,0.024899799195977488,0.8697964730297432,0.024844235116914623,0.858,0.8819999999999999,0.037363083384538795,0.050950956811427986
kDN,5,SVM-rbf,"f12,f8,f9,f2,f14",0.882,0.024413111231467426,0.8818124939850005,0.024410361407321293,0.86,0.9039999999999999,0.03794733192202054,0.04176122603564219
kDN,5,RandomForest,"f12,f8,f9,f2,f14",0.868,0.02925747767665559,0.8677352617814927,0.02917950001922533,0.8620000000000001,0.874,0.0384187454245971,0.06390618123468182
kDN,5,KNN,"f12,f8,f9,f2,f14",0.8720000000000001,0.02227105745132011,0.8718140636746075,0.022285782631970535,0.8700000000000001,0.874,0.045825756949558406,0.03799999999999999
kDN,5,NaiveBayes,"f12,f8,f9,f2,f14",0.875,0.0196214168703486,0.8748185988199305,0.019670325967094275,0.8640000000000001,0.8859999999999999,0.02939387691339814,0.04651881339845202
kDN,5,DecisionTree,"f12,f8,f9,f2,f14",0.8099999999999999,0.035496478698597685,0.8091183708428857,0.036645304325526804,0.806,0.8140000000000001,0.041999999999999996,0.08101851640211638
kDN,5,XGBoost,"f12,f8,f9,f2,f14",0.857,0.034365680554879166,0.8566744756254211,0.03428789397915087,0.844,0.8699999999999999,0.03773592452822642,0.07056911505750939
kDN,6,LogReg,"f12,f8,f9,f2,f14,f15",0.8889999999999999,0.02773084924772409,0.8887230105087403,0.027827978725248895,0.8860000000000001,0.8919999999999998,0.04737087712930805,0.05878775382679626
kDN,6,SVM-linear,"f12,f8,f9,f2,f14,f15",0.8859999999999999,0.03136877428271625,0.8857095915823049,0.031553070516749014,0.884,0.8879999999999999,0.046303347611160915,0.06079473661428265
kDN,6,SVM-rbf,"f12,f8,f9,f2,f14,f15",0.9030000000000001,0.023685438564654014,0.9027923889306655,0.02379907823049847,0.898,0.9079999999999998,0.047707441767506256,0.046647615158762396
kDN,6,RandomForest,"f12,f8,f9,f2,f14,f15",0.8889999999999999,0.02547547840571399,0.8887792374873082,0.02550248821587871,0.8819999999999999,0.8960000000000001,0.04142463035441595,0.05425863986500212
kDN,6,KNN,"f12,f8,f9,f2,f14,f15",0.891,0.02467792535850615,0.8907142799761487,0.024901879946503187,0.9039999999999999,0.8780000000000001,0.0344093010681705,0.06029925372672534
kDN,6,NaiveBayes,"f12,f8,f9,f2,f14,f15",0.8899999999999999,0.022360679774997894,0.889815629172082,0.022543054513414335,0.8800000000000001,0.9,0.03464101615137756,0.0456070170039655
kDN,6,DecisionTree,"f12,f8,f9,f2,f14,f15",0.843,0.03848376280978771,0.8426285790983542,0.03875779648079284,0.8459999999999999,0.8400000000000001,0.03231098884280702,0.07321202087089251
kDN,6,XGBoost,"f12,f8,f9,f2,f14,f15",0.89,0.02720294101747091,0.8898142149762018,0.027253603249624003,0.8899999999999999,0.89,0.03714835124201343,0.054589376255824704
kDN,7,LogReg,"f12,f8,f9,f2,f14,f15,f7",0.892,0.03187475490101845,0.891728415872525,0.03205146999632603,0.8959999999999999,0.8879999999999999,0.0454312667664022,0.06209669878504009
kDN,7,SVM-linear,"f12,f8,f9,f2,f14,f15,f7",0.8969999999999999,0.028653097563788792,0.8968088174227364,0.028749754805622033,0.898,0.8960000000000001,0.03627671429443411,0.05782732917920383
kDN,7,SVM-rbf,"f12,f8,f9,f2,f14,f15,f7",0.909,0.02343074902771995,0.9087932946610076,0.023539078512691665,0.898,0.9199999999999999,0.047707441767506256,0.04732863826479693
kDN,7,RandomForest,"f12,f8,f9,f2,f14,f15,f7",0.891,0.022999999999999996,0.8907833500387807,0.022968438181930097,0.884,0.898,0.041761226035642196,0.05399999999999998
kDN,7,KNN,"f12,f8,f9,f2,f14,f15,f7",0.8899999999999999,0.02144761058952724,0.8897908197606649,0.02155738139808354,0.9019999999999999,0.8779999999999999,0.035156791662493886,0.04935585071701227
kDN,7,NaiveBayes,"f12,f8,f9,f2,f14,f15,f7",0.8870000000000001,0.01951922129594315,0.8868245277598277,0.01968309165778669,0.8779999999999999,0.8960000000000001,0.03155946767611903,0.044542114902640165
kDN,7,DecisionTree,"f12,f8,f9,f2,f14,f15,f7",0.8380000000000001,0.04019950248448356,0.837344457827227,0.040693400196085895,0.8380000000000001,0.8380000000000001,0.04853864439804639,0.08121576201698781
kDN,7,XGBoost,"f12,f8,f9,f2,f14,f15,f7",0.8910000000000002,0.02913760456866693,0.890869026741249,0.029197053612050366,0.8859999999999999,0.8960000000000001,0.033526109228480434,0.04963869458396343
kDN,8,LogReg,"f12,f8,f9,f2,f14,f15,f7,f13",0.9119999999999999,0.025612496949731393,0.9119393465260126,0.025630690824853274,0.914,0.9099999999999998,0.031048349392520033,0.039242833740697154
kDN,8,SVM-linear,"f12,f8,f9,f2,f14,f15,f7,f13",0.916,0.025768197453450235,0.9159363498798097,0.025792715499235865,0.9199999999999999,0.9120000000000001,0.02828427124746188,0.04214261501141095
kDN,8,SVM-rbf,"f12,f8,f9,f2,f14,f15,f7,f13",0.9390000000000001,0.01757839583124691,0.9389240559853012,0.0176378969824259,0.932,0.9460000000000001,0.03815756805667781,0.03231098884280701
kDN,8,RandomForest,"f12,f8,f9,f2,f14,f15,f7,f13",0.9109999999999999,0.02256102834535694,0.9109088487258828,0.022566946979484068,0.9019999999999999,0.9199999999999999,0.03841874542459709,0.03577708763999662
kDN,8,KNN,"f12,f8,f9,f2,f14,f15,f7,f13",0.923,0.01676305461424019,0.922885981490617,0.016855418023736527,0.9359999999999999,0.9099999999999999,0.02799999999999998,0.04219004621945797
kDN,8,NaiveBayes,"f12,f8,f9,f2,f14,f15,f7,f13",0.8880000000000001,0.021354156504062614,0.8878392139236564,0.021506905640492936,0.8799999999999999,0.8960000000000001,0.03098386676965934,0.044542114902640165
kDN,8,DecisionTree,"f12,f8,f9,f2,f14,f15,f7,f13",0.867,0.026095976701399803,0.8667462892729336,0.026093501785606925,0.868,0.866,0.041182520563948,0.055172456896534876
kDN,8,XGBoost,"f12,f8,f9,f2,f14,f15,f7,f13",0.9149999999999998,0.024999999999999988,0.9149183980265629,0.025008048988894242,0.9179999999999999,0.9120000000000001,0.03399999999999998,0.044
kDN,9,LogReg,"f12,f8,f9,f2,f14,f15,f7,f13,f1",0.9139999999999999,0.02576819745345024,0.9139448090971092,0.025791471036609524,0.916,0.9120000000000001,0.03072458299147442,0.03815756805667782
kDN,9,SVM-linear,"f12,f8,f9,f2,f14,f15,f7,f13,f1",0.9149999999999998,0.026925824035672504,0.9149420277093607,0.026943679594991932,0.9179999999999999,0.9120000000000001,0.028913664589601894,0.04214261501141095
kDN,9,SVM-rbf,"f12,f8,f9,f2,f14,f15,f7,f13,f1",0.9410000000000001,0.016401219466856697,0.9409375772299736,0.01643499536268601,0.9359999999999999,0.9460000000000001,0.03199999999999997,0.035832945734337825
kDN,9,RandomForest,"f12,f8,f9,f2,f14,f15,f7,f13,f1",0.914,0.020099751242241778,0.9138909508447008,0.020100262601433282,0.9039999999999999,0.9239999999999998,0.03322649545167229,0.044542114902640165
kDN,9,KNN,"f12,f8,f9,f2,f14,f15,f7,f13,f1",0.9190000000000002,0.021656407827707697,0.9188728521090874,0.021739866462452784,0.932,0.906,0.03249615361854382,0.04476605857119878
kDN,9,NaiveBayes,"f12,f8,f9,f2,f14,f15,f7,f13,f1",0.8869999999999999,0.01951922129594315,0.8868330226649539,0.019666513499989872,0.876,0.898,0.026532998322843223,0.045999999999999985
kDN,9,DecisionTree,"f12,f8,f9,f2,f14,f15,f7,f13,f1",0.865,0.02459674775249771,0.8647547549060246,0.02460337722521931,0.8720000000000001,0.858,0.04489988864128729,0.04770744176750624
kDN,9,XGBoost,"f12,f8,f9,f2,f14,f15,f7,f13,f1",0.916,0.02939387691339813,0.9159108804669296,0.02941038017206842,0.9120000000000001,0.9199999999999999,0.039191835884530846,0.046475800154489
kDN,10,LogReg,"f12,f8,f9,f2,f14,f15,f7,f13,f1,f4",0.9279999999999999,0.017204650534085226,0.9279472367980673,0.017210910805058394,0.9259999999999999,0.93,0.028354893757515633,0.033763886032268244
kDN,10,SVM-linear,"f12,f8,f9,f2,f14,f15,f7,f13,f1,f4",0.9289999999999999,0.018138357147217024,0.9289476040210047,0.01814481640311713,0.9259999999999999,0.932,0.0269072480941474,0.035999999999999976
kDN,10,SVM-rbf,"f12,f8,f9,f2,f14,f15,f7,f13,f1,f4",0.9499999999999998,0.010954451150103302,0.9499317581617428,0.01103298918028636,0.9419999999999998,0.9580000000000002,0.038418745424597084,0.028913664589601908
kDN,10,RandomForest,"f12,f8,f9,f2,f14,f15,f7,f13,f1,f4",0.9279999999999999,0.01661324772583612,0.9279106017943629,0.016646128325418393,0.9179999999999999,0.938,0.03399999999999999,0.037363083384538795
kDN,10,KNN,"f12,f8,f9,f2,f14,f15,f7,f13,f1,f4",0.933,0.013453624047073674,0.9328789294718082,0.013518831952336437,0.9259999999999999,0.9400000000000001,0.04199999999999999,0.039999999999999994
kDN,10,NaiveBayes,"f12,f8,f9,f2,f14,f15,f7,f13,f1,f4",0.8889999999999999,0.019209372712298563,0.8888119088890143,0.019372361063001883,0.8719999999999999,0.906,0.025612496949731417,0.046518813398452014
kDN,10,DecisionTree,"f12,f8,f9,f2,f14,f15,f7,f13,f1,f4",0.875,0.02974894956128703,0.874832854879552,0.02983066969268651,0.8720000000000001,0.8780000000000001,0.054552726787943435,0.03155946767611903
kDN,10,XGBoost,"f12,f8,f9,f2,f14,f15,f7,f13,f1,f4",0.9399999999999998,0.017320508075688742,0.9399132227231846,0.01741720656751529,0.932,0.9480000000000001,0.040199502484483556,0.031240998703626614
kDN,11,LogReg,"f12,f8,f9,f2,f14,f15,f7,f13,f1,f4,f10",0.9269999999999999,0.016763054614240186,0.9269385990525671,0.01677093404502669,0.9259999999999999,0.9280000000000002,0.028354893757515633,0.035999999999999976
kDN,11,SVM-linear,"f12,f8,f9,f2,f14,f15,f7,f13,f1,f4,f10",0.9299999999999999,0.017320508075688745,0.9299425766496757,0.017328072598534226,0.9280000000000002,0.932,0.028565713714171378,0.035999999999999976
kDN,11,SVM-rbf,"f12,f8,f9,f2,f14,f15,f7,f13,f1,f4,f10",0.9479999999999998,0.011661903789690585,0.9479386865511168,0.011727454765336999,0.9419999999999998,0.954,0.036276714294434104,0.02835489375751564
kDN,11,RandomForest,"f12,f8,f9,f2,f14,f15,f7,f13,f1,f4,f10",0.925,0.019621416870348556,0.9249369399955892,0.019628485590341815,0.9179999999999999,0.932,0.028913664589601894,0.03815756805667781
kDN,11,KNN,"f12,f8,f9,f2,f14,f15,f7,f13,f1,f4,f10",0.9390000000000001,0.01513274595042152,0.9389213262140768,0.015182605849270479,0.9359999999999999,0.9420000000000002,0.03878143885933062,0.032802438933713436
kDN,11,NaiveBayes,"f12,f8,f9,f2,f14,f15,f7,f13,f1,f4,f10",0.8879999999999999,0.018867962264113223,0.8878185834725449,0.01903406452773559,0.8719999999999999,0.9039999999999999,0.025612496949731417,0.045431266766402176
kDN,11,DecisionTree,"f12,f8,f9,f2,f14,f15,f7,f13,f1,f4,f10",0.876,0.025377155080899064,0.8758050440618135,0.025455872917337936,0.8620000000000001,0.89,0.04770744176750624,0.03492849839314596
kDN,11,XGBoost,"f12,f8,f9,f2,f14,f15,f7,f13,f1,f4,f10",0.937,0.017916472867168885,0.9369110895341972,0.017982773389091638,0.9339999999999999,0.9399999999999998,0.03583294573433782,0.039999999999999994
kDN,12,LogReg,"f12,f8,f9,f2,f14,f15,f7,f13,f1,f4,f10,f17",0.9299999999999999,0.012649110640673486,0.9299297004218301,0.012654115126540626,0.938,0.9219999999999999,0.025999999999999975,0.03736308338453879
kDN,12,SVM-linear,"f12,f8,f9,f2,f14,f15,f7,f13,f1,f4,f10,f17",0.9339999999999998,0.01799999999999997,0.9339339340480164,0.01800918492742273,0.946,0.9219999999999999,0.02835489375751564,0.03736308338453879
kDN,12,SVM-rbf,"f12,f8,f9,f2,f14,f15,f7,f13,f1,f4,f10,f17",0.9599999999999997,0.010000000000000009,0.9599611355867109,0.010025203638916158,0.9700000000000001,0.95,0.024083189157584593,0.032557641192199394
kDN,12,RandomForest,"f12,f8,f9,f2,f14,f15,f7,f13,f1,f4,f10,f17",0.943,0.01676305461424018,0.9429167904266847,0.016831067794838613,0.9399999999999998,0.9460000000000001,0.03464101615137753,0.040049968789001564
kDN,12,KNN,"f12,f8,f9,f2,f14,f15,f7,f13,f1,f4,f10,f17",0.953,0.016155494421403488,0.9529369846076212,0.016207097442258775,0.9719999999999999,0.9339999999999999,0.022271057451320082,0.037999999999999985
kDN,12,NaiveBayes,"f12,f8,f9,f2,f14,f15,f7,f13,f1,f4,f10,f17",0.8859999999999999,0.015620499351813323,0.8858176282044704,0.015640462138602523,0.876,0.8960000000000001,0.03555277766926236,0.042708313008125234
kDN,12,DecisionTree,"f12,f8,f9,f2,f14,f15,f7,f13,f1,f4,f10,f17",0.892,0.019390719429665335,0.8919024678318521,0.019435855409306473,0.8880000000000001,0.8960000000000001,0.02856571371417141,0.037735924528226425
kDN,12,XGBoost,"f12,f8,f9,f2,f14,f15,f7,f13,f1,f4,f10,f17",0.9489999999999998,0.016401219466856718,0.948922296378773,0.0165029319475733,0.954,0.944,0.028354893757515653,0.04270831300812524
kDN,13,LogReg,"f12,f8,f9,f2,f14,f15,f7,f13,f1,f4,f10,f17,f6",0.9279999999999999,0.013266499161421563,0.9279274745374684,0.013281323968162605,0.9339999999999999,0.9219999999999999,0.0269072480941474,0.03736308338453879
kDN,13,SVM-linear,"f12,f8,f9,f2,f14,f15,f7,f13,f1,f4,f10,f17,f6",0.9349999999999998,0.019104973174542773,0.9349327930578127,0.019115312440218267,0.946,0.924,0.02835489375751564,0.03979949748426478
kDN,13,SVM-rbf,"f12,f8,f9,f2,f14,f15,f7,f13,f1,f4,f10,f17,f6",0.9639999999999999,0.010198039027185577,0.963968141474553,0.01022352726747586,0.978,0.95,0.018867962264113223,0.02999999999999999
kDN,13,RandomForest,"f12,f8,f9,f2,f14,f15,f7,f13,f1,f4,f10,f17,f6",0.95,0.014142135623730933,0.9499343447988473,0.014195873235761613,0.958,0.9420000000000002,0.030265491900843097,0.038418745424597084
kDN,13,KNN,"f12,f8,f9,f2,f14,f15,f7,f13,f1,f4,f10,f17,f6",0.952,0.018330302779823344,0.9519302494745567,0.018394845885036416,0.9719999999999999,0.9319999999999998,0.025612496949731396,0.0370944739819828
kDN,13,NaiveBayes,"f12,f8,f9,f2,f14,f15,f7,f13,f1,f4,f10,f17,f6",0.8939999999999999,0.021071307505705496,0.8937904914728069,0.021208550339326615,0.8879999999999999,0.9,0.04019950248448356,0.04816637831516918
kDN,13,DecisionTree,"f12,f8,f9,f2,f14,f15,f7,f13,f1,f4,f10,f17,f6",0.892,0.025219040425836985,0.8918503857478741,0.02520731821738659,0.89,0.8939999999999999,0.024083189157584593,0.05868560300448485
kDN,13,XGBoost,"f12,f8,f9,f2,f14,f15,f7,f13,f1,f4,f10,f17,f6",0.9570000000000001,0.0100498756211209,0.9569597462611922,0.010101676633481618,0.9640000000000001,0.95,0.01959591794226544,0.03376388603226825
kDN,14,LogReg,"f12,f8,f9,f2,f14,f15,f7,f13,f1,f4,f10,f17,f6,f5",0.9309999999999998,0.018681541692269377,0.9309502890800111,0.0186985172825323,0.9359999999999999,0.9259999999999999,0.023323807579381173,0.03693237062523876
kDN,14,SVM-linear,"f12,f8,f9,f2,f14,f15,f7,f13,f1,f4,f10,f17,f6,f5",0.9339999999999999,0.01854723699099138,0.9339391517068474,0.01855235321416452,0.944,0.9240000000000002,0.02939387691339812,0.0366606055596467
kDN,14,SVM-rbf,"f12,f8,f9,f2,f14,f15,f7,f13,f1,f4,f10,f17,f6,f5",0.975,0.014317821063276366,0.9749869899349635,0.01432982444477189,0.978,0.9720000000000001,0.024413111231467402,0.023999999999999997
kDN,14,RandomForest,"f12,f8,f9,f2,f14,f15,f7,f13,f1,f4,f10,f17,f6,f5",0.9550000000000001,0.014317821063276327,0.9549704384669054,0.014324609822833467,0.9600000000000002,0.95,0.026832815729997468,0.029999999999999985
kDN,14,KNN,"f12,f8,f9,f2,f14,f15,f7,f13,f1,f4,f10,f17,f6,f5",0.9640000000000001,0.01019803902718558,0.9639673460023246,0.010219722065284107,0.978,0.95,0.022715633383201116,0.028635642126552688
kDN,14,NaiveBayes,"f12,f8,f9,f2,f14,f15,f7,f13,f1,f4,f10,f17,f6,f5",0.9039999999999999,0.01799999999999999,0.9038076999716023,0.018146442421602786,0.908,0.9,0.03487119154832538,0.05059644256269406
kDN,14,DecisionTree,"f12,f8,f9,f2,f14,f15,f7,f13,f1,f4,f10,f17,f6,f5",0.901,0.02736786436680802,0.9008588026378129,0.02738698873593713,0.9099999999999999,0.8920000000000001,0.03605551275463988,0.051536394906900505
kDN,14,XGBoost,"f12,f8,f9,f2,f14,f15,f7,f13,f1,f4,f10,f17,f6,f5",0.9640000000000001,0.016248076809271934,0.9639673551831771,0.016283970054631735,0.968,0.9600000000000002,0.024000000000000025,0.03464101615137754
kDN,15,LogReg,"f12,f8,f9,f2,f14,f15,f7,f13,f1,f4,f10,f17,f6,f5,f0",0.9680000000000002,0.014000000000000012,0.9679873340894221,0.014003693158840147,0.962,0.974,0.026000000000000006,0.0200997512422418
kDN,15,SVM-linear,"f12,f8,f9,f2,f14,f15,f7,f13,f1,f4,f10,f17,f6,f5,f0",0.9730000000000001,0.014177446878757837,0.9729896948289612,0.014185926003944627,0.962,0.984,0.02441311123146741,0.01200000000000001
kDN,15,SVM-rbf,"f12,f8,f9,f2,f14,f15,f7,f13,f1,f4,f10,f17,f6,f5,f0",0.9860000000000001,0.009165151389911688,0.9859977543091244,0.009166628760639768,0.982,0.99,0.014000000000000012,0.013416407864998751
kDN,15,RandomForest,"f12,f8,f9,f2,f14,f15,f7,f13,f1,f4,f10,f17,f6,f5,f0",0.959,0.015132745950421547,0.9589699166862209,0.01515243560192627,0.966,0.952,0.0200997512422418,0.03370459909270542
kDN,15,KNN,"f12,f8,f9,f2,f14,f15,f7,f13,f1,f4,f10,f17,f6,f5,f0",0.9710000000000001,0.015132745950421569,0.9709763866328587,0.01515903459380869,0.9799999999999999,0.962,0.020000000000000018,0.031559467676118995
kDN,15,NaiveBayes,"f12,f8,f9,f2,f14,f15,f7,f13,f1,f4,f10,f17,f6,f5,f0",0.9059999999999999,0.02107130750570546,0.9058051495807021,0.021238504654939323,0.9119999999999999,0.9,0.03709447398198282,0.05059644256269406
kDN,15,DecisionTree,"f12,f8,f9,f2,f14,f15,f7,f13,f1,f4,f10,f17,f6,f5,f0",0.907,0.02794637722496423,0.9068594004360468,0.028048026907235794,0.9040000000000001,0.9099999999999999,0.04454211490264016,0.04404543109109047
kDN,15,XGBoost,"f12,f8,f9,f2,f14,f15,f7,f13,f1,f4,f10,f17,f6,f5,f0",0.9650000000000001,0.010246950765959608,0.9649805056465682,0.01025588344807633,0.962,0.968,0.02088061301782112,0.027129319932501058
kDN,16,LogReg,"f12,f8,f9,f2,f14,f15,f7,f13,f1,f4,f10,f17,f6,f5,f0,f3",0.9730000000000001,0.016763054614240196,0.9729943164701277,0.01676465449021131,0.97,0.976,0.022360679774997894,0.021540659228538032
kDN,16,SVM-linear,"f12,f8,f9,f2,f14,f15,f7,f13,f1,f4,f10,f17,f6,f5,f0,f3",0.968,0.014000000000000012,0.9679806230234872,0.014023529559626649,0.96,0.976,0.028284271247461888,0.017435595774162708
kDN,16,SVM-rbf,"f12,f8,f9,f2,f14,f15,f7,f13,f1,f4,f10,f17,f6,f5,f0,f3",0.9869999999999999,0.007810249675906661,0.9869988802792236,0.007810865547061777,0.984,0.99,0.01200000000000001,0.010000000000000009
kDN,16,RandomForest,"f12,f8,f9,f2,f14,f15,f7,f13,f1,f4,f10,f17,f6,f5,f0,f3",0.962,0.016613247725836146,0.9619795414968904,0.016629018941045997,0.968,0.9559999999999998,0.023999999999999997,0.027999999999999987
kDN,16,KNN,"f12,f8,f9,f2,f14,f15,f7,f13,f1,f4,f10,f17,f6,f5,f0,f3",0.978,0.016000000000000014,0.9779928779132459,0.016010027919004518,0.984,0.9720000000000001,0.014966629547095779,0.023999999999999997
kDN,16,NaiveBayes,"f12,f8,f9,f2,f14,f15,f7,f13,f1,f4,f10,f17,f6,f5,f0,f3",0.9049999999999999,0.020615528128088284,0.9048041604610185,0.020776768547752997,0.9099999999999999,0.9,0.03714835124201342,0.05059644256269406
kDN,16,DecisionTree,"f12,f8,f9,f2,f14,f15,f7,f13,f1,f4,f10,f17,f6,f5,f0,f3",0.901,0.02662705391138868,0.9008869344977354,0.026645273845324814,0.906,0.8959999999999999,0.029732137494636997,0.05122499389946279
kDN,16,XGBoost,"f12,f8,f9,f2,f14,f15,f7,f13,f1,f4,f10,f17,f6,f5,f0,f3",0.9700000000000001,0.014142135623730963,0.9699814311057697,0.01415578768742854,0.97,0.9700000000000001,0.02408318915758461,0.02720294101747087
kDN,17,LogReg,"f12,f8,f9,f2,f14,f15,f7,f13,f1,f4,f10,f17,f6,f5,f0,f3,f11",0.9720000000000001,0.017204650534085243,0.9719946257803658,0.0172058431452519,0.97,0.974,0.022360679774997894,0.02200000000000002
kDN,17,SVM-linear,"f12,f8,f9,f2,f14,f15,f7,f13,f1,f4,f10,f17,f6,f5,f0,f3,f11",0.9690000000000001,0.014456832294800973,0.9689801156738642,0.014480358184785236,0.96,0.978,0.028284271247461888,0.018867962264113223
kDN,17,SVM-rbf,"f12,f8,f9,f2,f14,f15,f7,f13,f1,f4,f10,f17,f6,f5,f0,f3,f11",0.9870000000000001,0.007810249675906661,0.9869980636193624,0.007811597660265845,0.984,0.99,0.014966629547095779,0.010000000000000009
kDN,17,RandomForest,"f12,f8,f9,f2,f14,f15,f7,f13,f1,f4,f10,f17,f6,f5,f0,f3,f11",0.959,0.01972308292331602,0.9589570276482403,0.019763929081579947,0.97,0.9480000000000001,0.020493901531919215,0.03919183588453084
kDN,17,KNN,"f12,f8,f9,f2,f14,f15,f7,f13,f1,f4,f10,f17,f6,f5,f0,f3,f11",0.974,0.012806248474865708,0.9739887575630263,0.012817359249293806,0.984,0.9640000000000001,0.01200000000000001,0.024979991993593596
kDN,17,NaiveBayes,"f12,f8,f9,f2,f14,f15,f7,f13,f1,f4,f10,f17,f6,f5,f0,f3,f11",0.909,0.02256102834535695,0.908825415336838,0.02272159452543782,0.9179999999999999,0.9,0.03399999999999999,0.04979959839195491
kDN,17,DecisionTree,"f12,f8,f9,f2,f14,f15,f7,f13,f1,f4,f10,f17,f6,f5,f0,f3,f11",0.9029999999999999,0.025709920264364885,0.9029116951218434,0.025745505590441427,0.9019999999999999,0.9039999999999999,0.034,0.041761226035642196
kDN,17,XGBoost,"f12,f8,f9,f2,f14,f15,f7,f13,f1,f4,f10,f17,f6,f5,f0,f3,f11",0.961,0.016999999999999994,0.9609630946643453,0.017039672900291257,0.962,0.9600000000000002,0.022715633383201116,0.03687817782917154
kDN,18,LogReg,"f12,f8,f9,f2,f14,f15,f7,f13,f1,f4,f10,f17,f6,f5,f0,f3,f11,f16",0.9710000000000001,0.016401219466856715,0.9709939101408098,0.016401811703496944,0.97,0.9720000000000001,0.022360679774997894,0.022271057451320107
kDN,18,SVM-linear,"f12,f8,f9,f2,f14,f15,f7,f13,f1,f4,f10,f17,f6,f5,f0,f3,f11,f16",0.9690000000000001,0.014456832294800973,0.9689801156738642,0.014480358184785236,0.96,0.978,0.028284271247461888,0.018867962264113223
kDN,18,SVM-rbf,"f12,f8,f9,f2,f14,f15,f7,f13,f1,f4,f10,f17,f6,f5,f0,f3,f11,f16",0.986,0.008000000000000007,0.9859981646396676,0.008001124526340515,0.982,0.99,0.014000000000000012,0.010000000000000009
kDN,18,RandomForest,"f12,f8,f9,f2,f14,f15,f7,f13,f1,f4,f10,f17,f6,f5,f0,f3,f11,f16",0.9630000000000001,0.021470910553583886,0.9629589050733545,0.021525356080110324,0.9700000000000001,0.9559999999999998,0.022360679774997894,0.03979949748426479
kDN,18,KNN,"f12,f8,f9,f2,f14,f15,f7,f13,f1,f4,f10,f17,f6,f5,f0,f3,f11,f16",0.9720000000000001,0.015362291495737231,0.971988280976554,0.01537418649728062,0.9800000000000001,0.9640000000000001,0.012649110640673528,0.027999999999999987
kDN,18,NaiveBayes,"f12,f8,f9,f2,f14,f15,f7,f13,f1,f4,f10,f17,f6,f5,f0,f3,f11,f16",0.907,0.016155494421403526,0.9068233323462621,0.01629357832832914,0.9099999999999999,0.9039999999999999,0.03492849839314595,0.04799999999999998
kDN,18,DecisionTree,"f12,f8,f9,f2,f14,f15,f7,f13,f1,f4,f10,f17,f6,f5,f0,f3,f11,f16",0.9040000000000001,0.0265329983228432,0.9038991861146854,0.026527681231038172,0.898,0.9100000000000001,0.033999999999999996,0.04669047011971501
kDN,18,XGBoost,"f12,f8,f9,f2,f14,f15,f7,f13,f1,f4,f10,f17,f6,f5,f0,f3,f11,f16",0.966,0.01200000000000001,0.9659812140448111,0.012010707138365316,0.966,0.966,0.023748684174075857,0.025377155080899026
