dataset,fold,measure,k,n_available_features,model,acc_test,gps_test
ArtificialDataset12,1,kDN_importances_norm,1,83,SVM-rbf,0.6416666666666667,0.59637505546643
ArtificialDataset12,1,kDN_importances_norm,1,83,KNN,0.5783333333333334,0.5608671511962345
ArtificialDataset12,1,kDN_importances_norm,2,83,SVM-rbf,0.62,0.5707692307692308
ArtificialDataset12,1,kDN_importances_norm,2,83,KNN,0.565,0.543901521204592
ArtificialDataset12,1,kDN_importances_norm,3,83,SVM-rbf,0.655,0.6232337126422409
ArtificialDataset12,1,kDN_importances_norm,3,83,KNN,0.5783333333333334,0.5518100459977844
ArtificialDataset12,1,kDN_importances_norm,4,83,SVM-rbf,0.735,0.695631036353771
ArtificialDataset12,1,kDN_importances_norm,4,83,KNN,0.6783333333333333,0.6555853221146047
ArtificialDataset12,1,kDN_importances_norm,5,83,SVM-rbf,0.755,0.7325651910248636
ArtificialDataset12,1,kDN_importances_norm,5,83,KNN,0.73,0.7148941641620726
ArtificialDataset12,1,kDN_importances_norm,6,83,SVM-rbf,0.7533333333333333,0.7329117158553725
ArtificialDataset12,1,kDN_importances_norm,6,83,KNN,0.7183333333333334,0.702589920420071
ArtificialDataset12,1,kDN_importances_norm,7,83,SVM-rbf,0.7833333333333333,0.7685991728651285
ArtificialDataset12,1,kDN_importances_norm,7,83,KNN,0.7566666666666667,0.7466052969600587
ArtificialDataset12,1,kDN_importances_norm,8,83,SVM-rbf,0.8016666666666666,0.7878709266170306
ArtificialDataset12,1,kDN_importances_norm,8,83,KNN,0.7666666666666667,0.7547077823145836
ArtificialDataset12,1,kDN_importances_norm,9,83,SVM-rbf,0.8216666666666667,0.8117212456500402
ArtificialDataset12,1,kDN_importances_norm,9,83,KNN,0.785,0.7732526244686687
ArtificialDataset12,1,kDN_importances_norm,10,83,SVM-rbf,0.8233333333333334,0.8136671601002048
ArtificialDataset12,1,kDN_importances_norm,10,83,KNN,0.7866666666666666,0.7767793804681958
ArtificialDataset12,1,kDN_importances_norm,11,83,SVM-rbf,0.8283333333333334,0.8197747492421815
ArtificialDataset12,1,kDN_importances_norm,11,83,KNN,0.795,0.7843287175735834
ArtificialDataset12,1,kDN_importances_norm,12,83,SVM-rbf,0.835,0.8268427134573156
ArtificialDataset12,1,kDN_importances_norm,12,83,KNN,0.7983333333333333,0.7896370123294582
ArtificialDataset12,1,kDN_importances_norm,13,83,SVM-rbf,0.8366666666666667,0.828750052214595
ArtificialDataset12,1,kDN_importances_norm,13,83,KNN,0.8,0.7905485011127111
ArtificialDataset12,1,kDN_importances_norm,14,83,SVM-rbf,0.8416666666666667,0.8341749881615286
ArtificialDataset12,1,kDN_importances_norm,14,83,KNN,0.81,0.799423656163114
ArtificialDataset12,1,kDN_importances_norm,15,83,SVM-rbf,0.8433333333333334,0.8355325034578148
ArtificialDataset12,1,kDN_importances_norm,15,83,KNN,0.81,0.799423656163114
ArtificialDataset12,1,kDN_importances_norm,16,83,SVM-rbf,0.8416666666666667,0.8341749881615286
ArtificialDataset12,1,kDN_importances_norm,16,83,KNN,0.815,0.8038762967057981
ArtificialDataset12,1,kDN_importances_norm,17,83,SVM-rbf,0.84,0.8322772085026137
ArtificialDataset12,1,kDN_importances_norm,17,83,KNN,0.815,0.8056181264078442
ArtificialDataset12,1,kDN_importances_norm,18,83,SVM-rbf,0.85,0.8425925925925926
ArtificialDataset12,1,kDN_importances_norm,18,83,KNN,0.8383333333333334,0.832443310404511
ArtificialDataset12,1,kDN_importances_norm,19,83,SVM-rbf,0.855,0.8472456575682381
ArtificialDataset12,1,kDN_importances_norm,19,83,KNN,0.825,0.8156071394361252
ArtificialDataset12,1,kDN_importances_norm,20,83,SVM-rbf,0.865,0.8581062608220177
ArtificialDataset12,1,kDN_importances_norm,20,83,KNN,0.83,0.8219832903442862
ArtificialDataset12,1,kDN_importances_norm,21,83,SVM-rbf,0.8733333333333333,0.8674636243826463
ArtificialDataset12,1,kDN_importances_norm,21,83,KNN,0.8483333333333334,0.8414682981090101
ArtificialDataset12,1,kDN_importances_norm,22,83,SVM-rbf,0.8766666666666667,0.870974157705618
ArtificialDataset12,1,kDN_importances_norm,22,83,KNN,0.845,0.837696335078534
ArtificialDataset12,1,kDN_importances_norm,23,83,SVM-rbf,0.8783333333333333,0.8730225266111066
ArtificialDataset12,1,kDN_importances_norm,23,83,KNN,0.8466666666666667,0.8395848206930638
ArtificialDataset12,1,kDN_importances_norm,24,83,SVM-rbf,0.8783333333333333,0.8732133499873118
ArtificialDataset12,1,kDN_importances_norm,24,83,KNN,0.8483333333333334,0.840696246719792
ArtificialDataset12,1,kDN_importances_norm,25,83,SVM-rbf,0.875,0.8697188574302438
ArtificialDataset12,1,kDN_importances_norm,25,83,KNN,0.8433333333333334,0.8355325034578148
ArtificialDataset12,1,kDN_importances_norm,26,83,SVM-rbf,0.8766666666666667,0.8711740097436983
ArtificialDataset12,1,kDN_importances_norm,26,83,KNN,0.84,0.83281502674462
ArtificialDataset12,1,kDN_importances_norm,27,83,SVM-rbf,0.8833333333333333,0.8783622509868723
ArtificialDataset12,1,kDN_importances_norm,27,83,KNN,0.84,0.8320000000000001
ArtificialDataset12,1,kDN_importances_norm,28,83,SVM-rbf,0.885,0.8801985410242912
ArtificialDataset12,1,kDN_importances_norm,28,83,KNN,0.8366666666666667,0.8293014670164189
ArtificialDataset12,1,kDN_importances_norm,29,83,SVM-rbf,0.885,0.8801985410242912
ArtificialDataset12,1,kDN_importances_norm,29,83,KNN,0.835,0.8271275761473071
ArtificialDataset12,1,kDN_importances_norm,30,83,SVM-rbf,0.885,0.8801985410242912
ArtificialDataset12,1,kDN_importances_norm,30,83,KNN,0.8466666666666667,0.8393267234147885
ArtificialDataset12,1,kDN_importances_norm,31,83,SVM-rbf,0.8833333333333333,0.8785422450369285
ArtificialDataset12,1,kDN_importances_norm,31,83,KNN,0.8483333333333334,0.8409588001606928
ArtificialDataset12,1,kDN_importances_norm,32,83,SVM-rbf,0.8833333333333333,0.8785422450369285
ArtificialDataset12,1,kDN_importances_norm,32,83,KNN,0.855,0.8482511704764527
ArtificialDataset12,1,kDN_importances_norm,33,83,SVM-rbf,0.8833333333333333,0.8785422450369285
ArtificialDataset12,1,kDN_importances_norm,33,83,KNN,0.8566666666666667,0.8498892948831145
ArtificialDataset12,1,kDN_importances_norm,34,83,SVM-rbf,0.8833333333333333,0.8785422450369285
ArtificialDataset12,1,kDN_importances_norm,34,83,KNN,0.86,0.8529296000217157
ArtificialDataset12,1,kDN_importances_norm,35,83,SVM-rbf,0.8833333333333333,0.8785422450369285
ArtificialDataset12,1,kDN_importances_norm,35,83,KNN,0.8683333333333333,0.861863544984377
ArtificialDataset12,1,kDN_importances_norm,36,83,SVM-rbf,0.8816666666666667,0.8768876258280642
ArtificialDataset12,1,kDN_importances_norm,36,83,KNN,0.86,0.8529296000217157
ArtificialDataset12,1,kDN_importances_norm,37,83,SVM-rbf,0.8783333333333333,0.8732133499873118
ArtificialDataset12,1,kDN_importances_norm,37,83,KNN,0.855,0.8480072469937578
ArtificialDataset12,1,kDN_importances_norm,38,83,SVM-rbf,0.8783333333333333,0.8732133499873118
ArtificialDataset12,1,kDN_importances_norm,38,83,KNN,0.8566666666666667,0.8498892948831145
ArtificialDataset12,1,kDN_importances_norm,39,83,SVM-rbf,0.8816666666666667,0.8765217391304347
ArtificialDataset12,1,kDN_importances_norm,39,83,KNN,0.86,0.8531707317073169
ArtificialDataset12,1,kDN_importances_norm,40,83,SVM-rbf,0.8833333333333333,0.8783622509868723
ArtificialDataset12,1,kDN_importances_norm,40,83,KNN,0.86,0.8531707317073169
ArtificialDataset12,1,kDN_importances_norm,41,83,SVM-rbf,0.8833333333333333,0.8783622509868723
ArtificialDataset12,1,kDN_importances_norm,41,83,KNN,0.86,0.8531707317073169
ArtificialDataset12,1,kDN_importances_norm,42,83,SVM-rbf,0.8816666666666667,0.8767065728701281
ArtificialDataset12,1,kDN_importances_norm,42,83,KNN,0.8616666666666667,0.8550495036126997
ArtificialDataset12,1,kDN_importances_norm,43,83,SVM-rbf,0.8816666666666667,0.8767065728701281
ArtificialDataset12,1,kDN_importances_norm,43,83,KNN,0.8616666666666667,0.8550495036126997
ArtificialDataset12,1,kDN_importances_norm,44,83,SVM-rbf,0.8816666666666667,0.8767065728701281
ArtificialDataset12,1,kDN_importances_norm,44,83,KNN,0.8616666666666667,0.8550495036126997
ArtificialDataset12,1,kDN_importances_norm,45,83,SVM-rbf,0.88,0.8750525872949094
ArtificialDataset12,1,kDN_importances_norm,45,83,KNN,0.8616666666666667,0.8550495036126997
ArtificialDataset12,1,kDN_importances_norm,46,83,SVM-rbf,0.88,0.8750525872949094
ArtificialDataset12,1,kDN_importances_norm,46,83,KNN,0.8616666666666667,0.8550495036126997
ArtificialDataset12,1,kDN_importances_norm,47,83,SVM-rbf,0.8833333333333333,0.8785422450369285
ArtificialDataset12,1,kDN_importances_norm,47,83,KNN,0.8633333333333333,0.8569234293105538
ArtificialDataset12,1,kDN_importances_norm,48,83,SVM-rbf,0.8833333333333333,0.8785422450369285
ArtificialDataset12,1,kDN_importances_norm,48,83,KNN,0.8633333333333333,0.8569234293105538
ArtificialDataset12,1,kDN_importances_norm,49,83,SVM-rbf,0.885,0.8800196479738027
ArtificialDataset12,1,kDN_importances_norm,49,83,KNN,0.8616666666666667,0.8550495036126997
ArtificialDataset12,1,kDN_importances_norm,50,83,SVM-rbf,0.8833333333333333,0.8781785226436902
ArtificialDataset12,1,kDN_importances_norm,50,83,KNN,0.8616666666666667,0.8552802425542392
ArtificialDataset12,1,kDN_importances_norm,51,83,SVM-rbf,0.88,0.8746769344374704
ArtificialDataset12,1,kDN_importances_norm,51,83,KNN,0.8366666666666667,0.8278800940438871
ArtificialDataset12,1,kDN_importances_norm,52,83,SVM-rbf,0.8816666666666667,0.8765217391304347
ArtificialDataset12,1,kDN_importances_norm,52,83,KNN,0.8416666666666667,0.8336275267981925
ArtificialDataset12,1,kDN_importances_norm,53,83,SVM-rbf,0.8833333333333333,0.8783622509868723
ArtificialDataset12,1,kDN_importances_norm,53,83,KNN,0.84,0.8311345646437994
ArtificialDataset12,1,kDN_importances_norm,54,83,SVM-rbf,0.8816666666666667,0.8765217391304347
ArtificialDataset12,1,kDN_importances_norm,54,83,KNN,0.84,0.8320000000000001
ArtificialDataset12,1,kDN_importances_norm,55,83,SVM-rbf,0.8816666666666667,0.8765217391304347
ArtificialDataset12,1,kDN_importances_norm,55,83,KNN,0.8366666666666667,0.8275784721930156
ArtificialDataset12,1,kDN_importances_norm,56,83,SVM-rbf,0.8783333333333333,0.8728277649407791
ArtificialDataset12,1,kDN_importances_norm,56,83,KNN,0.8466666666666667,0.8398376992775972
ArtificialDataset12,1,kDN_importances_norm,57,83,SVM-rbf,0.88,0.8746769344374704
ArtificialDataset12,1,kDN_importances_norm,57,83,KNN,0.84,0.8322772085026137
ArtificialDataset12,1,kDN_importances_norm,58,83,SVM-rbf,0.8816666666666667,0.8765217391304347
ArtificialDataset12,1,kDN_importances_norm,58,83,KNN,0.8383333333333334,0.8300906466452382
ArtificialDataset12,1,kDN_importances_norm,59,83,SVM-rbf,0.8783333333333333,0.8730225266111066
ArtificialDataset12,1,kDN_importances_norm,59,83,KNN,0.83,0.8201376692538667
ArtificialDataset12,1,kDN_importances_norm,60,83,SVM-rbf,0.8766666666666667,0.8711740097436983
ArtificialDataset12,1,kDN_importances_norm,60,83,KNN,0.8266666666666667,0.817541278173149
ArtificialDataset12,1,kDN_importances_norm,61,83,SVM-rbf,0.8783333333333333,0.8730225266111066
ArtificialDataset12,1,kDN_importances_norm,61,83,KNN,0.825,0.8156071394361252
ArtificialDataset12,1,kDN_importances_norm,62,83,SVM-rbf,0.88,0.8746769344374704
ArtificialDataset12,1,kDN_importances_norm,62,83,KNN,0.8233333333333334,0.8136671601002048
ArtificialDataset12,1,kDN_importances_norm,63,83,SVM-rbf,0.88,0.8746769344374704
ArtificialDataset12,1,kDN_importances_norm,63,83,KNN,0.8366666666666667,0.8281758616353958
ArtificialDataset12,1,kDN_importances_norm,64,83,SVM-rbf,0.8766666666666667,0.870974157705618
ArtificialDataset12,1,kDN_importances_norm,64,83,KNN,0.8216666666666667,0.8120539706631608
ArtificialDataset12,1,kDN_importances_norm,65,83,SVM-rbf,0.875,0.8691160388114572
ArtificialDataset12,1,kDN_importances_norm,65,83,KNN,0.8266666666666667,0.8178531073446329
ArtificialDataset12,1,kDN_importances_norm,66,83,SVM-rbf,0.8766666666666667,0.870974157705618
ArtificialDataset12,1,kDN_importances_norm,66,83,KNN,0.8383333333333334,0.831452367874699
ArtificialDataset12,1,kDN_importances_norm,67,83,SVM-rbf,0.8766666666666667,0.870974157705618
ArtificialDataset12,1,kDN_importances_norm,67,83,KNN,0.8283333333333334,0.8200737405583617
ArtificialDataset12,1,kDN_importances_norm,68,83,SVM-rbf,0.875,0.8691160388114572
ArtificialDataset12,1,kDN_importances_norm,68,83,KNN,0.825,0.817138172824217
ArtificialDataset12,1,kDN_importances_norm,69,83,SVM-rbf,0.8766666666666667,0.8707702523240373
ArtificialDataset12,1,kDN_importances_norm,69,83,KNN,0.8216666666666667,0.8123801834549135
ArtificialDataset12,1,kDN_importances_norm,70,83,SVM-rbf,0.8766666666666667,0.870974157705618
ArtificialDataset12,1,kDN_importances_norm,70,83,KNN,0.83,0.8213924050632911
ArtificialDataset12,1,kDN_importances_norm,71,83,SVM-rbf,0.875,0.8691160388114572
ArtificialDataset12,1,kDN_importances_norm,71,83,KNN,0.8266666666666667,0.8178531073446329
ArtificialDataset12,1,kDN_importances_norm,72,83,SVM-rbf,0.87,0.86395167003034
ArtificialDataset12,1,kDN_importances_norm,72,83,KNN,0.8266666666666667,0.817541278173149
ArtificialDataset12,1,kDN_importances_norm,73,83,SVM-rbf,0.87,0.86395167003034
ArtificialDataset12,1,kDN_importances_norm,73,83,KNN,0.8283333333333334,0.8194696694515075
ArtificialDataset12,1,kDN_importances_norm,74,83,SVM-rbf,0.87,0.86395167003034
ArtificialDataset12,1,kDN_importances_norm,74,83,KNN,0.8216666666666667,0.8120539706631608
ArtificialDataset12,1,kDN_importances_norm,75,83,SVM-rbf,0.87,0.86395167003034
ArtificialDataset12,1,kDN_importances_norm,75,83,KNN,0.8183333333333334,0.8088327219342833
ArtificialDataset12,1,kDN_importances_norm,76,83,SVM-rbf,0.87,0.86395167003034
ArtificialDataset12,1,kDN_importances_norm,76,83,KNN,0.8133333333333334,0.8033362598770852
ArtificialDataset12,1,kDN_importances_norm,77,83,SVM-rbf,0.8666666666666667,0.8604382774862788
ArtificialDataset12,1,kDN_importances_norm,77,83,KNN,0.8183333333333334,0.8078112263036367
ArtificialDataset12,1,kDN_importances_norm,78,83,SVM-rbf,0.8666666666666667,0.8602150537634409
ArtificialDataset12,1,kDN_importances_norm,78,83,KNN,0.8083333333333333,0.7963219263874028
ArtificialDataset12,1,kDN_importances_norm,79,83,SVM-rbf,0.8666666666666667,0.8602150537634409
ArtificialDataset12,1,kDN_importances_norm,79,83,KNN,0.805,0.7938871158931339
ArtificialDataset12,1,kDN_importances_norm,80,83,SVM-rbf,0.8683333333333333,0.8620857193597352
ArtificialDataset12,1,kDN_importances_norm,80,83,KNN,0.8033333333333333,0.7919099676574323
ArtificialDataset12,1,kDN_importances_norm,81,83,SVM-rbf,0.8683333333333333,0.8620857193597352
ArtificialDataset12,1,kDN_importances_norm,81,83,KNN,0.8,0.7901975639606038
ArtificialDataset12,1,kDN_importances_norm,82,83,SVM-rbf,0.8683333333333333,0.8620857193597352
ArtificialDataset12,1,kDN_importances_norm,82,83,KNN,0.7983333333333333,0.7889568184218095
ArtificialDataset12,1,kDN_importances_norm,83,83,SVM-rbf,0.865,0.8585683574497289
ArtificialDataset12,1,kDN_importances_norm,83,83,KNN,0.7983333333333333,0.7871275310260732
ArtificialDataset12,2,kDN_importances_norm,1,82,SVM-rbf,0.6083333333333333,0.4792393950616534
ArtificialDataset12,2,kDN_importances_norm,1,82,KNN,0.5533333333333333,0.4947301471924405
ArtificialDataset12,2,kDN_importances_norm,2,82,SVM-rbf,0.62,0.5649926144756278
ArtificialDataset12,2,kDN_importances_norm,2,82,KNN,0.58,0.5541637010676157
ArtificialDataset12,2,kDN_importances_norm,3,82,SVM-rbf,0.6933333333333334,0.6375482991135691
ArtificialDataset12,2,kDN_importances_norm,3,82,KNN,0.655,0.6212268653241764
ArtificialDataset12,2,kDN_importances_norm,4,82,SVM-rbf,0.7116666666666667,0.6693907509432105
ArtificialDataset12,2,kDN_importances_norm,4,82,KNN,0.6533333333333333,0.6166619652092148
ArtificialDataset12,2,kDN_importances_norm,5,82,SVM-rbf,0.7416666666666667,0.7202404370698151
ArtificialDataset12,2,kDN_importances_norm,5,82,KNN,0.715,0.698991838694191
ArtificialDataset12,2,kDN_importances_norm,6,82,SVM-rbf,0.7883333333333333,0.7723884979861245
ArtificialDataset12,2,kDN_importances_norm,6,82,KNN,0.77,0.758265590876001
ArtificialDataset12,2,kDN_importances_norm,7,82,SVM-rbf,0.795,0.7801587985566493
ArtificialDataset12,2,kDN_importances_norm,7,82,KNN,0.7433333333333333,0.7316360340085021
ArtificialDataset12,2,kDN_importances_norm,8,82,SVM-rbf,0.7883333333333333,0.7733434956665447
ArtificialDataset12,2,kDN_importances_norm,8,82,KNN,0.7366666666666667,0.7240774397471356
ArtificialDataset12,2,kDN_importances_norm,9,82,SVM-rbf,0.8266666666666667,0.817541278173149
ArtificialDataset12,2,kDN_importances_norm,9,82,KNN,0.795,0.7843287175735834
ArtificialDataset12,2,kDN_importances_norm,10,82,SVM-rbf,0.8216666666666667,0.8106833573189683
ArtificialDataset12,2,kDN_importances_norm,10,82,KNN,0.785,0.7740553566049734
ArtificialDataset12,2,kDN_importances_norm,11,82,SVM-rbf,0.84,0.8330757341576507
ArtificialDataset12,2,kDN_importances_norm,11,82,KNN,0.7816666666666666,0.7712884961154892
ArtificialDataset12,2,kDN_importances_norm,12,82,SVM-rbf,0.8416666666666667,0.8339040088076749
ArtificialDataset12,2,kDN_importances_norm,12,82,KNN,0.7883333333333333,0.7783611468798772
ArtificialDataset12,2,kDN_importances_norm,13,82,SVM-rbf,0.8516666666666667,0.8447344073797162
ArtificialDataset12,2,kDN_importances_norm,13,82,KNN,0.7833333333333333,0.7732468380737486
ArtificialDataset12,2,kDN_importances_norm,14,82,SVM-rbf,0.8466666666666667,0.8393267234147885
ArtificialDataset12,2,kDN_importances_norm,14,82,KNN,0.8033333333333333,0.7953835748514196
ArtificialDataset12,2,kDN_importances_norm,15,82,SVM-rbf,0.8533333333333334,0.8458654332982114
ArtificialDataset12,2,kDN_importances_norm,15,82,KNN,0.8016666666666666,0.7928217490290612
ArtificialDataset12,2,kDN_importances_norm,16,82,SVM-rbf,0.8616666666666667,0.8555063557538513
ArtificialDataset12,2,kDN_importances_norm,16,82,KNN,0.8216666666666667,0.8139156692382857
ArtificialDataset12,2,kDN_importances_norm,17,82,SVM-rbf,0.8666666666666667,0.8608714264692111
ArtificialDataset12,2,kDN_importances_norm,17,82,KNN,0.82,0.8151508404764555
ArtificialDataset12,2,kDN_importances_norm,18,82,SVM-rbf,0.8666666666666667,0.8604382774862788
ArtificialDataset12,2,kDN_importances_norm,18,82,KNN,0.8233333333333334,0.817663936709566
ArtificialDataset12,2,kDN_importances_norm,19,82,SVM-rbf,0.865,0.859012324976943
ArtificialDataset12,2,kDN_importances_norm,19,82,KNN,0.835,0.8307380447802452
ArtificialDataset12,2,kDN_importances_norm,20,82,SVM-rbf,0.8633333333333333,0.8571486224709427
ArtificialDataset12,2,kDN_importances_norm,20,82,KNN,0.845,0.8406624785836666
ArtificialDataset12,2,kDN_importances_norm,21,82,SVM-rbf,0.865,0.8585683574497289
ArtificialDataset12,2,kDN_importances_norm,21,82,KNN,0.8433333333333334,0.838428718952117
ArtificialDataset12,2,kDN_importances_norm,22,82,SVM-rbf,0.8683333333333333,0.862516910229645
ArtificialDataset12,2,kDN_importances_norm,22,82,KNN,0.8533333333333334,0.8483983849259757
ArtificialDataset12,2,kDN_importances_norm,23,82,SVM-rbf,0.8666666666666667,0.8606570555763973
ArtificialDataset12,2,kDN_importances_norm,23,82,KNN,0.855,0.8500297380031518
ArtificialDataset12,2,kDN_importances_norm,24,82,SVM-rbf,0.87,0.8643722268857177
ArtificialDataset12,2,kDN_importances_norm,24,82,KNN,0.855,0.8496133434420015
ArtificialDataset12,2,kDN_importances_norm,25,82,SVM-rbf,0.8683333333333333,0.862516910229645
ArtificialDataset12,2,kDN_importances_norm,25,82,KNN,0.8483333333333334,0.8428751216963885
ArtificialDataset12,2,kDN_importances_norm,26,82,SVM-rbf,0.87,0.8643722268857177
ArtificialDataset12,2,kDN_importances_norm,26,82,KNN,0.85,0.8442822054253573
ArtificialDataset12,2,kDN_importances_norm,27,82,SVM-rbf,0.87,0.8643722268857177
ArtificialDataset12,2,kDN_importances_norm,27,82,KNN,0.8516666666666667,0.8461338069863825
ArtificialDataset12,2,kDN_importances_norm,28,82,SVM-rbf,0.8766666666666667,0.8717495881383855
ArtificialDataset12,2,kDN_importances_norm,28,82,KNN,0.8533333333333334,0.847319552694002
ArtificialDataset12,2,kDN_importances_norm,29,82,SVM-rbf,0.8766666666666667,0.8717495881383855
ArtificialDataset12,2,kDN_importances_norm,29,82,KNN,0.8616666666666667,0.8567680604557546
ArtificialDataset12,2,kDN_importances_norm,30,82,SVM-rbf,0.8783333333333333,0.873400267869777
ArtificialDataset12,2,kDN_importances_norm,30,82,KNN,0.8566666666666667,0.8514570675842787
ArtificialDataset12,2,kDN_importances_norm,31,82,SVM-rbf,0.8816666666666667,0.8768876258280642
ArtificialDataset12,2,kDN_importances_norm,31,82,KNN,0.8683333333333333,0.863519854099312
ArtificialDataset12,2,kDN_importances_norm,32,82,SVM-rbf,0.8883333333333333,0.8840246948061017
ArtificialDataset12,2,kDN_importances_norm,32,82,KNN,0.8683333333333333,0.8631313618361327
ArtificialDataset12,2,kDN_importances_norm,33,82,SVM-rbf,0.8883333333333333,0.8840246948061017
ArtificialDataset12,2,kDN_importances_norm,33,82,KNN,0.8733333333333333,0.8684530415939961
ArtificialDataset12,2,kDN_importances_norm,34,82,SVM-rbf,0.8883333333333333,0.8841871763023307
ArtificialDataset12,2,kDN_importances_norm,34,82,KNN,0.8616666666666667,0.8561573349334102
ArtificialDataset12,2,kDN_importances_norm,35,82,SVM-rbf,0.8883333333333333,0.8841871763023307
ArtificialDataset12,2,kDN_importances_norm,35,82,KNN,0.86,0.8538657604078165
ArtificialDataset12,2,kDN_importances_norm,36,82,SVM-rbf,0.89,0.8860022512323555
ArtificialDataset12,2,kDN_importances_norm,36,82,KNN,0.8666666666666667,0.8618784530386742
ArtificialDataset12,2,kDN_importances_norm,37,82,SVM-rbf,0.89,0.8860022512323555
ArtificialDataset12,2,kDN_importances_norm,37,82,KNN,0.8666666666666667,0.8620671361689147
ArtificialDataset12,2,kDN_importances_norm,38,82,SVM-rbf,0.8916666666666667,0.8878135333494637
ArtificialDataset12,2,kDN_importances_norm,38,82,KNN,0.8783333333333333,0.874109512387472
ArtificialDataset12,2,kDN_importances_norm,39,82,SVM-rbf,0.8916666666666667,0.8878135333494637
ArtificialDataset12,2,kDN_importances_norm,39,82,KNN,0.8783333333333333,0.874109512387472
ArtificialDataset12,2,kDN_importances_norm,40,82,SVM-rbf,0.8916666666666667,0.8878135333494637
ArtificialDataset12,2,kDN_importances_norm,40,82,KNN,0.87,0.8653500185194984
ArtificialDataset12,2,kDN_importances_norm,41,82,SVM-rbf,0.8933333333333333,0.8894717170805894
ArtificialDataset12,2,kDN_importances_norm,41,82,KNN,0.87,0.8653500185194984
ArtificialDataset12,2,kDN_importances_norm,42,82,SVM-rbf,0.8933333333333333,0.8894717170805894
ArtificialDataset12,2,kDN_importances_norm,42,82,KNN,0.87,0.8653500185194984
ArtificialDataset12,2,kDN_importances_norm,43,82,SVM-rbf,0.8916666666666667,0.8878135333494637
ArtificialDataset12,2,kDN_importances_norm,43,82,KNN,0.87,0.8653500185194984
ArtificialDataset12,2,kDN_importances_norm,44,82,SVM-rbf,0.89,0.8861569073337123
ArtificialDataset12,2,kDN_importances_norm,44,82,KNN,0.87,0.8653500185194984
ArtificialDataset12,2,kDN_importances_norm,45,82,SVM-rbf,0.8883333333333333,0.8843462067848757
ArtificialDataset12,2,kDN_importances_norm,45,82,KNN,0.87,0.8653500185194984
ArtificialDataset12,2,kDN_importances_norm,46,82,SVM-rbf,0.8866666666666667,0.8825317244872777
ArtificialDataset12,2,kDN_importances_norm,46,82,KNN,0.87,0.8651627346306181
ArtificialDataset12,2,kDN_importances_norm,47,82,SVM-rbf,0.8866666666666667,0.8825317244872777
ArtificialDataset12,2,kDN_importances_norm,47,82,KNN,0.87,0.8651627346306181
ArtificialDataset12,2,kDN_importances_norm,48,82,SVM-rbf,0.885,0.8807133950402245
ArtificialDataset12,2,kDN_importances_norm,48,82,KNN,0.8683333333333333,0.863519854099312
ArtificialDataset12,2,kDN_importances_norm,49,82,SVM-rbf,0.885,0.8807133950402245
ArtificialDataset12,2,kDN_importances_norm,49,82,KNN,0.8683333333333333,0.863519854099312
ArtificialDataset12,2,kDN_importances_norm,50,82,SVM-rbf,0.885,0.8808778346744697
ArtificialDataset12,2,kDN_importances_norm,50,82,KNN,0.8716666666666667,0.8668071215243212
ArtificialDataset12,2,kDN_importances_norm,51,82,SVM-rbf,0.885,0.8808778346744697
ArtificialDataset12,2,kDN_importances_norm,51,82,KNN,0.87,0.865533230293663
ArtificialDataset12,2,kDN_importances_norm,52,82,SVM-rbf,0.8833333333333333,0.8790601243953008
ArtificialDataset12,2,kDN_importances_norm,52,82,KNN,0.87,0.865533230293663
ArtificialDataset12,2,kDN_importances_norm,53,82,SVM-rbf,0.8816666666666667,0.8772385120493151
ArtificialDataset12,2,kDN_importances_norm,53,82,KNN,0.8683333333333333,0.8640715458109174
ArtificialDataset12,2,kDN_importances_norm,54,82,SVM-rbf,0.8833333333333333,0.8788911521988927
ArtificialDataset12,2,kDN_importances_norm,54,82,KNN,0.8583333333333333,0.8530917023240205
ArtificialDataset12,2,kDN_importances_norm,55,82,SVM-rbf,0.8866666666666667,0.8825317244872777
ArtificialDataset12,2,kDN_importances_norm,55,82,KNN,0.8516666666666667,0.8467683516453897
ArtificialDataset12,2,kDN_importances_norm,56,82,SVM-rbf,0.885,0.8808778346744697
ArtificialDataset12,2,kDN_importances_norm,56,82,KNN,0.855,0.8500297380031518
ArtificialDataset12,2,kDN_importances_norm,57,82,SVM-rbf,0.88,0.8755874383107959
ArtificialDataset12,2,kDN_importances_norm,57,82,KNN,0.855,0.8498238506549658
ArtificialDataset12,2,kDN_importances_norm,58,82,SVM-rbf,0.8866666666666667,0.8825317244872777
ArtificialDataset12,2,kDN_importances_norm,58,82,KNN,0.8583333333333333,0.8528823630234816
ArtificialDataset12,2,kDN_importances_norm,59,82,SVM-rbf,0.8816666666666667,0.8772385120493151
ArtificialDataset12,2,kDN_importances_norm,59,82,KNN,0.8566666666666667,0.8510325676695784
ArtificialDataset12,2,kDN_importances_norm,60,82,SVM-rbf,0.8816666666666667,0.8772385120493151
ArtificialDataset12,2,kDN_importances_norm,60,82,KNN,0.8466666666666667,0.8410253619244585
ArtificialDataset12,2,kDN_importances_norm,61,82,SVM-rbf,0.8866666666666667,0.8823682430674783
ArtificialDataset12,2,kDN_importances_norm,61,82,KNN,0.8533333333333334,0.847544799956689
ArtificialDataset12,2,kDN_importances_norm,62,82,SVM-rbf,0.8816666666666667,0.8770649288587616
ArtificialDataset12,2,kDN_importances_norm,62,82,KNN,0.8483333333333334,0.8426530785562634
ArtificialDataset12,2,kDN_importances_norm,63,82,SVM-rbf,0.8833333333333333,0.8790601243953008
ArtificialDataset12,2,kDN_importances_norm,63,82,KNN,0.8416666666666667,0.835687986985187
ArtificialDataset12,2,kDN_importances_norm,64,82,SVM-rbf,0.88,0.8754129306276546
ArtificialDataset12,2,kDN_importances_norm,64,82,KNN,0.8383333333333334,0.831452367874699
ArtificialDataset12,2,kDN_importances_norm,65,82,SVM-rbf,0.88,0.8754129306276546
ArtificialDataset12,2,kDN_importances_norm,65,82,KNN,0.84,0.8338256103089668
ArtificialDataset12,2,kDN_importances_norm,66,82,SVM-rbf,0.88,0.8754129306276546
ArtificialDataset12,2,kDN_importances_norm,66,82,KNN,0.845,0.8389382102879238
ArtificialDataset12,2,kDN_importances_norm,67,82,SVM-rbf,0.88,0.8755874383107959
ArtificialDataset12,2,kDN_importances_norm,67,82,KNN,0.8416666666666667,0.8359217622977452
ArtificialDataset12,2,kDN_importances_norm,68,82,SVM-rbf,0.8816666666666667,0.8774084047327622
ArtificialDataset12,2,kDN_importances_norm,68,82,KNN,0.8333333333333334,0.8275862068965518
ArtificialDataset12,2,kDN_importances_norm,69,82,SVM-rbf,0.88,0.8755874383107959
ArtificialDataset12,2,kDN_importances_norm,69,82,KNN,0.835,0.8294388907802297
ArtificialDataset12,2,kDN_importances_norm,70,82,SVM-rbf,0.875,0.8701005215773343
ArtificialDataset12,2,kDN_importances_norm,70,82,KNN,0.8383333333333334,0.8326777526671902
ArtificialDataset12,2,kDN_importances_norm,71,82,SVM-rbf,0.8733333333333333,0.8682633145881574
ArtificialDataset12,2,kDN_importances_norm,71,82,KNN,0.8316666666666667,0.8254827885910572
ArtificialDataset12,2,kDN_importances_norm,72,82,SVM-rbf,0.875,0.8701005215773343
ArtificialDataset12,2,kDN_importances_norm,72,82,KNN,0.8233333333333334,0.8163723331135766
ArtificialDataset12,2,kDN_importances_norm,73,82,SVM-rbf,0.8733333333333333,0.8682633145881574
ArtificialDataset12,2,kDN_importances_norm,73,82,KNN,0.8233333333333334,0.8174172582602268
ArtificialDataset12,2,kDN_importances_norm,74,82,SVM-rbf,0.8716666666666667,0.8664218734969933
ArtificialDataset12,2,kDN_importances_norm,74,82,KNN,0.8383333333333334,0.8317081667638202
ArtificialDataset12,2,kDN_importances_norm,75,82,SVM-rbf,0.875,0.8699116886206179
ArtificialDataset12,2,kDN_importances_norm,75,82,KNN,0.8383333333333334,0.8317081667638202
ArtificialDataset12,2,kDN_importances_norm,76,82,SVM-rbf,0.8733333333333333,0.8682633145881574
ArtificialDataset12,2,kDN_importances_norm,76,82,KNN,0.82,0.8128776887211054
ArtificialDataset12,2,kDN_importances_norm,77,82,SVM-rbf,0.875,0.8699116886206179
ArtificialDataset12,2,kDN_importances_norm,77,82,KNN,0.8166666666666667,0.8099409018462883
ArtificialDataset12,2,kDN_importances_norm,78,82,SVM-rbf,0.8783333333333333,0.873400267869777
ArtificialDataset12,2,kDN_importances_norm,78,82,KNN,0.8183333333333334,0.8115468447943772
ArtificialDataset12,2,kDN_importances_norm,79,82,SVM-rbf,0.8766666666666667,0.8717495881383855
ArtificialDataset12,2,kDN_importances_norm,79,82,KNN,0.8233333333333334,0.8160963137783772
ArtificialDataset12,2,kDN_importances_norm,80,82,SVM-rbf,0.875,0.8699116886206179
ArtificialDataset12,2,kDN_importances_norm,80,82,KNN,0.8216666666666667,0.8152969723283345
ArtificialDataset12,2,kDN_importances_norm,81,82,SVM-rbf,0.8766666666666667,0.8717495881383855
ArtificialDataset12,2,kDN_importances_norm,81,82,KNN,0.825,0.8177076939804082
ArtificialDataset12,2,kDN_importances_norm,82,82,SVM-rbf,0.8733333333333333,0.8680695430933955
ArtificialDataset12,2,kDN_importances_norm,82,82,KNN,0.8233333333333334,0.8155261822896117
ArtificialDataset12,3,kDN_importances_norm,1,83,SVM-rbf,0.65,0.5993464308077645
ArtificialDataset12,3,kDN_importances_norm,1,83,KNN,0.59,0.5399585833826388
ArtificialDataset12,3,kDN_importances_norm,2,83,SVM-rbf,0.7216666666666667,0.6691949805801701
ArtificialDataset12,3,kDN_importances_norm,2,83,KNN,0.6666666666666666,0.6430547375559957
ArtificialDataset12,3,kDN_importances_norm,3,83,SVM-rbf,0.7083333333333334,0.6507806080525883
ArtificialDataset12,3,kDN_importances_norm,3,83,KNN,0.6466666666666666,0.6151874099440483
ArtificialDataset12,3,kDN_importances_norm,4,83,SVM-rbf,0.7166666666666667,0.6634376323689202
ArtificialDataset12,3,kDN_importances_norm,4,83,KNN,0.65,0.618991793669402
ArtificialDataset12,3,kDN_importances_norm,5,83,SVM-rbf,0.7366666666666667,0.7018409727440399
ArtificialDataset12,3,kDN_importances_norm,5,83,KNN,0.6916666666666667,0.668843464645724
ArtificialDataset12,3,kDN_importances_norm,6,83,SVM-rbf,0.7183333333333334,0.687813679983199
ArtificialDataset12,3,kDN_importances_norm,6,83,KNN,0.7083333333333334,0.684422455967651
ArtificialDataset12,3,kDN_importances_norm,7,83,SVM-rbf,0.7416666666666667,0.7202404370698151
ArtificialDataset12,3,kDN_importances_norm,7,83,KNN,0.7416666666666667,0.7233375182001596
ArtificialDataset12,3,kDN_importances_norm,8,83,SVM-rbf,0.775,0.7592752372735115
ArtificialDataset12,3,kDN_importances_norm,8,83,KNN,0.745,0.7245841035120147
ArtificialDataset12,3,kDN_importances_norm,9,83,SVM-rbf,0.79,0.7771625574592561
ArtificialDataset12,3,kDN_importances_norm,9,83,KNN,0.7666666666666667,0.7488299531981278
ArtificialDataset12,3,kDN_importances_norm,10,83,SVM-rbf,0.8033333333333333,0.7919099676574324
ArtificialDataset12,3,kDN_importances_norm,10,83,KNN,0.7733333333333333,0.757202659443487
ArtificialDataset12,3,kDN_importances_norm,11,83,SVM-rbf,0.8133333333333334,0.8026317690052143
ArtificialDataset12,3,kDN_importances_norm,11,83,KNN,0.7716666666666666,0.7556351728787439
ArtificialDataset12,3,kDN_importances_norm,12,83,SVM-rbf,0.825,0.814268204217425
ArtificialDataset12,3,kDN_importances_norm,12,83,KNN,0.7833333333333333,0.7699686765857479
ArtificialDataset12,3,kDN_importances_norm,13,83,SVM-rbf,0.8233333333333334,0.8126511627906978
ArtificialDataset12,3,kDN_importances_norm,13,83,KNN,0.795,0.7810579345088161
ArtificialDataset12,3,kDN_importances_norm,14,83,SVM-rbf,0.8416666666666667,0.8321607618274623
ArtificialDataset12,3,kDN_importances_norm,14,83,KNN,0.8033333333333333,0.7907247144707408
ArtificialDataset12,3,kDN_importances_norm,15,83,SVM-rbf,0.8483333333333334,0.8393034946693543
ArtificialDataset12,3,kDN_importances_norm,15,83,KNN,0.8083333333333333,0.7959284478121994
ArtificialDataset12,3,kDN_importances_norm,16,83,SVM-rbf,0.8483333333333334,0.8393034946693543
ArtificialDataset12,3,kDN_importances_norm,16,83,KNN,0.7983333333333333,0.784243069489374
ArtificialDataset12,3,kDN_importances_norm,17,83,SVM-rbf,0.8633333333333333,0.855474651241919
ArtificialDataset12,3,kDN_importances_norm,17,83,KNN,0.815,0.8023566166965858
ArtificialDataset12,3,kDN_importances_norm,18,83,SVM-rbf,0.8583333333333333,0.8502697026600857
ArtificialDataset12,3,kDN_importances_norm,18,83,KNN,0.8183333333333334,0.8059717725708858
ArtificialDataset12,3,kDN_importances_norm,19,83,SVM-rbf,0.8566666666666667,0.8486247328913483
ArtificialDataset12,3,kDN_importances_norm,19,83,KNN,0.82,0.8071988388969521
ArtificialDataset12,3,kDN_importances_norm,20,83,SVM-rbf,0.8616666666666667,0.8540794570018806
ArtificialDataset12,3,kDN_importances_norm,20,83,KNN,0.8166666666666667,0.8051168575726022
ArtificialDataset12,3,kDN_importances_norm,21,83,SVM-rbf,0.8666666666666667,0.8597551108474027
ArtificialDataset12,3,kDN_importances_norm,21,83,KNN,0.8283333333333334,0.8191584443478844
ArtificialDataset12,3,kDN_importances_norm,22,83,SVM-rbf,0.8683333333333333,0.8616369326757901
ArtificialDataset12,3,kDN_importances_norm,22,83,KNN,0.8266666666666667,0.8168988087631868
ArtificialDataset12,3,kDN_importances_norm,23,83,SVM-rbf,0.87,0.8632883850864941
ArtificialDataset12,3,kDN_importances_norm,23,83,KNN,0.83,0.8201376692538668
ArtificialDataset12,3,kDN_importances_norm,24,83,SVM-rbf,0.8733333333333333,0.8670388226338493
ArtificialDataset12,3,kDN_importances_norm,24,83,KNN,0.825,0.814268204217425
ArtificialDataset12,3,kDN_importances_norm,25,83,SVM-rbf,0.87,0.8635138577883855
ArtificialDataset12,3,kDN_importances_norm,25,83,KNN,0.8266666666666667,0.8158871566443949
ArtificialDataset12,3,kDN_importances_norm,26,83,SVM-rbf,0.8683333333333333,0.8616369326757901
ArtificialDataset12,3,kDN_importances_norm,26,83,KNN,0.84,0.8305288966725044
ArtificialDataset12,3,kDN_importances_norm,27,83,SVM-rbf,0.87,0.8635138577883855
ArtificialDataset12,3,kDN_importances_norm,27,83,KNN,0.8316666666666667,0.8220820345181822
ArtificialDataset12,3,kDN_importances_norm,28,83,SVM-rbf,0.875,0.8691160388114572
ArtificialDataset12,3,kDN_importances_norm,28,83,KNN,0.835,0.8243505976095618
ArtificialDataset12,3,kDN_importances_norm,29,83,SVM-rbf,0.8816666666666667,0.8765217391304347
ArtificialDataset12,3,kDN_importances_norm,29,83,KNN,0.8383333333333334,0.827612523009847
ArtificialDataset12,3,kDN_importances_norm,30,83,SVM-rbf,0.8816666666666667,0.8765217391304347
ArtificialDataset12,3,kDN_importances_norm,30,83,KNN,0.8383333333333334,0.8292056246521348
ArtificialDataset12,3,kDN_importances_norm,31,83,SVM-rbf,0.88,0.8746769344374704
ArtificialDataset12,3,kDN_importances_norm,31,83,KNN,0.8283333333333334,0.8188410156595595
ArtificialDataset12,3,kDN_importances_norm,32,83,SVM-rbf,0.88,0.8746769344374704
ArtificialDataset12,3,kDN_importances_norm,32,83,KNN,0.83,0.8207773512476008
ArtificialDataset12,3,kDN_importances_norm,33,83,SVM-rbf,0.8766666666666667,0.8711740097436984
ArtificialDataset12,3,kDN_importances_norm,33,83,KNN,0.8333333333333334,0.8246327810435052
ArtificialDataset12,3,kDN_importances_norm,34,83,SVM-rbf,0.88,0.8748666903661572
ArtificialDataset12,3,kDN_importances_norm,34,83,KNN,0.835,0.8268427134573156
ArtificialDataset12,3,kDN_importances_norm,35,83,SVM-rbf,0.88,0.8748666903661572
ArtificialDataset12,3,kDN_importances_norm,35,83,KNN,0.845,0.8379551507861501
ArtificialDataset12,3,kDN_importances_norm,36,83,SVM-rbf,0.88,0.8748666903661572
ArtificialDataset12,3,kDN_importances_norm,36,83,KNN,0.8416666666666667,0.833345491556982
ArtificialDataset12,3,kDN_importances_norm,37,83,SVM-rbf,0.8833333333333333,0.8783622509868723
ArtificialDataset12,3,kDN_importances_norm,37,83,KNN,0.8416666666666667,0.8330578512396695
ArtificialDataset12,3,kDN_importances_norm,38,83,SVM-rbf,0.8816666666666667,0.8767065728701282
ArtificialDataset12,3,kDN_importances_norm,38,83,KNN,0.8416666666666667,0.8330578512396695
ArtificialDataset12,3,kDN_importances_norm,39,83,SVM-rbf,0.88,0.8748666903661572
ArtificialDataset12,3,kDN_importances_norm,39,83,KNN,0.835,0.826552058162184
ArtificialDataset12,3,kDN_importances_norm,40,83,SVM-rbf,0.88,0.8748666903661572
ArtificialDataset12,3,kDN_importances_norm,40,83,KNN,0.835,0.826552058162184
ArtificialDataset12,3,kDN_importances_norm,41,83,SVM-rbf,0.88,0.8748666903661572
ArtificialDataset12,3,kDN_importances_norm,41,83,KNN,0.835,0.826552058162184
ArtificialDataset12,3,kDN_importances_norm,42,83,SVM-rbf,0.88,0.8748666903661572
ArtificialDataset12,3,kDN_importances_norm,42,83,KNN,0.8333333333333334,0.8246327810435052
ArtificialDataset12,3,kDN_importances_norm,43,83,SVM-rbf,0.88,0.8748666903661572
ArtificialDataset12,3,kDN_importances_norm,43,83,KNN,0.8333333333333334,0.8246327810435052
ArtificialDataset12,3,kDN_importances_norm,44,83,SVM-rbf,0.88,0.8748666903661572
ArtificialDataset12,3,kDN_importances_norm,44,83,KNN,0.8333333333333334,0.8246327810435052
ArtificialDataset12,3,kDN_importances_norm,45,83,SVM-rbf,0.8766666666666667,0.8711740097436984
ArtificialDataset12,3,kDN_importances_norm,45,83,KNN,0.8333333333333334,0.8246327810435052
ArtificialDataset12,3,kDN_importances_norm,46,83,SVM-rbf,0.8783333333333333,0.8730225266111065
ArtificialDataset12,3,kDN_importances_norm,46,83,KNN,0.8316666666666667,0.8220820345181822
ArtificialDataset12,3,kDN_importances_norm,47,83,SVM-rbf,0.8783333333333333,0.8730225266111065
ArtificialDataset12,3,kDN_importances_norm,47,83,KNN,0.83,0.8201376692538668
ArtificialDataset12,3,kDN_importances_norm,48,83,SVM-rbf,0.8766666666666667,0.8711740097436984
ArtificialDataset12,3,kDN_importances_norm,48,83,KNN,0.8216666666666667,0.8123801834549134
ArtificialDataset12,3,kDN_importances_norm,49,83,SVM-rbf,0.8766666666666667,0.8711740097436984
ArtificialDataset12,3,kDN_importances_norm,49,83,KNN,0.8216666666666667,0.8123801834549134
ArtificialDataset12,3,kDN_importances_norm,50,83,SVM-rbf,0.8766666666666667,0.8711740097436984
ArtificialDataset12,3,kDN_importances_norm,50,83,KNN,0.83,0.821087927415151
ArtificialDataset12,3,kDN_importances_norm,51,83,SVM-rbf,0.8766666666666667,0.870974157705618
ArtificialDataset12,3,kDN_importances_norm,51,83,KNN,0.8333333333333334,0.8237052916619657
ArtificialDataset12,3,kDN_importances_norm,52,83,SVM-rbf,0.8766666666666667,0.8711740097436984
ArtificialDataset12,3,kDN_importances_norm,52,83,KNN,0.8266666666666667,0.8162308514428215
ArtificialDataset12,3,kDN_importances_norm,53,83,SVM-rbf,0.8766666666666667,0.8711740097436984
ArtificialDataset12,3,kDN_importances_norm,53,83,KNN,0.825,0.814268204217425
ArtificialDataset12,3,kDN_importances_norm,54,83,SVM-rbf,0.8766666666666667,0.8711740097436984
ArtificialDataset12,3,kDN_importances_norm,54,83,KNN,0.8183333333333334,0.8074572149129907
ArtificialDataset12,3,kDN_importances_norm,55,83,SVM-rbf,0.8766666666666667,0.8711740097436984
ArtificialDataset12,3,kDN_importances_norm,55,83,KNN,0.83,0.8204606183992875
ArtificialDataset12,3,kDN_importances_norm,56,83,SVM-rbf,0.875,0.8693210669374832
ArtificialDataset12,3,kDN_importances_norm,56,83,KNN,0.8333333333333334,0.8249299719887955
ArtificialDataset12,3,kDN_importances_norm,57,83,SVM-rbf,0.8766666666666667,0.870974157705618
ArtificialDataset12,3,kDN_importances_norm,57,83,KNN,0.8433333333333334,0.8349755745531252
ArtificialDataset12,3,kDN_importances_norm,58,83,SVM-rbf,0.8733333333333333,0.8674636243826462
ArtificialDataset12,3,kDN_importances_norm,58,83,KNN,0.8433333333333334,0.8349755745531252
ArtificialDataset12,3,kDN_importances_norm,59,83,SVM-rbf,0.8733333333333333,0.8674636243826462
ArtificialDataset12,3,kDN_importances_norm,59,83,KNN,0.83,0.8201376692538668
ArtificialDataset12,3,kDN_importances_norm,60,83,SVM-rbf,0.8733333333333333,0.8674636243826462
ArtificialDataset12,3,kDN_importances_norm,60,83,KNN,0.8383333333333334,0.8303741843074132
ArtificialDataset12,3,kDN_importances_norm,61,83,SVM-rbf,0.8716666666666667,0.8656016072674119
ArtificialDataset12,3,kDN_importances_norm,61,83,KNN,0.8316666666666667,0.8230117397518603
ArtificialDataset12,3,kDN_importances_norm,62,83,SVM-rbf,0.8716666666666667,0.8656016072674119
ArtificialDataset12,3,kDN_importances_norm,62,83,KNN,0.8233333333333334,0.8129964002057027
ArtificialDataset12,3,kDN_importances_norm,63,83,SVM-rbf,0.8733333333333333,0.8674636243826462
ArtificialDataset12,3,kDN_importances_norm,63,83,KNN,0.8,0.7887199953048888
ArtificialDataset12,3,kDN_importances_norm,64,83,SVM-rbf,0.8683333333333333,0.8618635449843771
ArtificialDataset12,3,kDN_importances_norm,64,83,KNN,0.805,0.7923237208345124
ArtificialDataset12,3,kDN_importances_norm,65,83,SVM-rbf,0.87,0.8637349397590361
ArtificialDataset12,3,kDN_importances_norm,65,83,KNN,0.8133333333333334,0.8007466168922072
ArtificialDataset12,3,kDN_importances_norm,66,83,SVM-rbf,0.8716666666666667,0.8653859653227882
ArtificialDataset12,3,kDN_importances_norm,66,83,KNN,0.8083333333333333,0.7970866333661972
ArtificialDataset12,3,kDN_importances_norm,67,83,SVM-rbf,0.8733333333333333,0.8672533333333332
ArtificialDataset12,3,kDN_importances_norm,67,83,KNN,0.825,0.8159258249250066
ArtificialDataset12,3,kDN_importances_norm,68,83,SVM-rbf,0.8716666666666667,0.8653859653227882
ArtificialDataset12,3,kDN_importances_norm,68,83,KNN,0.81,0.8001298701298701
ArtificialDataset12,3,kDN_importances_norm,69,83,SVM-rbf,0.8716666666666667,0.8653859653227882
ArtificialDataset12,3,kDN_importances_norm,69,83,KNN,0.81,0.800808214450069
ArtificialDataset12,3,kDN_importances_norm,70,83,SVM-rbf,0.8716666666666667,0.8653859653227882
ArtificialDataset12,3,kDN_importances_norm,70,83,KNN,0.8016666666666666,0.7921416250567408
ArtificialDataset12,3,kDN_importances_norm,71,83,SVM-rbf,0.8683333333333333,0.8616369326757901
ArtificialDataset12,3,kDN_importances_norm,71,83,KNN,0.8066666666666666,0.7972730949217169
ArtificialDataset12,3,kDN_importances_norm,72,83,SVM-rbf,0.8666666666666667,0.8599873450100297
ArtificialDataset12,3,kDN_importances_norm,72,83,KNN,0.8,0.7894736842105263
ArtificialDataset12,3,kDN_importances_norm,73,83,SVM-rbf,0.87,0.8635138577883855
ArtificialDataset12,3,kDN_importances_norm,73,83,KNN,0.81,0.799780280142818
ArtificialDataset12,3,kDN_importances_norm,74,83,SVM-rbf,0.8666666666666667,0.8597551108474027
ArtificialDataset12,3,kDN_importances_norm,74,83,KNN,0.8,0.7901975639606037
ArtificialDataset12,3,kDN_importances_norm,75,83,SVM-rbf,0.8683333333333333,0.8616369326757901
ArtificialDataset12,3,kDN_importances_norm,75,83,KNN,0.815,0.8052834168582897
ArtificialDataset12,3,kDN_importances_norm,76,83,SVM-rbf,0.8666666666666667,0.8597551108474027
ArtificialDataset12,3,kDN_importances_norm,76,83,KNN,0.8116666666666666,0.8027385966484453
ArtificialDataset12,3,kDN_importances_norm,77,83,SVM-rbf,0.8666666666666667,0.8597551108474027
ArtificialDataset12,3,kDN_importances_norm,77,83,KNN,0.8116666666666666,0.801383039004443
ArtificialDataset12,3,kDN_importances_norm,78,83,SVM-rbf,0.8633333333333333,0.855976454951106
ArtificialDataset12,3,kDN_importances_norm,78,83,KNN,0.8133333333333334,0.8026317690052143
ArtificialDataset12,3,kDN_importances_norm,79,83,SVM-rbf,0.8633333333333333,0.855976454951106
ArtificialDataset12,3,kDN_importances_norm,79,83,KNN,0.8066666666666666,0.7965797101449276
ArtificialDataset12,3,kDN_importances_norm,80,83,SVM-rbf,0.8633333333333333,0.855976454951106
ArtificialDataset12,3,kDN_importances_norm,80,83,KNN,0.81,0.799780280142818
ArtificialDataset12,3,kDN_importances_norm,81,83,SVM-rbf,0.8633333333333333,0.855976454951106
ArtificialDataset12,3,kDN_importances_norm,81,83,KNN,0.815,0.8062675113768182
ArtificialDataset12,3,kDN_importances_norm,82,83,SVM-rbf,0.8633333333333333,0.855976454951106
ArtificialDataset12,3,kDN_importances_norm,82,83,KNN,0.8133333333333334,0.80401325320214
ArtificialDataset12,3,kDN_importances_norm,83,83,SVM-rbf,0.86,0.8524328961882585
ArtificialDataset12,3,kDN_importances_norm,83,83,KNN,0.8116666666666666,0.8027385966484453
ArtificialDataset12,4,kDN_importances_norm,1,83,SVM-rbf,0.6516666666666666,0.5791996869190882
ArtificialDataset12,4,kDN_importances_norm,1,83,KNN,0.62,0.5956213288580364
ArtificialDataset12,4,kDN_importances_norm,2,83,SVM-rbf,0.65,0.5845507669831993
ArtificialDataset12,4,kDN_importances_norm,2,83,KNN,0.56,0.5210780926053905
ArtificialDataset12,4,kDN_importances_norm,3,83,SVM-rbf,0.655,0.5949280738531402
ArtificialDataset12,4,kDN_importances_norm,3,83,KNN,0.5766666666666667,0.5339103502407773
ArtificialDataset12,4,kDN_importances_norm,4,83,SVM-rbf,0.7166666666666667,0.6634376323689202
ArtificialDataset12,4,kDN_importances_norm,4,83,KNN,0.6666666666666666,0.638832707310026
ArtificialDataset12,4,kDN_importances_norm,5,83,SVM-rbf,0.7333333333333333,0.7030838788042377
ArtificialDataset12,4,kDN_importances_norm,5,83,KNN,0.6616666666666666,0.6370935421554367
ArtificialDataset12,4,kDN_importances_norm,6,83,SVM-rbf,0.7566666666666667,0.7327947626418988
ArtificialDataset12,4,kDN_importances_norm,6,83,KNN,0.7166666666666667,0.6933724832214765
ArtificialDataset12,4,kDN_importances_norm,7,83,SVM-rbf,0.7516666666666667,0.7281494876431587
ArtificialDataset12,4,kDN_importances_norm,7,83,KNN,0.72,0.6991593573311669
ArtificialDataset12,4,kDN_importances_norm,8,83,SVM-rbf,0.775,0.7572045747260695
ArtificialDataset12,4,kDN_importances_norm,8,83,KNN,0.7483333333333333,0.7312112718493176
ArtificialDataset12,4,kDN_importances_norm,9,83,SVM-rbf,0.79,0.7758478329405053
ArtificialDataset12,4,kDN_importances_norm,9,83,KNN,0.7683333333333333,0.7553853847357792
ArtificialDataset12,4,kDN_importances_norm,10,83,SVM-rbf,0.79,0.7775841265585199
ArtificialDataset12,4,kDN_importances_norm,10,83,KNN,0.78,0.765911330049261
ArtificialDataset12,4,kDN_importances_norm,11,83,SVM-rbf,0.7933333333333333,0.7823598820058997
ArtificialDataset12,4,kDN_importances_norm,11,83,KNN,0.7683333333333333,0.7544630711753999
ArtificialDataset12,4,kDN_importances_norm,12,83,SVM-rbf,0.7916666666666666,0.7803845997359067
ArtificialDataset12,4,kDN_importances_norm,12,83,KNN,0.7733333333333333,0.7605306698644485
ArtificialDataset12,4,kDN_importances_norm,13,83,SVM-rbf,0.8,0.7883317899193014
ArtificialDataset12,4,kDN_importances_norm,13,83,KNN,0.7933333333333333,0.7823598820058997
ArtificialDataset12,4,kDN_importances_norm,14,83,SVM-rbf,0.8166666666666667,0.8075522358217055
ArtificialDataset12,4,kDN_importances_norm,14,83,KNN,0.79,0.7771625574592561
ArtificialDataset12,4,kDN_importances_norm,15,83,SVM-rbf,0.815,0.8052834168582897
ArtificialDataset12,4,kDN_importances_norm,15,83,KNN,0.7866666666666666,0.7731280510702215
ArtificialDataset12,4,kDN_importances_norm,16,83,SVM-rbf,0.8183333333333334,0.8084989140197015
ArtificialDataset12,4,kDN_importances_norm,16,83,KNN,0.7966666666666666,0.7826495318742918
ArtificialDataset12,4,kDN_importances_norm,17,83,SVM-rbf,0.8233333333333334,0.8143120567375886
ArtificialDataset12,4,kDN_importances_norm,17,83,KNN,0.7983333333333333,0.7846791121017925
ArtificialDataset12,4,kDN_importances_norm,18,83,SVM-rbf,0.8183333333333334,0.8091599242616041
ArtificialDataset12,4,kDN_importances_norm,18,83,KNN,0.8016666666666666,0.78871658958108
ArtificialDataset12,4,kDN_importances_norm,19,83,SVM-rbf,0.8233333333333334,0.8146249592885768
ArtificialDataset12,4,kDN_importances_norm,19,83,KNN,0.8116666666666666,0.8002932221411748
ArtificialDataset12,4,kDN_importances_norm,20,83,SVM-rbf,0.83,0.821087927415151
ArtificialDataset12,4,kDN_importances_norm,20,83,KNN,0.8166666666666667,0.8047412731303707
ArtificialDataset12,4,kDN_importances_norm,21,83,SVM-rbf,0.83,0.8207773512476008
ArtificialDataset12,4,kDN_importances_norm,21,83,KNN,0.8,0.7887199953048888
ArtificialDataset12,4,kDN_importances_norm,22,83,SVM-rbf,0.8383333333333334,0.8303741843074132
ArtificialDataset12,4,kDN_importances_norm,22,83,KNN,0.8233333333333334,0.813335044416877
ArtificialDataset12,4,kDN_importances_norm,23,83,SVM-rbf,0.8416666666666667,0.8336275267981926
ArtificialDataset12,4,kDN_importances_norm,23,83,KNN,0.8166666666666667,0.8062015503875971
ArtificialDataset12,4,kDN_importances_norm,24,83,SVM-rbf,0.8483333333333334,0.8409588001606928
ArtificialDataset12,4,kDN_importances_norm,24,83,KNN,0.8166666666666667,0.8065493281267947
ArtificialDataset12,4,kDN_importances_norm,25,83,SVM-rbf,0.8583333333333333,0.8519989857154932
ArtificialDataset12,4,kDN_importances_norm,25,83,KNN,0.8366666666666667,0.8287500522145951
ArtificialDataset12,4,kDN_importances_norm,26,83,SVM-rbf,0.855,0.8482511704764527
ArtificialDataset12,4,kDN_importances_norm,26,83,KNN,0.84,0.832
ArtificialDataset12,4,kDN_importances_norm,27,83,SVM-rbf,0.8616666666666667,0.8552802425542391
ArtificialDataset12,4,kDN_importances_norm,27,83,KNN,0.8433333333333334,0.8346887989879189
ArtificialDataset12,4,kDN_importances_norm,28,83,SVM-rbf,0.86,0.8534071077801378
ArtificialDataset12,4,kDN_importances_norm,28,83,KNN,0.84,0.8308346386216154
ArtificialDataset12,4,kDN_importances_norm,29,83,SVM-rbf,0.8616666666666667,0.8552802425542391
ArtificialDataset12,4,kDN_importances_norm,29,83,KNN,0.8416666666666667,0.8336275267981926
ArtificialDataset12,4,kDN_importances_norm,30,83,SVM-rbf,0.8616666666666667,0.8552802425542391
ArtificialDataset12,4,kDN_importances_norm,30,83,KNN,0.835,0.8259531537854198
ArtificialDataset12,4,kDN_importances_norm,31,83,SVM-rbf,0.8583333333333333,0.851529139632138
ArtificialDataset12,4,kDN_importances_norm,31,83,KNN,0.835,0.8259531537854198
ArtificialDataset12,4,kDN_importances_norm,32,83,SVM-rbf,0.855,0.8477583836757527
ArtificialDataset12,4,kDN_importances_norm,32,83,KNN,0.8366666666666667,0.8278800940438871
ArtificialDataset12,4,kDN_importances_norm,33,83,SVM-rbf,0.8616666666666667,0.8550495036126997
ArtificialDataset12,4,kDN_importances_norm,33,83,KNN,0.8333333333333334,0.8243296419135421
ArtificialDataset12,4,kDN_importances_norm,34,83,SVM-rbf,0.8633333333333333,0.8569234293105538
ArtificialDataset12,4,kDN_importances_norm,34,83,KNN,0.83,0.821087927415151
ArtificialDataset12,4,kDN_importances_norm,35,83,SVM-rbf,0.8633333333333333,0.8569234293105538
ArtificialDataset12,4,kDN_importances_norm,35,83,KNN,0.8283333333333334,0.8194696694515075
ArtificialDataset12,4,kDN_importances_norm,36,83,SVM-rbf,0.865,0.8585683574497289
ArtificialDataset12,4,kDN_importances_norm,36,83,KNN,0.84,0.8317171913910879
ArtificialDataset12,4,kDN_importances_norm,37,83,SVM-rbf,0.8616666666666667,0.8552802425542391
ArtificialDataset12,4,kDN_importances_norm,37,83,KNN,0.8416666666666667,0.833345491556982
ArtificialDataset12,4,kDN_importances_norm,38,83,SVM-rbf,0.86,0.8538657604078165
ArtificialDataset12,4,kDN_importances_norm,38,83,KNN,0.8433333333333334,0.8349755745531252
ArtificialDataset12,4,kDN_importances_norm,39,83,SVM-rbf,0.86,0.8538657604078165
ArtificialDataset12,4,kDN_importances_norm,39,83,KNN,0.8416666666666667,0.833345491556982
ArtificialDataset12,4,kDN_importances_norm,40,83,SVM-rbf,0.86,0.8538657604078165
ArtificialDataset12,4,kDN_importances_norm,40,83,KNN,0.8416666666666667,0.833345491556982
ArtificialDataset12,4,kDN_importances_norm,41,83,SVM-rbf,0.8583333333333333,0.8522268094831399
ArtificialDataset12,4,kDN_importances_norm,41,83,KNN,0.84,0.8317171913910879
ArtificialDataset12,4,kDN_importances_norm,42,83,SVM-rbf,0.8583333333333333,0.8522268094831399
ArtificialDataset12,4,kDN_importances_norm,42,83,KNN,0.84,0.8317171913910879
ArtificialDataset12,4,kDN_importances_norm,43,83,SVM-rbf,0.855,0.8484901977425104
ArtificialDataset12,4,kDN_importances_norm,43,83,KNN,0.8383333333333334,0.8298014099786863
ArtificialDataset12,4,kDN_importances_norm,44,83,SVM-rbf,0.855,0.8484901977425104
ArtificialDataset12,4,kDN_importances_norm,44,83,KNN,0.84,0.8317171913910879
ArtificialDataset12,4,kDN_importances_norm,45,83,SVM-rbf,0.855,0.8484901977425104
ArtificialDataset12,4,kDN_importances_norm,45,83,KNN,0.84,0.8317171913910879
ArtificialDataset12,4,kDN_importances_norm,46,83,SVM-rbf,0.855,0.8482511704764527
ArtificialDataset12,4,kDN_importances_norm,46,83,KNN,0.835,0.8268427134573156
ArtificialDataset12,4,kDN_importances_norm,47,83,SVM-rbf,0.8583333333333333,0.8517664428348419
ArtificialDataset12,4,kDN_importances_norm,47,83,KNN,0.8333333333333334,0.8249299719887955
ArtificialDataset12,4,kDN_importances_norm,48,83,SVM-rbf,0.8566666666666667,0.8498892948831145
ArtificialDataset12,4,kDN_importances_norm,48,83,KNN,0.8333333333333334,0.8249299719887955
ArtificialDataset12,4,kDN_importances_norm,49,83,SVM-rbf,0.8566666666666667,0.8496462585034011
ArtificialDataset12,4,kDN_importances_norm,49,83,KNN,0.8333333333333334,0.8249299719887955
ArtificialDataset12,4,kDN_importances_norm,50,83,SVM-rbf,0.8566666666666667,0.849398329222257
ArtificialDataset12,4,kDN_importances_norm,50,83,KNN,0.8333333333333334,0.8249299719887955
ArtificialDataset12,4,kDN_importances_norm,51,83,SVM-rbf,0.8583333333333333,0.851529139632138
ArtificialDataset12,4,kDN_importances_norm,51,83,KNN,0.8383333333333334,0.8298014099786863
ArtificialDataset12,4,kDN_importances_norm,52,83,SVM-rbf,0.8566666666666667,0.8496462585034011
ArtificialDataset12,4,kDN_importances_norm,52,83,KNN,0.8366666666666667,0.8284658298465829
ArtificialDataset12,4,kDN_importances_norm,53,83,SVM-rbf,0.8583333333333333,0.8512870338600144
ArtificialDataset12,4,kDN_importances_norm,53,83,KNN,0.83,0.8219832903442862
ArtificialDataset12,4,kDN_importances_norm,54,83,SVM-rbf,0.8566666666666667,0.849398329222257
ArtificialDataset12,4,kDN_importances_norm,54,83,KNN,0.8233333333333334,0.813335044416877
ArtificialDataset12,4,kDN_importances_norm,55,83,SVM-rbf,0.855,0.8475045358098342
ArtificialDataset12,4,kDN_importances_norm,55,83,KNN,0.8283333333333334,0.8181873071008208
ArtificialDataset12,4,kDN_importances_norm,56,83,SVM-rbf,0.86,0.8529296000217157
ArtificialDataset12,4,kDN_importances_norm,56,83,KNN,0.8233333333333334,0.8136671601002049
ArtificialDataset12,4,kDN_importances_norm,57,83,SVM-rbf,0.8616666666666667,0.8550495036126997
ArtificialDataset12,4,kDN_importances_norm,57,83,KNN,0.8266666666666667,0.8175412781731489
ArtificialDataset12,4,kDN_importances_norm,58,83,SVM-rbf,0.8616666666666667,0.8550495036126997
ArtificialDataset12,4,kDN_importances_norm,58,83,KNN,0.83,0.8213924050632911
ArtificialDataset12,4,kDN_importances_norm,59,83,SVM-rbf,0.8616666666666667,0.8548140980311882
ArtificialDataset12,4,kDN_importances_norm,59,83,KNN,0.8216666666666667,0.8110360045708719
ArtificialDataset12,4,kDN_importances_norm,60,83,SVM-rbf,0.8616666666666667,0.8550495036126997
ArtificialDataset12,4,kDN_importances_norm,60,83,KNN,0.8266666666666667,0.8158871566443949
ArtificialDataset12,4,kDN_importances_norm,61,83,SVM-rbf,0.8583333333333333,0.8512870338600144
ArtificialDataset12,4,kDN_importances_norm,61,83,KNN,0.8266666666666667,0.8158871566443949
ArtificialDataset12,4,kDN_importances_norm,62,83,SVM-rbf,0.8616666666666667,0.8550495036126997
ArtificialDataset12,4,kDN_importances_norm,62,83,KNN,0.8283333333333334,0.8181873071008208
ArtificialDataset12,4,kDN_importances_norm,63,83,SVM-rbf,0.8616666666666667,0.8548140980311882
ArtificialDataset12,4,kDN_importances_norm,63,83,KNN,0.82,0.8079680814155199
ArtificialDataset12,4,kDN_importances_norm,64,83,SVM-rbf,0.8566666666666667,0.8496462585034011
ArtificialDataset12,4,kDN_importances_norm,64,83,KNN,0.8133333333333334,0.8022690437601296
ArtificialDataset12,4,kDN_importances_norm,65,83,SVM-rbf,0.855,0.8477583836757527
ArtificialDataset12,4,kDN_importances_norm,65,83,KNN,0.8216666666666667,0.8110360045708719
ArtificialDataset12,4,kDN_importances_norm,66,83,SVM-rbf,0.8516666666666667,0.8442281279220712
ArtificialDataset12,4,kDN_importances_norm,66,83,KNN,0.8216666666666667,0.8123801834549134
ArtificialDataset12,4,kDN_importances_norm,67,83,SVM-rbf,0.8516666666666667,0.8442281279220712
ArtificialDataset12,4,kDN_importances_norm,67,83,KNN,0.8183333333333334,0.8074572149129907
ArtificialDataset12,4,kDN_importances_norm,68,83,SVM-rbf,0.8533333333333334,0.846120218579235
ArtificialDataset12,4,kDN_importances_norm,68,83,KNN,0.79,0.776294498381877
ArtificialDataset12,4,kDN_importances_norm,69,83,SVM-rbf,0.855,0.8480072469937577
ArtificialDataset12,4,kDN_importances_norm,69,83,KNN,0.7933333333333333,0.7807559728990848
ArtificialDataset12,4,kDN_importances_norm,70,83,SVM-rbf,0.855,0.8477583836757527
ArtificialDataset12,4,kDN_importances_norm,70,83,KNN,0.8033333333333333,0.791522491349481
ArtificialDataset12,4,kDN_importances_norm,71,83,SVM-rbf,0.855,0.8477583836757527
ArtificialDataset12,4,kDN_importances_norm,71,83,KNN,0.8066666666666666,0.7939246230417996
ArtificialDataset12,4,kDN_importances_norm,72,83,SVM-rbf,0.8566666666666667,0.8496462585034011
ArtificialDataset12,4,kDN_importances_norm,72,83,KNN,0.8016666666666666,0.7891275756247259
ArtificialDataset12,4,kDN_importances_norm,73,83,SVM-rbf,0.8533333333333334,0.8458654332982115
ArtificialDataset12,4,kDN_importances_norm,73,83,KNN,0.7966666666666666,0.7851479603867013
ArtificialDataset12,4,kDN_importances_norm,74,83,SVM-rbf,0.8533333333333334,0.8458654332982115
ArtificialDataset12,4,kDN_importances_norm,74,83,KNN,0.8,0.7887199953048888
ArtificialDataset12,4,kDN_importances_norm,75,83,SVM-rbf,0.8516666666666667,0.8439673243650312
ArtificialDataset12,4,kDN_importances_norm,75,83,KNN,0.8,0.789100601942032
ArtificialDataset12,4,kDN_importances_norm,76,83,SVM-rbf,0.8466666666666667,0.838520647907568
ArtificialDataset12,4,kDN_importances_norm,76,83,KNN,0.7966666666666666,0.7862912091939197
ArtificialDataset12,4,kDN_importances_norm,77,83,SVM-rbf,0.8483333333333334,0.8404284272283487
ArtificialDataset12,4,kDN_importances_norm,77,83,KNN,0.8033333333333333,0.7926624768515144
ArtificialDataset12,4,kDN_importances_norm,78,83,SVM-rbf,0.845,0.8368878234067063
ArtificialDataset12,4,kDN_importances_norm,78,83,KNN,0.8133333333333334,0.803336259877085
ArtificialDataset12,4,kDN_importances_norm,79,83,SVM-rbf,0.8466666666666667,0.8382411983774279
ArtificialDataset12,4,kDN_importances_norm,79,83,KNN,0.7966666666666666,0.783086101977355
ArtificialDataset12,4,kDN_importances_norm,80,83,SVM-rbf,0.845,0.8366074677293597
ArtificialDataset12,4,kDN_importances_norm,80,83,KNN,0.785,0.7732526244686688
ArtificialDataset12,4,kDN_importances_norm,81,83,SVM-rbf,0.8466666666666667,0.8382411983774279
ArtificialDataset12,4,kDN_importances_norm,81,83,KNN,0.79,0.7784027664405824
ArtificialDataset12,4,kDN_importances_norm,82,83,SVM-rbf,0.8483333333333334,0.839876793733212
ArtificialDataset12,4,kDN_importances_norm,82,83,KNN,0.785,0.7724168929675064
ArtificialDataset12,4,kDN_importances_norm,83,83,SVM-rbf,0.8466666666666667,0.837956285365583
ArtificialDataset12,4,kDN_importances_norm,83,83,KNN,0.79,0.7784027664405824
ArtificialDataset12,5,kDN_importances_norm,1,82,SVM-rbf,0.645,0.5924724750458543
ArtificialDataset12,5,kDN_importances_norm,1,82,KNN,0.6183333333333333,0.5853858504423871
ArtificialDataset12,5,kDN_importances_norm,2,82,SVM-rbf,0.7283333333333334,0.6844262113512819
ArtificialDataset12,5,kDN_importances_norm,2,82,KNN,0.665,0.647506362106022
ArtificialDataset12,5,kDN_importances_norm,3,82,SVM-rbf,0.7183333333333334,0.6720721775264611
ArtificialDataset12,5,kDN_importances_norm,3,82,KNN,0.68,0.6607009823455015
ArtificialDataset12,5,kDN_importances_norm,4,82,SVM-rbf,0.7216666666666667,0.6783762025699303
ArtificialDataset12,5,kDN_importances_norm,4,82,KNN,0.6483333333333333,0.6239582903821397
ArtificialDataset12,5,kDN_importances_norm,5,82,SVM-rbf,0.735,0.6966003349040072
ArtificialDataset12,5,kDN_importances_norm,5,82,KNN,0.7066666666666667,0.683667932718394
ArtificialDataset12,5,kDN_importances_norm,6,82,SVM-rbf,0.7366666666666667,0.6981291928902414
ArtificialDataset12,5,kDN_importances_norm,6,82,KNN,0.6966666666666667,0.6781895093062607
ArtificialDataset12,5,kDN_importances_norm,7,82,SVM-rbf,0.79,0.7692272024729523
ArtificialDataset12,5,kDN_importances_norm,7,82,KNN,0.7533333333333333,0.7390096599509979
ArtificialDataset12,5,kDN_importances_norm,8,82,SVM-rbf,0.805,0.7863631723997143
ArtificialDataset12,5,kDN_importances_norm,8,82,KNN,0.7633333333333333,0.7457107555638968
ArtificialDataset12,5,kDN_importances_norm,9,82,SVM-rbf,0.795,0.7756804600250046
ArtificialDataset12,5,kDN_importances_norm,9,82,KNN,0.76,0.7431428079673296
ArtificialDataset12,5,kDN_importances_norm,10,82,SVM-rbf,0.8216666666666667,0.8080211081794196
ArtificialDataset12,5,kDN_importances_norm,10,82,KNN,0.7816666666666666,0.7655706867013382
ArtificialDataset12,5,kDN_importances_norm,11,82,SVM-rbf,0.8366666666666667,0.8252982954545455
ArtificialDataset12,5,kDN_importances_norm,11,82,KNN,0.8,0.7867014264342107
ArtificialDataset12,5,kDN_importances_norm,12,82,SVM-rbf,0.8383333333333334,0.8272756558894644
ArtificialDataset12,5,kDN_importances_norm,12,82,KNN,0.8066666666666666,0.7926735598227475
ArtificialDataset12,5,kDN_importances_norm,13,82,SVM-rbf,0.8466666666666667,0.8370682322098423
ArtificialDataset12,5,kDN_importances_norm,13,82,KNN,0.8133333333333334,0.8015222822613445
ArtificialDataset12,5,kDN_importances_norm,14,82,SVM-rbf,0.8616666666666667,0.8538249551197545
ArtificialDataset12,5,kDN_importances_norm,14,82,KNN,0.825,0.8128234400152694
ArtificialDataset12,5,kDN_importances_norm,15,82,SVM-rbf,0.8483333333333334,0.8387081048141378
ArtificialDataset12,5,kDN_importances_norm,15,82,KNN,0.83,0.8191309054136816
ArtificialDataset12,5,kDN_importances_norm,16,82,SVM-rbf,0.8516666666666667,0.842871900469529
ArtificialDataset12,5,kDN_importances_norm,16,82,KNN,0.845,0.8366074677293597
ArtificialDataset12,5,kDN_importances_norm,17,82,SVM-rbf,0.8466666666666667,0.8370682322098423
ArtificialDataset12,5,kDN_importances_norm,17,82,KNN,0.845,0.8371627198602012
ArtificialDataset12,5,kDN_importances_norm,18,82,SVM-rbf,0.8516666666666667,0.8425847406294672
ArtificialDataset12,5,kDN_importances_norm,18,82,KNN,0.8533333333333334,0.8450704225352113
ArtificialDataset12,5,kDN_importances_norm,19,82,SVM-rbf,0.87,0.8628241065171688
ArtificialDataset12,5,kDN_importances_norm,19,82,KNN,0.8466666666666667,0.8407979180008449
ArtificialDataset12,5,kDN_importances_norm,20,82,SVM-rbf,0.875,0.8682541966266382
ArtificialDataset12,5,kDN_importances_norm,20,82,KNN,0.8466666666666667,0.8390633608815428
ArtificialDataset12,5,kDN_importances_norm,21,82,SVM-rbf,0.88,0.8740841823553572
ArtificialDataset12,5,kDN_importances_norm,21,82,KNN,0.8433333333333334,0.8355325034578146
ArtificialDataset12,5,kDN_importances_norm,22,82,SVM-rbf,0.88,0.8738786559796168
ArtificialDataset12,5,kDN_importances_norm,22,82,KNN,0.845,0.8374322073927989
ArtificialDataset12,5,kDN_importances_norm,23,82,SVM-rbf,0.8833333333333333,0.8772027379486568
ArtificialDataset12,5,kDN_importances_norm,23,82,KNN,0.8383333333333334,0.8300906466452385
ArtificialDataset12,5,kDN_importances_norm,24,82,SVM-rbf,0.885,0.8788677261621775
ArtificialDataset12,5,kDN_importances_norm,24,82,KNN,0.8466666666666667,0.838520647907568
ArtificialDataset12,5,kDN_importances_norm,25,82,SVM-rbf,0.89,0.8844549937054134
ArtificialDataset12,5,kDN_importances_norm,25,82,KNN,0.8466666666666667,0.8390633608815428
ArtificialDataset12,5,kDN_importances_norm,26,82,SVM-rbf,0.8916666666666667,0.8863082802880954
ArtificialDataset12,5,kDN_importances_norm,26,82,KNN,0.8566666666666667,0.849398329222257
ArtificialDataset12,5,kDN_importances_norm,27,82,SVM-rbf,0.8916666666666667,0.8863082802880954
ArtificialDataset12,5,kDN_importances_norm,27,82,KNN,0.86,0.8531707317073169
ArtificialDataset12,5,kDN_importances_norm,28,82,SVM-rbf,0.8916666666666667,0.8863082802880954
ArtificialDataset12,5,kDN_importances_norm,28,82,KNN,0.865,0.858792587442184
ArtificialDataset12,5,kDN_importances_norm,29,82,SVM-rbf,0.8933333333333333,0.8881571225498507
ArtificialDataset12,5,kDN_importances_norm,29,82,KNN,0.8666666666666667,0.8604382774862787
ArtificialDataset12,5,kDN_importances_norm,30,82,SVM-rbf,0.8916666666666667,0.8863082802880954
ArtificialDataset12,5,kDN_importances_norm,30,82,KNN,0.8633333333333333,0.8569234293105538
ArtificialDataset12,5,kDN_importances_norm,31,82,SVM-rbf,0.8933333333333333,0.8881571225498507
ArtificialDataset12,5,kDN_importances_norm,31,82,KNN,0.86,0.8529296000217157
ArtificialDataset12,5,kDN_importances_norm,32,82,SVM-rbf,0.8933333333333333,0.8881571225498507
ArtificialDataset12,5,kDN_importances_norm,32,82,KNN,0.8633333333333333,0.8564592654672273
ArtificialDataset12,5,kDN_importances_norm,33,82,SVM-rbf,0.8933333333333333,0.8881571225498507
ArtificialDataset12,5,kDN_importances_norm,33,82,KNN,0.8666666666666667,0.8599873450100297
ArtificialDataset12,5,kDN_importances_norm,34,82,SVM-rbf,0.895,0.8898267827310297
ArtificialDataset12,5,kDN_importances_norm,34,82,KNN,0.8583333333333333,0.8510400822129439
ArtificialDataset12,5,kDN_importances_norm,35,82,SVM-rbf,0.895,0.8898267827310297
ArtificialDataset12,5,kDN_importances_norm,35,82,KNN,0.8533333333333334,0.846120218579235
ArtificialDataset12,5,kDN_importances_norm,36,82,SVM-rbf,0.8916666666666667,0.8863082802880954
ArtificialDataset12,5,kDN_importances_norm,36,82,KNN,0.8483333333333334,0.840696246719792
ArtificialDataset12,5,kDN_importances_norm,37,82,SVM-rbf,0.8916666666666667,0.8863082802880954
ArtificialDataset12,5,kDN_importances_norm,37,82,KNN,0.8483333333333334,0.840696246719792
ArtificialDataset12,5,kDN_importances_norm,38,82,SVM-rbf,0.8933333333333333,0.8879774282877894
ArtificialDataset12,5,kDN_importances_norm,38,82,KNN,0.8566666666666667,0.849398329222257
ArtificialDataset12,5,kDN_importances_norm,39,82,SVM-rbf,0.8933333333333333,0.8879774282877894
ArtificialDataset12,5,kDN_importances_norm,39,82,KNN,0.855,0.8477583836757527
ArtificialDataset12,5,kDN_importances_norm,40,82,SVM-rbf,0.8933333333333333,0.8879774282877894
ArtificialDataset12,5,kDN_importances_norm,40,82,KNN,0.855,0.8477583836757527
ArtificialDataset12,5,kDN_importances_norm,41,82,SVM-rbf,0.8933333333333333,0.8879774282877894
ArtificialDataset12,5,kDN_importances_norm,41,82,KNN,0.855,0.8477583836757527
ArtificialDataset12,5,kDN_importances_norm,42,82,SVM-rbf,0.8933333333333333,0.8879774282877894
ArtificialDataset12,5,kDN_importances_norm,42,82,KNN,0.8566666666666667,0.8501274818270588
ArtificialDataset12,5,kDN_importances_norm,43,82,SVM-rbf,0.8933333333333333,0.8879774282877894
ArtificialDataset12,5,kDN_importances_norm,43,82,KNN,0.8566666666666667,0.8503608617351153
ArtificialDataset12,5,kDN_importances_norm,44,82,SVM-rbf,0.8933333333333333,0.8879774282877894
ArtificialDataset12,5,kDN_importances_norm,44,82,KNN,0.8583333333333333,0.8522268094831399
ArtificialDataset12,5,kDN_importances_norm,45,82,SVM-rbf,0.8933333333333333,0.8879774282877894
ArtificialDataset12,5,kDN_importances_norm,45,82,KNN,0.855,0.8480072469937577
ArtificialDataset12,5,kDN_importances_norm,46,82,SVM-rbf,0.8916666666666667,0.8861236185018421
ArtificialDataset12,5,kDN_importances_norm,46,82,KNN,0.855,0.8480072469937577
ArtificialDataset12,5,kDN_importances_norm,47,82,SVM-rbf,0.8916666666666667,0.8861236185018421
ArtificialDataset12,5,kDN_importances_norm,47,82,KNN,0.855,0.8480072469937577
ArtificialDataset12,5,kDN_importances_norm,48,82,SVM-rbf,0.8916666666666667,0.8861236185018421
ArtificialDataset12,5,kDN_importances_norm,48,82,KNN,0.855,0.8480072469937577
ArtificialDataset12,5,kDN_importances_norm,49,82,SVM-rbf,0.89,0.8844549937054134
ArtificialDataset12,5,kDN_importances_norm,49,82,KNN,0.8583333333333333,0.851529139632138
ArtificialDataset12,5,kDN_importances_norm,50,82,SVM-rbf,0.8866666666666667,0.8811235689217786
ArtificialDataset12,5,kDN_importances_norm,50,82,KNN,0.8583333333333333,0.851529139632138
ArtificialDataset12,5,kDN_importances_norm,51,82,SVM-rbf,0.8866666666666667,0.8807347918397489
ArtificialDataset12,5,kDN_importances_norm,51,82,KNN,0.8516666666666667,0.8444838068793833
ArtificialDataset12,5,kDN_importances_norm,52,82,SVM-rbf,0.885,0.8788677261621775
ArtificialDataset12,5,kDN_importances_norm,52,82,KNN,0.8433333333333334,0.8343964124561307
ArtificialDataset12,5,kDN_importances_norm,53,82,SVM-rbf,0.8883333333333333,0.8824023367394318
ArtificialDataset12,5,kDN_importances_norm,53,82,KNN,0.8466666666666667,0.8376658562000695
ArtificialDataset12,5,kDN_importances_norm,54,82,SVM-rbf,0.885,0.8786623349527585
ArtificialDataset12,5,kDN_importances_norm,54,82,KNN,0.835,0.8256447933181237
ArtificialDataset12,5,kDN_importances_norm,55,82,SVM-rbf,0.885,0.8786623349527585
ArtificialDataset12,5,kDN_importances_norm,55,82,KNN,0.8383333333333334,0.8298014099786863
ArtificialDataset12,5,kDN_importances_norm,56,82,SVM-rbf,0.8816666666666667,0.8749029939481546
ArtificialDataset12,5,kDN_importances_norm,56,82,KNN,0.83,0.8201376692538668
ArtificialDataset12,5,kDN_importances_norm,57,82,SVM-rbf,0.8816666666666667,0.8749029939481546
ArtificialDataset12,5,kDN_importances_norm,57,82,KNN,0.8133333333333334,0.8003477549350516
ArtificialDataset12,5,kDN_importances_norm,58,82,SVM-rbf,0.88,0.873015873015873
ArtificialDataset12,5,kDN_importances_norm,58,82,KNN,0.8183333333333334,0.8051863904571579
ArtificialDataset12,5,kDN_importances_norm,59,82,SVM-rbf,0.8783333333333333,0.8711236771844255
ArtificialDataset12,5,kDN_importances_norm,59,82,KNN,0.81,0.7979254201680671
ArtificialDataset12,5,kDN_importances_norm,60,82,SVM-rbf,0.8783333333333333,0.8717936754967992
ArtificialDataset12,5,kDN_importances_norm,60,82,KNN,0.8033333333333333,0.791522491349481
ArtificialDataset12,5,kDN_importances_norm,61,82,SVM-rbf,0.8833333333333333,0.8767851212221852
ArtificialDataset12,5,kDN_importances_norm,61,82,KNN,0.8183333333333334,0.8063536861148801
ArtificialDataset12,5,kDN_importances_norm,62,82,SVM-rbf,0.8816666666666667,0.8749029939481546
ArtificialDataset12,5,kDN_importances_norm,62,82,KNN,0.8183333333333334,0.8051863904571579
ArtificialDataset12,5,kDN_importances_norm,63,82,SVM-rbf,0.88,0.873015873015873
ArtificialDataset12,5,kDN_importances_norm,63,82,KNN,0.8183333333333334,0.8067285156602663
ArtificialDataset12,5,kDN_importances_norm,64,82,SVM-rbf,0.875,0.8675629223271255
ArtificialDataset12,5,kDN_importances_norm,64,82,KNN,0.8,0.7853949329359166
ArtificialDataset12,5,kDN_importances_norm,65,82,SVM-rbf,0.8783333333333333,0.8711236771844255
ArtificialDataset12,5,kDN_importances_norm,65,82,KNN,0.805,0.7906371911573473
ArtificialDataset12,5,kDN_importances_norm,66,82,SVM-rbf,0.88,0.873015873015873
ArtificialDataset12,5,kDN_importances_norm,66,82,KNN,0.8266666666666667,0.8158871566443949
ArtificialDataset12,5,kDN_importances_norm,67,82,SVM-rbf,0.88,0.873015873015873
ArtificialDataset12,5,kDN_importances_norm,67,82,KNN,0.8216666666666667,0.8092043156984797
ArtificialDataset12,5,kDN_importances_norm,68,82,SVM-rbf,0.8783333333333333,0.871351228435087
ArtificialDataset12,5,kDN_importances_norm,68,82,KNN,0.815,0.8023566166965858
ArtificialDataset12,5,kDN_importances_norm,69,82,SVM-rbf,0.8783333333333333,0.871351228435087
ArtificialDataset12,5,kDN_importances_norm,69,82,KNN,0.8166666666666667,0.8058469252492653
ArtificialDataset12,5,kDN_importances_norm,70,82,SVM-rbf,0.8783333333333333,0.871351228435087
ArtificialDataset12,5,kDN_importances_norm,70,82,KNN,0.815,0.8031308145122972
ArtificialDataset12,5,kDN_importances_norm,71,82,SVM-rbf,0.8766666666666667,0.8699133736163841
ArtificialDataset12,5,kDN_importances_norm,71,82,KNN,0.8083333333333333,0.7947025717850845
ArtificialDataset12,5,kDN_importances_norm,72,82,SVM-rbf,0.8766666666666667,0.8699133736163841
ArtificialDataset12,5,kDN_importances_norm,72,82,KNN,0.8116666666666666,0.7983318613744553
ArtificialDataset12,5,kDN_importances_norm,73,82,SVM-rbf,0.8733333333333333,0.8663695908944485
ArtificialDataset12,5,kDN_importances_norm,73,82,KNN,0.8066666666666666,0.7943262411347517
ArtificialDataset12,5,kDN_importances_norm,74,82,SVM-rbf,0.8783333333333333,0.8720086500873326
ArtificialDataset12,5,kDN_importances_norm,74,82,KNN,0.8016666666666666,0.7882977346278317
ArtificialDataset12,5,kDN_importances_norm,75,82,SVM-rbf,0.8733333333333333,0.8663695908944485
ArtificialDataset12,5,kDN_importances_norm,75,82,KNN,0.805,0.7914961757142173
ArtificialDataset12,5,kDN_importances_norm,76,82,SVM-rbf,0.875,0.8680281137823896
ArtificialDataset12,5,kDN_importances_norm,76,82,KNN,0.8083333333333333,0.7967079629244894
ArtificialDataset12,5,kDN_importances_norm,77,82,SVM-rbf,0.8716666666666667,0.864242395639144
ArtificialDataset12,5,kDN_importances_norm,77,82,KNN,0.7983333333333333,0.7837988055759681
ArtificialDataset12,5,kDN_importances_norm,78,82,SVM-rbf,0.8683333333333333,0.8609300612584851
ArtificialDataset12,5,kDN_importances_norm,78,82,KNN,0.8,0.7875322759129473
ArtificialDataset12,5,kDN_importances_norm,79,82,SVM-rbf,0.8666666666666667,0.8590308370044052
ArtificialDataset12,5,kDN_importances_norm,79,82,KNN,0.8033333333333333,0.7911274329783328
ArtificialDataset12,5,kDN_importances_norm,80,82,SVM-rbf,0.8666666666666667,0.8590308370044052
ArtificialDataset12,5,kDN_importances_norm,80,82,KNN,0.8016666666666666,0.7906944429208216
ArtificialDataset12,5,kDN_importances_norm,81,82,SVM-rbf,0.87,0.8623417721518987
ArtificialDataset12,5,kDN_importances_norm,81,82,KNN,0.8066666666666666,0.7954860048666054
ArtificialDataset12,5,kDN_importances_norm,82,82,SVM-rbf,0.87,0.862585217684779
ArtificialDataset12,5,kDN_importances_norm,82,82,KNN,0.8233333333333334,0.8136671601002049
